docker compose --profile core up --build -d --remove-orphans
 Image anthropos-sentinel Building 
 Image anthropos-backend Building 
 Image anthropos-postgresql Building 
#1 [internal] load local bake definitions
#1 reading from stdin 1.95kB done
#1 DONE 0.0s

#2 [backend internal] load build definition from Dockerfile.dev
#2 transferring dockerfile: 1.65kB done
#2 DONE 0.0s

#3 [postgresql internal] load build definition from Dockerfile
#3 transferring dockerfile: 916B done
#3 WARN: FromAsCasing: 'as' and 'FROM' keywords' casing do not match (line 2)
#3 DONE 0.0s

#4 [sentinel internal] load build definition from Dockerfile.dev
#4 transferring dockerfile: 845B done
#4 DONE 0.0s

#5 [sentinel internal] load metadata for docker.io/library/golang:1.26-bookworm
#5 ...

#6 [auth] library/alpine:pull token for registry-1.docker.io
#6 DONE 0.0s

#7 [auth] bitnamilegacy/postgresql:pull token for registry-1.docker.io
#7 DONE 0.0s

#8 [auth] library/python:pull token for registry-1.docker.io
#8 DONE 0.0s

#9 [auth] library/golang:pull token for registry-1.docker.io
#9 DONE 0.0s

#10 [sentinel internal] load metadata for docker.io/library/alpine:latest
#10 ...

#11 [postgresql internal] load metadata for docker.io/bitnamilegacy/postgresql:15
#11 DONE 1.0s

#12 [postgresql internal] load .dockerignore
#12 transferring context: 2B done
#12 DONE 0.0s

#13 [postgresql build 1/2] FROM docker.io/bitnamilegacy/postgresql:15@sha256:e989bcc1772cd82ef46bd03d3e6bf7ea35011b39a7826d828886cb9c45aec819
#13 resolve docker.io/bitnamilegacy/postgresql:15@sha256:e989bcc1772cd82ef46bd03d3e6bf7ea35011b39a7826d828886cb9c45aec819 done
#13 DONE 0.0s

#14 [postgresql stage-1 4/5] COPY --from=build     /tmp/pgvector/vector.control     /opt/bitnami/postgresql/share/extension/
#14 CACHED

#15 [postgresql build 2/2] RUN set -e;     install_packages build-essential git ;     git clone --branch v0.4.4 https://github.com/pgvector/pgvector.git /tmp/pgvector ;     cd /tmp/pgvector ;     make OPTFLAGS="" ;     make install ;     :
#15 CACHED

#16 [postgresql stage-1 2/5] COPY --from=build     /tmp/pgvector/README.md     /tmp/pgvector/LICENSE     /usr/share/doc/pgvector/
#16 CACHED

#17 [postgresql stage-1 3/5] COPY --from=build     /tmp/pgvector/vector.so     /opt/bitnami/postgresql/lib/
#17 CACHED

#18 [postgresql stage-1 5/5] COPY --from=build     /tmp/pgvector/sql/*.sql     /opt/bitnami/postgresql/share/extension/
#18 CACHED

#10 [sentinel internal] load metadata for docker.io/library/alpine:latest
#10 DONE 1.0s

#19 [postgresql] exporting to image
#19 exporting layers done
#19 exporting manifest sha256:b62598e96233d266af521452b07a419f5a328910f0274fdda0783cde7f3d78ff done
#19 exporting config sha256:f1fb2b3e4f3760a0bb02e8d0ae5e270dec5870c915a78ccd8e4d27d928827056 done
#19 exporting attestation manifest sha256:8fe95203a77adf954074d84538490de5c7fd76a5327570089f3f0c0c20a6a3de done
#19 exporting manifest list sha256:7f74d2a4ed1a9b4ab67bb11ffa7cac94b7000695377a4f1a83d6ab7b3f1acf8d done
#19 naming to docker.io/library/anthropos-postgresql:latest done
#19 unpacking to docker.io/library/anthropos-postgresql:latest done
#19 DONE 0.0s

#20 [postgresql] resolving provenance for metadata file
#20 DONE 0.0s

#21 [backend internal] load metadata for docker.io/library/python:3.11-slim
#21 DONE 1.4s

#5 [sentinel internal] load metadata for docker.io/library/golang:1.26-bookworm
#5 DONE 1.7s

#22 [sentinel internal] load .dockerignore
#22 transferring context: 52B done
#22 DONE 0.0s

#23 [backend internal] load .dockerignore
#23 transferring context: 52B done
#23 DONE 0.0s

#24 [backend build 1/9] FROM docker.io/library/golang:1.26-bookworm@sha256:6c5605ab3a9a9fb3c4eafe5b3d63cdbf3881caf113262b67862547b54a9db599
#24 resolve docker.io/library/golang:1.26-bookworm@sha256:6c5605ab3a9a9fb3c4eafe5b3d63cdbf3881caf113262b67862547b54a9db599 done
#24 DONE 0.0s

#25 [sentinel stage-1 1/3] FROM docker.io/library/alpine:latest@sha256:28bd5fe8b56d1bd048e5babf5b10710ebe0bae67db86916198a6eec434943f8b
#25 resolve docker.io/library/alpine:latest@sha256:28bd5fe8b56d1bd048e5babf5b10710ebe0bae67db86916198a6eec434943f8b done
#25 DONE 0.0s

#26 [backend stage-1 1/6] FROM docker.io/library/python:3.11-slim@sha256:90744cff8f32887f075c47d747a173ff333e9e98801667af93c357fa9f5e28ff
#26 resolve docker.io/library/python:3.11-slim@sha256:90744cff8f32887f075c47d747a173ff333e9e98801667af93c357fa9f5e28ff done
#26 CACHED

#27 [sentinel internal] load build context
#27 transferring context: 145.69kB done
#27 DONE 0.0s

#28 [sentinel build 6/9] RUN export GOPRIVATE=github.com/anthropos-work/*
#28 CACHED

#29 [sentinel build 5/9] RUN git config --global url."https://x-access-token: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@github.com/".insteadOf "https://github.com/"
#29 CACHED

#30 [sentinel stage-1 2/3] WORKDIR /app
#30 CACHED

#31 [sentinel build 4/9] COPY go.sum ./
#31 CACHED

#32 [sentinel build 2/9] WORKDIR /build
#32 CACHED

#33 [sentinel build 9/9] RUN --mount=type=cache,target=/go/pkg/mod     --mount=type=cache,target=/root/.cache/go-build     CGO_ENABLED=0 GOOS=linux go build -buildvcs=false -ldflags "-X main.Version=dev -X main.BuildDate=$(date -u +'%Y-%m-%dT%H:%M:%SZ')" -o ant-sentinel
#33 CACHED

#34 [sentinel build 3/9] COPY go.mod ./
#34 CACHED

#35 [sentinel build 8/9] COPY . ./
#35 CACHED

#36 [sentinel build 7/9] RUN --mount=type=cache,target=/go/pkg/mod     go mod download -x
#36 CACHED

#37 [sentinel stage-1 3/3] COPY --from=build /build/ant-sentinel ./
#37 CACHED

#38 [sentinel] exporting to image
#38 exporting layers done
#38 exporting manifest sha256:3ca04df9039879133055eb5b1bad99dd378943519b09efeb7b986d42ac85de9f done
#38 exporting config sha256:786d524399613aefe7a3f9fa3f1557877d66a7ea290f5796874a981fb34a4333 0.0s done
#38 exporting attestation manifest sha256:0b44a4be020e4f1ececd7d76edbbd6b22c001317520d6d65a80b33c6917219f2 0.0s done
#38 exporting manifest list sha256:09f640a07009471f5fb3a18b28c68ff09625cf9f761385ad007e116eff9c4e9b
#38 exporting manifest list sha256:09f640a07009471f5fb3a18b28c68ff09625cf9f761385ad007e116eff9c4e9b 0.0s done
#38 naming to docker.io/library/anthropos-sentinel:latest done
#38 unpacking to docker.io/library/anthropos-sentinel:latest done
#38 DONE 0.1s

#39 [backend internal] load build context
#39 ...

#40 [sentinel] resolving provenance for metadata file
#40 DONE 0.0s

#39 [backend internal] load build context
#39 transferring context: 57.85MB 0.7s done
#39 DONE 0.7s

#24 [backend build 1/9] FROM docker.io/library/golang:1.26-bookworm@sha256:6c5605ab3a9a9fb3c4eafe5b3d63cdbf3881caf113262b67862547b54a9db599
#24 sha256:6689a918450c5ccb9b7136467a45cfb17d82154e18a7b31c4b52e2981f3b0c73 0B / 86.63MB 0.2s
#24 sha256:6689a918450c5ccb9b7136467a45cfb17d82154e18a7b31c4b52e2981f3b0c73 10.49MB / 86.63MB 0.3s
#24 sha256:225a0a6c500bfb3b4e92e3971bd6e5d097e6b511817e446098aa783c771a70e9 0B / 23.61MB 0.2s
#24 sha256:1495f32848f0733a59a47533c2240cab838dac0db0bd25df8044bbfe2d52a99b 0B / 126B 0.2s
#24 sha256:2c9a098bd6416b43625806c3a6a005297e2cd5b9b5664e389da30661f6acfb30 0B / 64.50MB 0.2s
#24 sha256:6689a918450c5ccb9b7136467a45cfb17d82154e18a7b31c4b52e2981f3b0c73 23.07MB / 86.63MB 0.5s
#24 sha256:6689a918450c5ccb9b7136467a45cfb17d82154e18a7b31c4b52e2981f3b0c73 37.75MB / 86.63MB 0.6s
#24 sha256:1495f32848f0733a59a47533c2240cab838dac0db0bd25df8044bbfe2d52a99b 126B / 126B 0.5s done
#24 sha256:6689a918450c5ccb9b7136467a45cfb17d82154e18a7b31c4b52e2981f3b0c73 46.14MB / 86.63MB 0.8s
#24 sha256:225a0a6c500bfb3b4e92e3971bd6e5d097e6b511817e446098aa783c771a70e9 3.15MB / 23.61MB 0.6s
#24 sha256:c6cbf97176c58c741329cd787e932a1e47931b35f5dc0f23db3e6e82924fef0f 0B / 48.38MB 0.2s
#24 sha256:6689a918450c5ccb9b7136467a45cfb17d82154e18a7b31c4b52e2981f3b0c73 57.67MB / 86.63MB 0.9s
#24 sha256:225a0a6c500bfb3b4e92e3971bd6e5d097e6b511817e446098aa783c771a70e9 6.29MB / 23.61MB 0.8s
#24 sha256:6689a918450c5ccb9b7136467a45cfb17d82154e18a7b31c4b52e2981f3b0c73 67.11MB / 86.63MB 1.1s
#24 sha256:225a0a6c500bfb3b4e92e3971bd6e5d097e6b511817e446098aa783c771a70e9 9.44MB / 23.61MB 0.9s
#24 sha256:2c9a098bd6416b43625806c3a6a005297e2cd5b9b5664e389da30661f6acfb30 5.24MB / 64.50MB 0.9s
#24 sha256:6689a918450c5ccb9b7136467a45cfb17d82154e18a7b31c4b52e2981f3b0c73 75.50MB / 86.63MB 1.2s
#24 sha256:225a0a6c500bfb3b4e92e3971bd6e5d097e6b511817e446098aa783c771a70e9 11.53MB / 23.61MB 1.1s
#24 sha256:c6cbf97176c58c741329cd787e932a1e47931b35f5dc0f23db3e6e82924fef0f 4.19MB / 48.38MB 0.6s
#24 sha256:6689a918450c5ccb9b7136467a45cfb17d82154e18a7b31c4b52e2981f3b0c73 85.98MB / 86.63MB 1.4s
#24 sha256:225a0a6c500bfb3b4e92e3971bd6e5d097e6b511817e446098aa783c771a70e9 14.68MB / 23.61MB 1.2s
#24 sha256:2c9a098bd6416b43625806c3a6a005297e2cd5b9b5664e389da30661f6acfb30 11.53MB / 64.50MB 1.2s
#24 sha256:6689a918450c5ccb9b7136467a45cfb17d82154e18a7b31c4b52e2981f3b0c73 86.63MB / 86.63MB 1.4s done
#24 sha256:225a0a6c500bfb3b4e92e3971bd6e5d097e6b511817e446098aa783c771a70e9 22.35MB / 23.61MB 1.5s
#24 sha256:c6cbf97176c58c741329cd787e932a1e47931b35f5dc0f23db3e6e82924fef0f 11.53MB / 48.38MB 0.9s
#24 sha256:225a0a6c500bfb3b4e92e3971bd6e5d097e6b511817e446098aa783c771a70e9 23.61MB / 23.61MB 1.5s done
#24 sha256:2c9a098bd6416b43625806c3a6a005297e2cd5b9b5664e389da30661f6acfb30 20.97MB / 64.50MB 1.7s
#24 sha256:c6cbf97176c58c741329cd787e932a1e47931b35f5dc0f23db3e6e82924fef0f 18.87MB / 48.38MB 1.1s
#24 sha256:2c9a098bd6416b43625806c3a6a005297e2cd5b9b5664e389da30661f6acfb30 28.31MB / 64.50MB 1.8s
#24 sha256:c6cbf97176c58c741329cd787e932a1e47931b35f5dc0f23db3e6e82924fef0f 27.26MB / 48.38MB 1.2s
#24 sha256:2c9a098bd6416b43625806c3a6a005297e2cd5b9b5664e389da30661f6acfb30 36.70MB / 64.50MB 2.0s
#24 sha256:c6cbf97176c58c741329cd787e932a1e47931b35f5dc0f23db3e6e82924fef0f 35.65MB / 48.38MB 1.4s
#24 sha256:2c9a098bd6416b43625806c3a6a005297e2cd5b9b5664e389da30661f6acfb30 42.99MB / 64.50MB 2.1s
#24 sha256:c6cbf97176c58c741329cd787e932a1e47931b35f5dc0f23db3e6e82924fef0f 44.04MB / 48.38MB 1.5s
#24 sha256:2c9a098bd6416b43625806c3a6a005297e2cd5b9b5664e389da30661f6acfb30 57.67MB / 64.50MB 2.3s
#24 sha256:c6cbf97176c58c741329cd787e932a1e47931b35f5dc0f23db3e6e82924fef0f 48.38MB / 48.38MB 1.6s done
#24 extracting sha256:c6cbf97176c58c741329cd787e932a1e47931b35f5dc0f23db3e6e82924fef0f
#24 sha256:2c9a098bd6416b43625806c3a6a005297e2cd5b9b5664e389da30661f6acfb30 64.50MB / 64.50MB 2.3s done
#24 extracting sha256:c6cbf97176c58c741329cd787e932a1e47931b35f5dc0f23db3e6e82924fef0f 0.7s done
#24 DONE 2.9s

#41 [backend stage-1 2/6] RUN apt-get update && apt-get install -y --no-install-recommends poppler-utils ffmpeg wget 	&& rm -rf /var/lib/apt/lists/*
#41 0.398 Hit:1 http://deb.debian.org/debian trixie InRelease
#41 0.416 Get:2 http://deb.debian.org/debian trixie-updates InRelease [47.3 kB]
#41 0.434 Get:3 http://deb.debian.org/debian-security trixie-security InRelease [43.4 kB]
#41 0.485 Get:4 http://deb.debian.org/debian trixie/main arm64 Packages [9607 kB]
#41 ...

#24 [backend build 1/9] FROM docker.io/library/golang:1.26-bookworm@sha256:6c5605ab3a9a9fb3c4eafe5b3d63cdbf3881caf113262b67862547b54a9db599
#24 extracting sha256:225a0a6c500bfb3b4e92e3971bd6e5d097e6b511817e446098aa783c771a70e9 0.2s done
#24 DONE 3.1s

#24 [backend build 1/9] FROM docker.io/library/golang:1.26-bookworm@sha256:6c5605ab3a9a9fb3c4eafe5b3d63cdbf3881caf113262b67862547b54a9db599
#24 extracting sha256:2c9a098bd6416b43625806c3a6a005297e2cd5b9b5664e389da30661f6acfb30
#24 extracting sha256:2c9a098bd6416b43625806c3a6a005297e2cd5b9b5664e389da30661f6acfb30 0.8s done
#24 DONE 3.9s

#41 [backend stage-1 2/6] RUN apt-get update && apt-get install -y --no-install-recommends poppler-utils ffmpeg wget 	&& rm -rf /var/lib/apt/lists/*
#41 ...

#24 [backend build 1/9] FROM docker.io/library/golang:1.26-bookworm@sha256:6c5605ab3a9a9fb3c4eafe5b3d63cdbf3881caf113262b67862547b54a9db599
#24 extracting sha256:6689a918450c5ccb9b7136467a45cfb17d82154e18a7b31c4b52e2981f3b0c73
#24 extracting sha256:6689a918450c5ccb9b7136467a45cfb17d82154e18a7b31c4b52e2981f3b0c73 0.9s done
#24 DONE 4.7s

#41 [backend stage-1 2/6] RUN apt-get update && apt-get install -y --no-install-recommends poppler-utils ffmpeg wget 	&& rm -rf /var/lib/apt/lists/*
#41 ...

#24 [backend build 1/9] FROM docker.io/library/golang:1.26-bookworm@sha256:6c5605ab3a9a9fb3c4eafe5b3d63cdbf3881caf113262b67862547b54a9db599
#24 extracting sha256:9e4d5c89bdd324edeb5721c09064e2659473bba39ae9d84fae53c9cc0181cf15
#24 extracting sha256:9e4d5c89bdd324edeb5721c09064e2659473bba39ae9d84fae53c9cc0181cf15 1.7s done
#24 DONE 6.4s

#41 [backend stage-1 2/6] RUN apt-get update && apt-get install -y --no-install-recommends poppler-utils ffmpeg wget 	&& rm -rf /var/lib/apt/lists/*
#41 6.116 Get:5 http://deb.debian.org/debian trixie-updates/main arm64 Packages [4424 B]
#41 6.132 Get:6 http://deb.debian.org/debian-security trixie-security/main arm64 Packages [238 kB]
#41 6.778 Fetched 9941 kB in 6s (1539 kB/s)
#41 6.778 Reading package lists...#41 ...

#24 [backend build 1/9] FROM docker.io/library/golang:1.26-bookworm@sha256:6c5605ab3a9a9fb3c4eafe5b3d63cdbf3881caf113262b67862547b54a9db599
#24 extracting sha256:1495f32848f0733a59a47533c2240cab838dac0db0bd25df8044bbfe2d52a99b done
#24 extracting sha256:4f4fb700ef54461cfa02571ae0db9a0dc1e0cdb5577484a6d75e68dc38e8acc1 done
#24 DONE 6.4s

#41 [backend stage-1 2/6] RUN apt-get update && apt-get install -y --no-install-recommends poppler-utils ffmpeg wget 	&& rm -rf /var/lib/apt/lists/*
#41 6.778 Reading package lists...
#41 7.432 Reading package lists...
#41 ...

#32 [backend build 2/9] WORKDIR /build
#32 DONE 0.3s

#42 [backend build 3/8] COPY go.mod ./
#42 DONE 0.0s

#43 [backend build 4/8] COPY go.sum ./
#43 DONE 0.0s

#44 [backend build 5/8] RUN git config --global url."https://x-access-token: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@github.com/".insteadOf "https://github.com/"
#44 DONE 0.1s

#45 [backend build 6/8] RUN --mount=type=cache,target=/go/pkg/mod     go mod download -x
#45 0.123 mkdir -p /go/pkg/mod/cache/vcs # git3 https://github.com/anthropos-work/colony
#45 0.124 # lock /go/pkg/mod/cache/vcs/afa7e2fcb563e457e4e51e4a9e50c2e842dfbe06e854b9ed4c8d7010356207d1.lock
#45 0.125 mkdir -p /go/pkg/mod/cache/vcs/afa7e2fcb563e457e4e51e4a9e50c2e842dfbe06e854b9ed4c8d7010356207d1 # git3 https://github.com/anthropos-work/colony
#45 0.125 cd /go/pkg/mod/cache/vcs/afa7e2fcb563e457e4e51e4a9e50c2e842dfbe06e854b9ed4c8d7010356207d1; git ls-remote -q --end-of-options https://github.com/anthropos-work/colony
#45 0.837 0.712s # cd /go/pkg/mod/cache/vcs/afa7e2fcb563e457e4e51e4a9e50c2e842dfbe06e854b9ed4c8d7010356207d1; git ls-remote -q --end-of-options https://github.com/anthropos-work/colony
#45 0.838 cd /go/pkg/mod/cache/vcs/afa7e2fcb563e457e4e51e4a9e50c2e842dfbe06e854b9ed4c8d7010356207d1; git init --bare --object-format=sha1
#45 0.840 0.002s # cd /go/pkg/mod/cache/vcs/afa7e2fcb563e457e4e51e4a9e50c2e842dfbe06e854b9ed4c8d7010356207d1; git init --bare --object-format=sha1
#45 0.840 cd /go/pkg/mod/cache/vcs/afa7e2fcb563e457e4e51e4a9e50c2e842dfbe06e854b9ed4c8d7010356207d1; git remote add origin -- https://github.com/anthropos-work/colony
#45 0.841 0.001s # cd /go/pkg/mod/cache/vcs/afa7e2fcb563e457e4e51e4a9e50c2e842dfbe06e854b9ed4c8d7010356207d1; git remote add origin -- https://github.com/anthropos-work/colony
#45 0.841 cd /go/pkg/mod/cache/vcs/afa7e2fcb563e457e4e51e4a9e50c2e842dfbe06e854b9ed4c8d7010356207d1; git config extensions.objectformat
#45 0.841 0.001s # cd /go/pkg/mod/cache/vcs/afa7e2fcb563e457e4e51e4a9e50c2e842dfbe06e854b9ed4c8d7010356207d1; git config extensions.objectformat
#45 0.841 cd /go/pkg/mod/cache/vcs/afa7e2fcb563e457e4e51e4a9e50c2e842dfbe06e854b9ed4c8d7010356207d1; git tag -l
#45 0.842 0.001s # cd /go/pkg/mod/cache/vcs/afa7e2fcb563e457e4e51e4a9e50c2e842dfbe06e854b9ed4c8d7010356207d1; git tag -l
#45 0.842 cd /go/pkg/mod/cache/vcs/afa7e2fcb563e457e4e51e4a9e50c2e842dfbe06e854b9ed4c8d7010356207d1; git -c log.showsignature=false log --no-decorate -n1 '--format=format:%H %ct %D' --end-of-options ef25627cd6a9902105a4baf9a39656acbbd23da1 --
#45 0.843 0.001s # cd /go/pkg/mod/cache/vcs/afa7e2fcb563e457e4e51e4a9e50c2e842dfbe06e854b9ed4c8d7010356207d1; git -c log.showsignature=false log --no-decorate -n1 '--format=format:%H %ct %D' --end-of-options ef25627cd6a9902105a4baf9a39656acbbd23da1 --
#45 0.843 cd /go/pkg/mod/cache/vcs/afa7e2fcb563e457e4e51e4a9e50c2e842dfbe06e854b9ed4c8d7010356207d1; git -c protocol.version=2 fetch -f --depth=1 --end-of-options origin refs/tags/v0.35.2:refs/tags/v0.35.2
#45 1.729 0.886s # cd /go/pkg/mod/cache/vcs/afa7e2fcb563e457e4e51e4a9e50c2e842dfbe06e854b9ed4c8d7010356207d1; git -c protocol.version=2 fetch -f --depth=1 --end-of-options origin refs/tags/v0.35.2:refs/tags/v0.35.2
#45 1.729 cd /go/pkg/mod/cache/vcs/afa7e2fcb563e457e4e51e4a9e50c2e842dfbe06e854b9ed4c8d7010356207d1; git -c log.showsignature=false log --no-decorate -n1 '--format=format:%H %ct %D' --end-of-options refs/tags/v0.35.2 --
#45 1.729 0.001s # cd /go/pkg/mod/cache/vcs/afa7e2fcb563e457e4e51e4a9e50c2e842dfbe06e854b9ed4c8d7010356207d1; git -c log.showsignature=false log --no-decorate -n1 '--format=format:%H %ct %D' --end-of-options refs/tags/v0.35.2 --
#45 1.729 cd /go/pkg/mod/cache/vcs/afa7e2fcb563e457e4e51e4a9e50c2e842dfbe06e854b9ed4c8d7010356207d1; git cat-file --end-of-options blob ef25627cd6a9902105a4baf9a39656acbbd23da1:go.mod
#45 1.730 0.001s # cd /go/pkg/mod/cache/vcs/afa7e2fcb563e457e4e51e4a9e50c2e842dfbe06e854b9ed4c8d7010356207d1; git cat-file --end-of-options blob ef25627cd6a9902105a4baf9a39656acbbd23da1:go.mod
#45 1.734 cd /go/pkg/mod/cache/vcs/afa7e2fcb563e457e4e51e4a9e50c2e842dfbe06e854b9ed4c8d7010356207d1; git cat-file --end-of-options blob ef25627cd6a9902105a4baf9a39656acbbd23da1:go.mod
#45 1.735 0.001s # cd /go/pkg/mod/cache/vcs/afa7e2fcb563e457e4e51e4a9e50c2e842dfbe06e854b9ed4c8d7010356207d1; git cat-file --end-of-options blob ef25627cd6a9902105a4baf9a39656acbbd23da1:go.mod
#45 1.735 cd /go/pkg/mod/cache/vcs/afa7e2fcb563e457e4e51e4a9e50c2e842dfbe06e854b9ed4c8d7010356207d1; git cat-file --end-of-options blob ef25627cd6a9902105a4baf9a39656acbbd23da1:go.mod
#45 1.736 0.001s # cd /go/pkg/mod/cache/vcs/afa7e2fcb563e457e4e51e4a9e50c2e842dfbe06e854b9ed4c8d7010356207d1; git cat-file --end-of-options blob ef25627cd6a9902105a4baf9a39656acbbd23da1:go.mod
#45 1.758 cd /go/pkg/mod/cache/vcs/afa7e2fcb563e457e4e51e4a9e50c2e842dfbe06e854b9ed4c8d7010356207d1; git cat-file --end-of-options blob ef25627cd6a9902105a4baf9a39656acbbd23da1:go.mod
#45 1.759 0.001s # cd /go/pkg/mod/cache/vcs/afa7e2fcb563e457e4e51e4a9e50c2e842dfbe06e854b9ed4c8d7010356207d1; git cat-file --end-of-options blob ef25627cd6a9902105a4baf9a39656acbbd23da1:go.mod
#45 1.759 cd /go/pkg/mod/cache/vcs/afa7e2fcb563e457e4e51e4a9e50c2e842dfbe06e854b9ed4c8d7010356207d1; git cat-file --end-of-options blob ef25627cd6a9902105a4baf9a39656acbbd23da1:go.mod
#45 1.760 0.001s # cd /go/pkg/mod/cache/vcs/afa7e2fcb563e457e4e51e4a9e50c2e842dfbe06e854b9ed4c8d7010356207d1; git cat-file --end-of-options blob ef25627cd6a9902105a4baf9a39656acbbd23da1:go.mod
#45 1.760 cd /go/pkg/mod/cache/vcs/afa7e2fcb563e457e4e51e4a9e50c2e842dfbe06e854b9ed4c8d7010356207d1; git -c core.autocrlf=input -c core.eol=lf archive --format=zip --prefix=prefix/ --end-of-options ef25627cd6a9902105a4baf9a39656acbbd23da1
#45 1.768 0.008s # cd /go/pkg/mod/cache/vcs/afa7e2fcb563e457e4e51e4a9e50c2e842dfbe06e854b9ed4c8d7010356207d1; git -c core.autocrlf=input -c core.eol=lf archive --format=zip --prefix=prefix/ --end-of-options ef25627cd6a9902105a4baf9a39656acbbd23da1
#45 DONE 1.8s

#41 [backend stage-1 2/6] RUN apt-get update && apt-get install -y --no-install-recommends poppler-utils ffmpeg wget 	&& rm -rf /var/lib/apt/lists/*
#41 7.432 Reading package lists...
#41 7.810 Building dependency tree...
#41 7.888 Reading state information...
#41 8.025 The following additional packages will be installed:
#41 8.025   dirmngr fontconfig fontconfig-config fonts-dejavu-core fonts-dejavu-mono
#41 8.025   gnupg gnupg-l10n gpg gpg-agent gpgconf gpgsm libaom3 libasound2-data
#41 8.025   libasound2t64 libass9 libassuan9 libasyncns0 libatomic1 libavc1394-0
#41 8.025   libavcodec61 libavdevice61 libavfilter10 libavformat61 libavutil59 libblas3
#41 8.025   libbluray2 libbrotli1 libbs2b0 libcaca0 libcairo-gobject2 libcairo2
#41 8.025   libcdio-cdda2t64 libcdio-paranoia2t64 libcdio19t64 libchromaprint1 libcjson1
#41 8.025   libcodec2-1.2 libcom-err2 libcurl3t64-gnutls libdatrie1 libdav1d7
#41 8.025   libdbus-1-3 libdc1394-25 libdecor-0-0 libdeflate0 libdrm-amdgpu1
#41 8.025   libdrm-common libdrm2 libdvdnav4 libdvdread8t64 libedit2 libelf1t64
#41 8.025   libexpat1 libfftw3-double3 libflac14 libflite1 libfontconfig1 libfreetype6
#41 8.025   libfribidi0 libgbm1 libgcrypt20 libgdk-pixbuf-2.0-0 libgdk-pixbuf2.0-common
#41 8.025   libgfortran5 libgl1 libgl1-mesa-dri libglib2.0-0t64 libglvnd0 libglx-mesa0
#41 8.025   libglx0 libgme0 libgnutls30t64 libgomp1 libgpg-error0 libgpgme11t64
#41 8.025   libgpgmepp6t64 libgraphite2-3 libgsm1 libgssapi-krb5-2 libharfbuzz0b
#41 8.025   libhwy1t64 libidn2-0 libiec61883-0 libjack-jackd2-0 libjbig0 libjpeg62-turbo
#41 8.025   libjxl0.11 libk5crypto3 libkeyutils1 libkrb5-3 libkrb5support0 libksba8
#41 8.025   liblapack3 liblcms2-2 libldap2 liblerc4 liblilv-0-0 libllvm19
#41 8.025   libmbedcrypto16 libmp3lame0 libmpg123-0t64 libmysofa1 libnghttp2-14
#41 8.025   libnghttp3-9 libngtcp2-16 libngtcp2-crypto-gnutls8 libnorm1t64 libnpth0t64
#41 8.025   libnspr4 libnss3 libnuma1 libogg0 libopenal-data libopenal1 libopenjp2-7
#41 8.025   libopenmpt0t64 libopus0 libp11-kit0 libpango-1.0-0 libpangocairo-1.0-0
#41 8.025   libpangoft2-1.0-0 libpgm-5.3-0t64 libpixman-1-0 libplacebo349 libpng16-16t64
#41 8.025   libpocketsphinx3 libpoppler147 libpostproc58 libpsl5t64 libpulse0
#41 8.025   librabbitmq4 librav1e0.7 libraw1394-11 librist4 librsvg2-2 librtmp1
#41 8.025   librubberband2 libsamplerate0 libsasl2-2 libsasl2-modules-db libsdl2-2.0-0
#41 8.025   libsensors-config libsensors5 libserd-0-0 libsharpyuv0 libshine3 libslang2
#41 8.025   libsnappy1v5 libsndfile1 libsodium23 libsord-0-0 libsoxr0 libspeex1
#41 8.025   libsphinxbase3t64 libsratom-0-0 libsrt1.5-gnutls libssh-4 libssh2-1t64
#41 8.025   libsvtav1enc2 libswresample5 libswscale8 libtasn1-6 libthai-data libthai0
#41 8.025   libtheoradec1 libtheoraenc1 libtiff6 libtwolame0 libudfread0 libunibreak6
#41 8.025   libunistring5 libusb-1.0-0 libva-drm2 libva-x11-2 libva2 libvdpau1
#41 8.025   libvidstab1.1 libvorbis0a libvorbisenc2 libvorbisfile3 libvpx9 libvulkan1
#41 8.025   libwayland-client0 libwayland-cursor0 libwayland-egl1 libwayland-server0
#41 8.025   libwebp7 libwebpmux3 libx11-6 libx11-data libx11-xcb1 libx264-164
#41 8.025   libx265-215 libxau6 libxcb-dri3-0 libxcb-glx0 libxcb-present0 libxcb-randr0
#41 8.025   libxcb-render0 libxcb-shape0 libxcb-shm0 libxcb-sync1 libxcb-xfixes0 libxcb1
#41 8.025   libxcursor1 libxdmcp6 libxext6 libxfixes3 libxi6 libxkbcommon0 libxml2
#41 8.025   libxrandr2 libxrender1 libxshmfence1 libxss1 libxv1 libxvidcore4 libxxf86vm1
#41 8.025   libz3-4 libzimg2 libzix-0-0 libzmq5 libzvbi-common libzvbi0t64
#41 8.025   mesa-libgallium ocl-icd-libopencl1 pinentry-curses shared-mime-info
#41 8.025   x11-common xkb-data
#41 8.026 Suggested packages:
#41 8.026   dbus-user-session libpam-systemd pinentry-gnome3 tor ffmpeg-doc
#41 8.026   gpg-wks-server parcimonie xloadimage scdaemon tpm2daemon alsa-utils
#41 8.026   libasound2-plugins libcuda1 libnvcuvid1 libnvidia-encode1 libbluray-bdj
#41 8.026   libdvdcss2 libfftw3-bin libfftw3-dev rng-tools low-memory-monitor gnutls-bin
#41 8.026   krb5-doc krb5-user jackd2 liblcms2-utils libportaudio2 libsndio7.0
#41 8.026   opus-tools pulseaudio libraw1394-doc librsvg2-bin xdg-utils lm-sensors serdi
#41 8.026   sordi speex opencl-icd pinentry-doc
#41 8.026 Recommended packages:
#41 8.026   gnupg-utils gpg-wks-client gpgv alsa-ucm-conf alsa-topology-conf libaacs0
#41 8.026   dbus default-libdecor-0-plugin-1 | libdecor-0-plugin-1 libgdk-pixbuf2.0-bin
#41 8.026   libglib2.0-data xdg-user-dirs libgpg-error-l10n krb5-locales libldap-common
#41 8.026   pocketsphinx-en-us poppler-data publicsuffix librsvg2-common
#41 8.026   libsasl2-modules va-driver-all | va-driver vdpau-driver-all | vdpau-driver
#41 8.026   mesa-vulkan-drivers | vulkan-icd
#41 8.759 The following NEW packages will be installed:
#41 8.759   dirmngr ffmpeg fontconfig fontconfig-config fonts-dejavu-core
#41 8.759   fonts-dejavu-mono gnupg gnupg-l10n gpg gpg-agent gpgconf gpgsm libaom3
#41 8.759   libasound2-data libasound2t64 libass9 libassuan9 libasyncns0 libatomic1
#41 8.759   libavc1394-0 libavcodec61 libavdevice61 libavfilter10 libavformat61
#41 8.759   libavutil59 libblas3 libbluray2 libbrotli1 libbs2b0 libcaca0
#41 8.759   libcairo-gobject2 libcairo2 libcdio-cdda2t64 libcdio-paranoia2t64
#41 8.759   libcdio19t64 libchromaprint1 libcjson1 libcodec2-1.2 libcom-err2
#41 8.759   libcurl3t64-gnutls libdatrie1 libdav1d7 libdbus-1-3 libdc1394-25
#41 8.759   libdecor-0-0 libdeflate0 libdrm-amdgpu1 libdrm-common libdrm2 libdvdnav4
#41 8.759   libdvdread8t64 libedit2 libelf1t64 libexpat1 libfftw3-double3 libflac14
#41 8.759   libflite1 libfontconfig1 libfreetype6 libfribidi0 libgbm1 libgcrypt20
#41 8.759   libgdk-pixbuf-2.0-0 libgdk-pixbuf2.0-common libgfortran5 libgl1
#41 8.759   libgl1-mesa-dri libglib2.0-0t64 libglvnd0 libglx-mesa0 libglx0 libgme0
#41 8.759   libgnutls30t64 libgomp1 libgpg-error0 libgpgme11t64 libgpgmepp6t64
#41 8.759   libgraphite2-3 libgsm1 libgssapi-krb5-2 libharfbuzz0b libhwy1t64 libidn2-0
#41 8.759   libiec61883-0 libjack-jackd2-0 libjbig0 libjpeg62-turbo libjxl0.11
#41 8.759   libk5crypto3 libkeyutils1 libkrb5-3 libkrb5support0 libksba8 liblapack3
#41 8.759   liblcms2-2 libldap2 liblerc4 liblilv-0-0 libllvm19 libmbedcrypto16
#41 8.759   libmp3lame0 libmpg123-0t64 libmysofa1 libnghttp2-14 libnghttp3-9
#41 8.759   libngtcp2-16 libngtcp2-crypto-gnutls8 libnorm1t64 libnpth0t64 libnspr4
#41 8.759   libnss3 libnuma1 libogg0 libopenal-data libopenal1 libopenjp2-7
#41 8.759   libopenmpt0t64 libopus0 libp11-kit0 libpango-1.0-0 libpangocairo-1.0-0
#41 8.759   libpangoft2-1.0-0 libpgm-5.3-0t64 libpixman-1-0 libplacebo349 libpng16-16t64
#41 8.759   libpocketsphinx3 libpoppler147 libpostproc58 libpsl5t64 libpulse0
#41 8.759   librabbitmq4 librav1e0.7 libraw1394-11 librist4 librsvg2-2 librtmp1
#41 8.760   librubberband2 libsamplerate0 libsasl2-2 libsasl2-modules-db libsdl2-2.0-0
#41 8.760   libsensors-config libsensors5 libserd-0-0 libsharpyuv0 libshine3 libslang2
#41 8.760   libsnappy1v5 libsndfile1 libsodium23 libsord-0-0 libsoxr0 libspeex1
#41 8.760   libsphinxbase3t64 libsratom-0-0 libsrt1.5-gnutls libssh-4 libssh2-1t64
#41 8.760   libsvtav1enc2 libswresample5 libswscale8 libtasn1-6 libthai-data libthai0
#41 8.760   libtheoradec1 libtheoraenc1 libtiff6 libtwolame0 libudfread0 libunibreak6
#41 8.760   libunistring5 libusb-1.0-0 libva-drm2 libva-x11-2 libva2 libvdpau1
#41 8.760   libvidstab1.1 libvorbis0a libvorbisenc2 libvorbisfile3 libvpx9 libvulkan1
#41 8.760   libwayland-client0 libwayland-cursor0 libwayland-egl1 libwayland-server0
#41 8.760   libwebp7 libwebpmux3 libx11-6 libx11-data libx11-xcb1 libx264-164
#41 8.760   libx265-215 libxau6 libxcb-dri3-0 libxcb-glx0 libxcb-present0 libxcb-randr0
#41 8.760   libxcb-render0 libxcb-shape0 libxcb-shm0 libxcb-sync1 libxcb-xfixes0 libxcb1
#41 8.760   libxcursor1 libxdmcp6 libxext6 libxfixes3 libxi6 libxkbcommon0 libxml2
#41 8.760   libxrandr2 libxrender1 libxshmfence1 libxss1 libxv1 libxvidcore4 libxxf86vm1
#41 8.760   libz3-4 libzimg2 libzix-0-0 libzmq5 libzvbi-common libzvbi0t64
#41 8.760   mesa-libgallium ocl-icd-libopencl1 pinentry-curses poppler-utils
#41 8.760   shared-mime-info wget x11-common xkb-data
#41 8.815 0 upgraded, 233 newly installed, 0 to remove and 0 not upgraded.
#41 8.815 Need to get 131 MB of archives.
#41 8.815 After this operation, 463 MB of additional disk space will be used.
#41 8.815 Get:1 http://deb.debian.org/debian-security trixie-security/main arm64 libexpat1 arm64 2.8.2-1~deb13u1 [108 kB]
#41 8.883 Get:2 http://deb.debian.org/debian trixie/main arm64 libunistring5 arm64 1.3-2 [453 kB]
#41 9.044 Get:3 http://deb.debian.org/debian trixie/main arm64 libidn2-0 arm64 2.3.8-2 [107 kB]
#41 9.091 Get:4 http://deb.debian.org/debian trixie/main arm64 libp11-kit0 arm64 0.25.5-3 [409 kB]
#41 9.271 Get:5 http://deb.debian.org/debian trixie/main arm64 libtasn1-6 arm64 4.20.0-2+deb13u1 [47.3 kB]
#41 9.310 Get:6 http://deb.debian.org/debian trixie/main arm64 libgnutls30t64 arm64 3.8.9-3+deb13u4 [1379 kB]
#41 ...

#46 [backend build 7/8] COPY . ./
#46 DONE 0.3s

#47 [backend build 8/8] RUN --mount=type=cache,target=/go/pkg/mod     --mount=type=cache,target=/root/.cache/go-build     CGO_ENABLED=0 GOOS=linux go build -buildvcs=false -ldflags "-X main.Version=dev -X main.BuildDate=$(date -u +'%Y-%m-%dT%H:%M:%SZ')" -o ant-backend
#47 ...

#41 [backend stage-1 2/6] RUN apt-get update && apt-get install -y --no-install-recommends poppler-utils ffmpeg wget 	&& rm -rf /var/lib/apt/lists/*
#41 10.11 Get:7 http://deb.debian.org/debian trixie/main arm64 libpsl5t64 arm64 0.21.2-1.1+b1 [57.1 kB]
#41 10.16 Get:8 http://deb.debian.org/debian trixie/main arm64 wget arm64 1.25.0-2 [970 kB]
#41 10.71 Get:9 http://deb.debian.org/debian trixie/main arm64 libgpg-error0 arm64 1.51-4 [78.5 kB]
#41 10.75 Get:10 http://deb.debian.org/debian trixie/main arm64 libassuan9 arm64 3.0.2-2 [59.1 kB]
#41 10.77 Get:11 http://deb.debian.org/debian trixie/main arm64 libgcrypt20 arm64 1.11.0-7+deb13u1 [741 kB]
#41 11.25 Get:12 http://deb.debian.org/debian trixie/main arm64 gpgconf arm64 2.4.7-21+deb13u1+b4 [122 kB]
#41 11.30 Get:13 http://deb.debian.org/debian trixie/main arm64 libksba8 arm64 1.6.7-2+b1 [125 kB]
#41 11.35 Get:14 http://deb.debian.org/debian trixie/main arm64 libsasl2-modules-db arm64 2.1.28+dfsg1-9 [20.1 kB]
#41 11.36 Get:15 http://deb.debian.org/debian trixie/main arm64 libsasl2-2 arm64 2.1.28+dfsg1-9 [55.6 kB]
#41 11.38 Get:16 http://deb.debian.org/debian trixie/main arm64 libldap2 arm64 2.6.10+dfsg-1 [179 kB]
#41 11.45 Get:17 http://deb.debian.org/debian trixie/main arm64 libnpth0t64 arm64 1.8-3 [22.9 kB]
#41 11.46 Get:18 http://deb.debian.org/debian trixie/main arm64 dirmngr arm64 2.4.7-21+deb13u1+b4 [359 kB]
#41 11.59 Get:19 http://deb.debian.org/debian-security trixie-security/main arm64 libaom3 arm64 3.12.1-1+deb13u1 [1671 kB]
#41 12.44 Get:20 http://deb.debian.org/debian trixie/main arm64 libdrm-common all 2.4.124-2 [8288 B]
#41 12.45 Get:21 http://deb.debian.org/debian trixie/main arm64 libdrm2 arm64 2.4.124-2 [38.3 kB]
#41 12.47 Get:22 http://deb.debian.org/debian trixie/main arm64 libva2 arm64 2.22.0-3 [74.2 kB]
#41 12.51 Get:23 http://deb.debian.org/debian trixie/main arm64 libva-drm2 arm64 2.22.0-3 [18.5 kB]
#41 12.52 Get:24 http://deb.debian.org/debian trixie/main arm64 libxau6 arm64 1:1.0.11-1 [20.6 kB]
#41 12.53 Get:25 http://deb.debian.org/debian trixie/main arm64 libxdmcp6 arm64 1:1.1.5-1 [27.8 kB]
#41 12.56 Get:26 http://deb.debian.org/debian trixie/main arm64 libxcb1 arm64 1.17.0-2+b1 [143 kB]
#41 12.63 Get:27 http://deb.debian.org/debian trixie/main arm64 libx11-data all 2:1.8.12-1 [343 kB]
#41 12.81 Get:28 http://deb.debian.org/debian trixie/main arm64 libx11-6 arm64 2:1.8.12-1 [795 kB]
#41 13.21 Get:29 http://deb.debian.org/debian trixie/main arm64 libx11-xcb1 arm64 2:1.8.12-1 [247 kB]
#41 13.32 Get:30 http://deb.debian.org/debian trixie/main arm64 libxcb-dri3-0 arm64 1.17.0-2+b1 [107 kB]
#41 13.36 Get:31 http://deb.debian.org/debian trixie/main arm64 libxext6 arm64 2:1.3.4-1+b3 [49.2 kB]
#41 13.38 Get:32 http://deb.debian.org/debian trixie/main arm64 libxfixes3 arm64 1:6.0.0-2+b4 [20.5 kB]
#41 13.39 Get:33 http://deb.debian.org/debian trixie/main arm64 libva-x11-2 arm64 2.22.0-3 [23.0 kB]
#41 13.39 Get:34 http://deb.debian.org/debian trixie/main arm64 libvdpau1 arm64 1.5-3+b1 [24.4 kB]
#41 13.42 Get:35 http://deb.debian.org/debian trixie/main arm64 ocl-icd-libopencl1 arm64 2.3.3-1 [42.7 kB]
#41 13.42 Get:36 http://deb.debian.org/debian trixie/main arm64 libavutil59 arm64 7:7.1.5-0+deb13u1 [392 kB]
#41 13.72 Get:37 http://deb.debian.org/debian trixie/main arm64 libbrotli1 arm64 1.1.0-2+b7 [308 kB]
#41 13.92 Get:38 http://deb.debian.org/debian trixie/main arm64 libpng16-16t64 arm64 1.6.48-1+deb13u5 [275 kB]
#41 14.07 Get:39 http://deb.debian.org/debian trixie/main arm64 libfreetype6 arm64 2.13.3+dfsg-1+deb13u1 [422 kB]
#41 14.44 Get:40 http://deb.debian.org/debian trixie/main arm64 fonts-dejavu-mono all 2.37-8 [489 kB]
#41 14.76 Get:41 http://deb.debian.org/debian trixie/main arm64 fonts-dejavu-core all 2.37-8 [840 kB]
#41 15.20 Get:42 http://deb.debian.org/debian trixie/main arm64 fontconfig-config arm64 2.15.0-2.3 [318 kB]
#41 15.52 Get:43 http://deb.debian.org/debian trixie/main arm64 libfontconfig1 arm64 2.15.0-2.3 [387 kB]
#41 15.79 Get:44 http://deb.debian.org/debian trixie/main arm64 libpixman-1-0 arm64 0.44.0-3 [168 kB]
#41 15.87 Get:45 http://deb.debian.org/debian trixie/main arm64 libxcb-render0 arm64 1.17.0-2+b1 [115 kB]
#41 15.92 Get:46 http://deb.debian.org/debian trixie/main arm64 libxcb-shm0 arm64 1.17.0-2+b1 [105 kB]
#41 15.96 Get:47 http://deb.debian.org/debian trixie/main arm64 libxrender1 arm64 1:0.9.12-1 [27.0 kB]
#41 15.97 Get:48 http://deb.debian.org/debian trixie/main arm64 libcairo2 arm64 1.18.4-1+b1 [483 kB]
#41 16.21 Get:49 http://deb.debian.org/debian trixie/main arm64 libcodec2-1.2 arm64 1.2.0-3 [8163 kB]
#41 19.65 Get:50 http://deb.debian.org/debian trixie/main arm64 libdav1d7 arm64 1.5.1-1 [252 kB]
#41 19.72 Get:51 http://deb.debian.org/debian trixie/main arm64 libatomic1 arm64 14.2.0-19 [10.1 kB]
#41 19.75 Get:52 http://deb.debian.org/debian trixie/main arm64 libglib2.0-0t64 arm64 2.84.4-3~deb13u3 [1428 kB]
#41 20.46 Get:53 http://deb.debian.org/debian trixie/main arm64 libgsm1 arm64 1.0.22-1+b2 [27.3 kB]
#41 20.48 Get:54 http://deb.debian.org/debian trixie/main arm64 libhwy1t64 arm64 1.2.0-2+b2 [499 kB]
#41 20.69 Get:55 http://deb.debian.org/debian trixie/main arm64 liblcms2-2 arm64 2.16-2+deb13u2 [152 kB]
#41 20.77 Get:56 http://deb.debian.org/debian trixie/main arm64 libjxl0.11 arm64 0.11.2-0.1~deb13u2 [887 kB]
#41 21.24 Get:57 http://deb.debian.org/debian trixie/main arm64 libmp3lame0 arm64 3.100-6+b3 [355 kB]
#41 21.39 Get:58 http://deb.debian.org/debian trixie/main arm64 libopenjp2-7 arm64 2.5.3-2.1~deb13u2 [189 kB]
#41 21.45 Get:59 http://deb.debian.org/debian trixie/main arm64 libopus0 arm64 1.5.2-2 [2813 kB]
#41 22.42 Get:60 http://deb.debian.org/debian trixie/main arm64 librav1e0.7 arm64 0.7.1-9+b2 [662 kB]
#41 22.65 Get:61 http://deb.debian.org/debian trixie/main arm64 libcairo-gobject2 arm64 1.18.4-1+b1 [130 kB]
#41 22.68 Get:62 http://deb.debian.org/debian trixie/main arm64 libgdk-pixbuf2.0-common all 2.42.12+dfsg-4+deb13u1 [312 kB]
#41 22.76 Get:63 http://deb.debian.org/debian trixie/main arm64 libxml2 arm64 2.12.7+dfsg+really2.9.14-2.1+deb13u3 [631 kB]
#41 22.90 Get:64 http://deb.debian.org/debian trixie/main arm64 shared-mime-info arm64 2.4-5+b2 [756 kB]
#41 23.04 Get:65 http://deb.debian.org/debian trixie/main arm64 libjpeg62-turbo arm64 1:2.1.5-4 [173 kB]
#41 23.07 Get:66 http://deb.debian.org/debian trixie/main arm64 libdeflate0 arm64 1.23-2 [42.4 kB]
#41 23.08 Get:67 http://deb.debian.org/debian trixie/main arm64 libjbig0 arm64 2.1-6.1+b2 [30.4 kB]
#41 23.10 Get:68 http://deb.debian.org/debian trixie/main arm64 liblerc4 arm64 4.0.0+ds-5 [146 kB]
#41 23.13 Get:69 http://deb.debian.org/debian trixie/main arm64 libsharpyuv0 arm64 1.5.0-0.1 [114 kB]
#41 23.21 Get:70 http://deb.debian.org/debian trixie/main arm64 libwebp7 arm64 1.5.0-0.1 [271 kB]
#41 23.40 Get:71 http://deb.debian.org/debian-security trixie-security/main arm64 libtiff6 arm64 4.7.0-3+deb13u3 [325 kB]
#41 23.54 Get:72 http://deb.debian.org/debian trixie/main arm64 libgdk-pixbuf-2.0-0 arm64 2.42.12+dfsg-4+deb13u1 [131 kB]
#41 23.64 Get:73 http://deb.debian.org/debian trixie/main arm64 fontconfig arm64 2.15.0-2.3 [463 kB]
#41 23.92 Get:74 http://deb.debian.org/debian trixie/main arm64 libfribidi0 arm64 1.0.16-1 [26.5 kB]
#41 23.93 Get:75 http://deb.debian.org/debian trixie/main arm64 libgraphite2-3 arm64 1.3.14-2+deb13u1 [70.3 kB]
#41 23.96 Get:76 http://deb.debian.org/debian trixie/main arm64 libharfbuzz0b arm64 10.2.0-1+deb13u1 [442 kB]
#41 24.10 Get:77 http://deb.debian.org/debian trixie/main arm64 libthai-data all 0.1.29-2 [168 kB]
#41 24.14 Get:78 http://deb.debian.org/debian trixie/main arm64 libdatrie1 arm64 0.2.13-3+b1 [37.6 kB]
#41 24.16 Get:79 http://deb.debian.org/debian trixie/main arm64 libthai0 arm64 0.1.29-2+b1 [48.4 kB]
#41 24.18 Get:80 http://deb.debian.org/debian trixie/main arm64 libpango-1.0-0 arm64 1.56.3-1 [213 kB]
#41 24.23 Get:81 http://deb.debian.org/debian trixie/main arm64 libpangoft2-1.0-0 arm64 1.56.3-1 [52.9 kB]
#41 24.25 Get:82 http://deb.debian.org/debian trixie/main arm64 libpangocairo-1.0-0 arm64 1.56.3-1 [33.7 kB]
#41 24.25 Get:83 http://deb.debian.org/debian trixie/main arm64 librsvg2-2 arm64 2.60.0+dfsg-1 [1588 kB]
#41 24.82 Get:84 http://deb.debian.org/debian trixie/main arm64 libshine3 arm64 3.1.1-2+b2 [24.6 kB]
#41 24.83 Get:85 http://deb.debian.org/debian trixie/main arm64 libsnappy1v5 arm64 1.2.2-1 [28.3 kB]
#41 24.84 Get:86 http://deb.debian.org/debian trixie/main arm64 libspeex1 arm64 1.2.1-3 [50.4 kB]
#41 24.87 Get:87 http://deb.debian.org/debian trixie/main arm64 libsvtav1enc2 arm64 2.3.0+dfsg-1 [1558 kB]
#41 25.54 Get:88 http://deb.debian.org/debian trixie/main arm64 libgomp1 arm64 14.2.0-19 [124 kB]
#41 25.60 Get:89 http://deb.debian.org/debian trixie/main arm64 libsoxr0 arm64 0.1.3-4+b2 [54.9 kB]
#41 25.62 Get:90 http://deb.debian.org/debian trixie/main arm64 libswresample5 arm64 7:7.1.5-0+deb13u1 [102 kB]
#41 25.69 Get:91 http://deb.debian.org/debian trixie/main arm64 libtheoradec1 arm64 1.2.0~alpha1+dfsg-6 [52.6 kB]
#41 25.72 Get:92 http://deb.debian.org/debian trixie/main arm64 libogg0 arm64 1.3.5-3+b2 [23.6 kB]
#41 25.74 Get:93 http://deb.debian.org/debian trixie/main arm64 libtheoraenc1 arm64 1.2.0~alpha1+dfsg-6 [99.1 kB]
#41 25.79 Get:94 http://deb.debian.org/debian trixie/main arm64 libtwolame0 arm64 0.4.0-2+b2 [49.3 kB]
#41 25.86 Get:95 http://deb.debian.org/debian trixie/main arm64 libvorbis0a arm64 1.3.7-3 [83.8 kB]
#41 25.94 Get:96 http://deb.debian.org/debian trixie/main arm64 libvorbisenc2 arm64 1.3.7-3 [75.5 kB]
#41 26.01 Get:97 http://deb.debian.org/debian trixie/main arm64 libvpx9 arm64 1.15.0-2.1+deb13u1 [1158 kB]
#41 26.54 Get:98 http://deb.debian.org/debian trixie/main arm64 libwebpmux3 arm64 1.5.0-0.1 [125 kB]
#41 26.58 Get:99 http://deb.debian.org/debian trixie/main arm64 libx264-164 arm64 2:0.164.3108+git31e19f9-2+b1 [454 kB]
#41 26.72 Get:100 http://deb.debian.org/debian trixie/main arm64 libnuma1 arm64 2.0.19-1 [21.6 kB]
#41 26.73 Get:101 http://deb.debian.org/debian trixie/main arm64 libx265-215 arm64 4.1-2 [1857 kB]
#41 27.85 Get:102 http://deb.debian.org/debian trixie/main arm64 libxvidcore4 arm64 2:1.3.7-1+b2 [202 kB]
#41 27.96 Get:103 http://deb.debian.org/debian trixie/main arm64 libzvbi-common all 0.2.44-1 [71.4 kB]
#41 28.02 Get:104 http://deb.debian.org/debian trixie/main arm64 libzvbi0t64 arm64 0.2.44-1 [262 kB]
#41 28.20 Get:105 http://deb.debian.org/debian trixie/main arm64 libavcodec61 arm64 7:7.1.5-0+deb13u1 [5395 kB]
#41 29.88 Get:106 http://deb.debian.org/debian trixie/main arm64 libasound2-data all 1.2.14-1 [21.1 kB]
#41 29.89 Get:107 http://deb.debian.org/debian trixie/main arm64 libasound2t64 arm64 1.2.14-1 [342 kB]
#41 30.04 Get:108 http://deb.debian.org/debian trixie/main arm64 libraw1394-11 arm64 2.1.2-2+b2 [38.1 kB]
#41 30.06 Get:109 http://deb.debian.org/debian trixie/main arm64 libavc1394-0 arm64 0.5.4-5+b2 [17.9 kB]
#41 30.07 Get:110 http://deb.debian.org/debian trixie/main arm64 libunibreak6 arm64 6.1-3 [21.5 kB]
#41 30.08 Get:111 http://deb.debian.org/debian trixie/main arm64 libass9 arm64 1:0.17.3-1+deb13u1 [101 kB]
#41 30.13 Get:112 http://deb.debian.org/debian trixie/main arm64 libudfread0 arm64 1.1.2-1+b2 [17.3 kB]
#41 30.13 Get:113 http://deb.debian.org/debian trixie/main arm64 libbluray2 arm64 1:1.3.4-1+b2 [126 kB]
#41 30.23 Get:114 http://deb.debian.org/debian trixie/main arm64 libchromaprint1 arm64 1.5.1-7 [38.9 kB]
#41 30.28 Get:115 http://deb.debian.org/debian trixie/main arm64 libdvdread8t64 arm64 6.1.3-2 [81.2 kB]
#41 30.35 Get:116 http://deb.debian.org/debian trixie/main arm64 libdvdnav4 arm64 6.1.1-3+b1 [41.0 kB]
#41 30.38 Get:117 http://deb.debian.org/debian trixie/main arm64 libgme0 arm64 0.6.3-7+b2 [120 kB]
#41 30.45 Get:118 http://deb.debian.org/debian trixie/main arm64 libmpg123-0t64 arm64 1.32.10-1+deb13u1 [143 kB]
#41 30.52 Get:119 http://deb.debian.org/debian trixie/main arm64 libvorbisfile3 arm64 1.3.7-3 [20.1 kB]
#41 30.54 Get:120 http://deb.debian.org/debian trixie/main arm64 libopenmpt0t64 arm64 0.7.13-1+b1 [745 kB]
#41 31.01 Get:121 http://deb.debian.org/debian trixie/main arm64 librabbitmq4 arm64 0.15.0-1+deb13u1 [41.1 kB]
#41 31.02 Get:122 http://deb.debian.org/debian trixie/main arm64 libcjson1 arm64 1.7.18-3.1+deb13u1 [29.0 kB]
#41 31.05 Get:123 http://deb.debian.org/debian trixie/main arm64 libmbedcrypto16 arm64 3.6.5-0.1~deb13u1 [347 kB]
#41 31.29 Get:124 http://deb.debian.org/debian trixie/main arm64 librist4 arm64 0.2.11+dfsg-1 [69.0 kB]
#41 31.34 Get:125 http://deb.debian.org/debian trixie/main arm64 libsrt1.5-gnutls arm64 1.5.4-1 [300 kB]
#41 31.51 Get:126 http://deb.debian.org/debian trixie/main arm64 libkrb5support0 arm64 1.21.3-5+deb13u1 [32.5 kB]
#41 31.53 Get:127 http://deb.debian.org/debian trixie/main arm64 libcom-err2 arm64 1.47.2-3+b11 [24.9 kB]
#41 31.55 Get:128 http://deb.debian.org/debian trixie/main arm64 libk5crypto3 arm64 1.21.3-5+deb13u1 [81.4 kB]
#41 31.59 Get:129 http://deb.debian.org/debian trixie/main arm64 libkeyutils1 arm64 1.6.3-6 [9716 B]
#41 31.62 Get:130 http://deb.debian.org/debian trixie/main arm64 libkrb5-3 arm64 1.21.3-5+deb13u1 [308 kB]
#41 31.74 Get:131 http://deb.debian.org/debian trixie/main arm64 libgssapi-krb5-2 arm64 1.21.3-5+deb13u1 [128 kB]
#41 31.81 Get:132 http://deb.debian.org/debian-security trixie-security/main arm64 libssh-4 arm64 0.11.5-0+deb13u1 [199 kB]
#41 31.88 Get:133 http://deb.debian.org/debian trixie/main arm64 libnorm1t64 arm64 1.5.9+dfsg-3.1+b2 [205 kB]
#41 31.97 Get:134 http://deb.debian.org/debian trixie/main arm64 libpgm-5.3-0t64 arm64 5.3.128~dfsg-2.1+b1 [152 kB]
#41 32.07 Get:135 http://deb.debian.org/debian trixie/main arm64 libsodium23 arm64 1.0.18-1+deb13u1 [120 kB]
#41 32.15 Get:136 http://deb.debian.org/debian trixie/main arm64 libzmq5 arm64 4.3.5-1+b3 [253 kB]
#41 32.29 Get:137 http://deb.debian.org/debian trixie/main arm64 libavformat61 arm64 7:7.1.5-0+deb13u1 [1140 kB]
#41 32.88 Get:138 http://deb.debian.org/debian trixie/main arm64 libbs2b0 arm64 3.1.0+dfsg-8+b1 [11.4 kB]
#41 32.88 Get:139 http://deb.debian.org/debian trixie/main arm64 libflite1 arm64 2.2-7 [12.8 MB]
#41 38.36 Get:140 http://deb.debian.org/debian trixie/main arm64 libserd-0-0 arm64 0.32.4-1 [45.6 kB]
#41 38.37 Get:141 http://deb.debian.org/debian trixie/main arm64 libzix-0-0 arm64 0.6.2-1 [22.5 kB]
#41 38.37 Get:142 http://deb.debian.org/debian trixie/main arm64 libsord-0-0 arm64 0.16.18-1 [17.3 kB]
#41 38.38 Get:143 http://deb.debian.org/debian trixie/main arm64 libsratom-0-0 arm64 0.6.18-1 [16.0 kB]
#41 38.38 Get:144 http://deb.debian.org/debian trixie/main arm64 liblilv-0-0 arm64 0.24.26-1 [41.7 kB]
#41 38.39 Get:145 http://deb.debian.org/debian trixie/main arm64 libmysofa1 arm64 1.3.3+dfsg-1 [1157 kB]
#41 38.73 Get:146 http://deb.debian.org/debian trixie/main arm64 libvulkan1 arm64 1.4.309.0-1 [127 kB]
#41 38.77 Get:147 http://deb.debian.org/debian trixie/main arm64 libplacebo349 arm64 7.349.0-3 [2275 kB]
#41 39.74 Get:148 http://deb.debian.org/debian trixie/main arm64 libblas3 arm64 3.12.1-6 [104 kB]
#41 39.82 Get:149 http://deb.debian.org/debian trixie/main arm64 libgfortran5 arm64 14.2.0-19 [361 kB]
#41 40.07 Get:150 http://deb.debian.org/debian trixie/main arm64 liblapack3 arm64 3.12.1-6 [1820 kB]
#41 40.90 Get:151 http://deb.debian.org/debian trixie/main arm64 libasyncns0 arm64 0.8-6+b5 [11.7 kB]
#41 40.91 Get:152 http://deb.debian.org/debian trixie/main arm64 libdbus-1-3 arm64 1.16.2-2 [169 kB]
#41 40.95 Get:153 http://deb.debian.org/debian trixie/main arm64 libflac14 arm64 1.5.0+ds-2 [180 kB]
#41 41.02 Get:154 http://deb.debian.org/debian trixie/main arm64 libsndfile1 arm64 1.2.2-2+deb13u1 [186 kB]
#41 41.16 Get:155 http://deb.debian.org/debian trixie/main arm64 libpulse0 arm64 17.0+dfsg1-2+b1 [236 kB]
#41 41.32 Get:156 http://deb.debian.org/debian trixie/main arm64 libsphinxbase3t64 arm64 0.8+5prealpha+1-21+b1 [112 kB]
#41 41.41 Get:157 http://deb.debian.org/debian trixie/main arm64 libpocketsphinx3 arm64 0.8+5prealpha+1-15+b4 [115 kB]
#41 41.54 Get:158 http://deb.debian.org/debian trixie/main arm64 libpostproc58 arm64 7:7.1.5-0+deb13u1 [86.9 kB]
#41 41.60 Get:159 http://deb.debian.org/debian trixie/main arm64 libfftw3-double3 arm64 3.3.10-2+b1 [337 kB]
#41 41.77 Get:160 http://deb.debian.org/debian trixie/main arm64 libsamplerate0 arm64 0.2.2-4+b2 [945 kB]
#41 42.15 Get:161 http://deb.debian.org/debian trixie/main arm64 librubberband2 arm64 3.3.0+dfsg-2+b3 [123 kB]
#41 42.21 Get:162 http://deb.debian.org/debian trixie/main arm64 libswscale8 arm64 7:7.1.5-0+deb13u1 [215 kB]
#41 42.27 Get:163 http://deb.debian.org/debian trixie/main arm64 libvidstab1.1 arm64 1.1.0-2+b2 [36.8 kB]
#41 42.28 Get:164 http://deb.debian.org/debian trixie/main arm64 libzimg2 arm64 3.0.5+ds1-1+b2 [117 kB]
#41 42.31 Get:165 http://deb.debian.org/debian trixie/main arm64 libavfilter10 arm64 7:7.1.5-0+deb13u1 [3697 kB]
#41 44.12 Get:166 http://deb.debian.org/debian trixie/main arm64 libslang2 arm64 2.3.3-5+b2 [506 kB]
#41 44.31 Get:167 http://deb.debian.org/debian trixie/main arm64 libcaca0 arm64 0.99.beta20-5+deb13u1 [196 kB]
#41 44.38 Get:168 http://deb.debian.org/debian trixie/main arm64 libcdio19t64 arm64 2.2.0-4.1~deb13u1 [59.3 kB]
#41 44.39 Get:169 http://deb.debian.org/debian trixie/main arm64 libcdio-cdda2t64 arm64 10.2+2.0.2-1+b1 [17.2 kB]
#41 44.40 Get:170 http://deb.debian.org/debian trixie/main arm64 libcdio-paranoia2t64 arm64 10.2+2.0.2-1+b1 [16.5 kB]
#41 44.41 Get:171 http://deb.debian.org/debian trixie/main arm64 libusb-1.0-0 arm64 2:1.0.28-1 [56.1 kB]
#41 44.44 Get:172 http://deb.debian.org/debian trixie/main arm64 libdc1394-25 arm64 2.2.6-5 [106 kB]
#41 44.49 Get:173 http://deb.debian.org/debian trixie/main arm64 libglvnd0 arm64 1.7.0-1+b2 [41.6 kB]
#41 44.51 Get:174 http://deb.debian.org/debian trixie/main arm64 libxcb-glx0 arm64 1.17.0-2+b1 [123 kB]
#41 44.55 Get:175 http://deb.debian.org/debian trixie/main arm64 libxcb-present0 arm64 1.17.0-2+b1 [106 kB]
#41 44.59 Get:176 http://deb.debian.org/debian trixie/main arm64 libxcb-xfixes0 arm64 1.17.0-2+b1 [110 kB]
#41 44.64 Get:177 http://deb.debian.org/debian trixie/main arm64 libxxf86vm1 arm64 1:1.1.4-1+b4 [19.2 kB]
#41 44.64 Get:178 http://deb.debian.org/debian trixie/main arm64 libdrm-amdgpu1 arm64 2.4.124-2 [21.8 kB]
#41 44.66 Get:179 http://deb.debian.org/debian trixie/main arm64 libelf1t64 arm64 0.192-4 [189 kB]
#41 44.71 Get:180 http://deb.debian.org/debian trixie/main arm64 libedit2 arm64 3.1-20250104-1 [89.3 kB]
#41 44.75 Get:181 http://deb.debian.org/debian trixie/main arm64 libz3-4 arm64 4.13.3-1 [7507 kB]
#41 48.42 Get:182 http://deb.debian.org/debian trixie/main arm64 libllvm19 arm64 1:19.1.7-3+b1 [23.3 MB]
#41 56.71 Get:183 http://deb.debian.org/debian trixie/main arm64 libsensors-config all 1:3.6.2-2 [16.2 kB]
#41 56.71 Get:184 http://deb.debian.org/debian trixie/main arm64 libsensors5 arm64 1:3.6.2-2 [36.4 kB]
#41 56.71 Get:185 http://deb.debian.org/debian trixie/main arm64 libxcb-randr0 arm64 1.17.0-2+b1 [117 kB]
#41 56.72 Get:186 http://deb.debian.org/debian trixie/main arm64 libxcb-sync1 arm64 1.17.0-2+b1 [109 kB]
#41 56.73 Get:187 http://deb.debian.org/debian trixie/main arm64 libxshmfence1 arm64 1.3.3-1 [11.1 kB]
#41 56.73 Get:188 http://deb.debian.org/debian trixie/main arm64 mesa-libgallium arm64 25.0.7-2+deb13u1 [8033 kB]
#41 57.80 Get:189 http://deb.debian.org/debian trixie/main arm64 libwayland-server0 arm64 1.23.1-3 [33.7 kB]
#41 57.82 Get:190 http://deb.debian.org/debian trixie/main arm64 libgbm1 arm64 25.0.7-2+deb13u1 [44.1 kB]
#41 57.83 Get:191 http://deb.debian.org/debian trixie/main arm64 libgl1-mesa-dri arm64 25.0.7-2+deb13u1 [45.9 kB]
#41 57.85 Get:192 http://deb.debian.org/debian trixie/main arm64 libglx-mesa0 arm64 25.0.7-2+deb13u1 [142 kB]
#41 57.93 Get:193 http://deb.debian.org/debian trixie/main arm64 libglx0 arm64 1.7.0-1+b2 [31.1 kB]
#41 57.96 Get:194 http://deb.debian.org/debian trixie/main arm64 libgl1 arm64 1.7.0-1+b2 [90.9 kB]
#41 58.02 Get:195 http://deb.debian.org/debian trixie/main arm64 libiec61883-0 arm64 1.2.0-7 [29.1 kB]
#41 58.04 Get:196 http://deb.debian.org/debian trixie/main arm64 libjack-jackd2-0 arm64 1.9.22~dfsg-4 [265 kB]
#41 58.24 Get:197 http://deb.debian.org/debian trixie/main arm64 libopenal-data all 1:1.24.2-1 [168 kB]
#41 58.43 Get:198 http://deb.debian.org/debian trixie/main arm64 libopenal1 arm64 1:1.24.2-1 [577 kB]
#41 58.70 Get:199 http://deb.debian.org/debian trixie/main arm64 libwayland-client0 arm64 1.23.1-3 [26.1 kB]
#41 58.72 Get:200 http://deb.debian.org/debian trixie/main arm64 libdecor-0-0 arm64 0.2.2-2 [15.2 kB]
#41 58.73 Get:201 http://deb.debian.org/debian trixie/main arm64 libwayland-cursor0 arm64 1.23.1-3 [11.7 kB]
#41 58.74 Get:202 http://deb.debian.org/debian trixie/main arm64 libwayland-egl1 arm64 1.23.1-3 [5952 B]
#41 58.74 Get:203 http://deb.debian.org/debian trixie/main arm64 libxcursor1 arm64 1:1.2.3-1 [39.3 kB]
#41 58.77 Get:204 http://deb.debian.org/debian trixie/main arm64 libxi6 arm64 2:1.8.2-1 [77.8 kB]
#41 58.82 Get:205 http://deb.debian.org/debian trixie/main arm64 xkb-data all 2.42-1 [790 kB]
#41 59.22 Get:206 http://deb.debian.org/debian trixie/main arm64 libxkbcommon0 arm64 1.7.0-2 [106 kB]
#41 59.43 Get:207 http://deb.debian.org/debian trixie/main arm64 libxrandr2 arm64 2:1.5.4-1+b3 [35.9 kB]
#41 59.43 Get:208 http://deb.debian.org/debian trixie/main arm64 x11-common all 1:7.7+24+deb13u1 [217 kB]
#41 59.51 Get:209 http://deb.debian.org/debian trixie/main arm64 libxss1 arm64 1:1.2.3-1+b3 [17.1 kB]
#41 59.53 Get:210 http://deb.debian.org/debian trixie/main arm64 libsdl2-2.0-0 arm64 2.32.4+dfsg-1 [603 kB]
#41 59.77 Get:211 http://deb.debian.org/debian trixie/main arm64 libxcb-shape0 arm64 1.17.0-2+b1 [106 kB]
#41 59.80 Get:212 http://deb.debian.org/debian trixie/main arm64 libxv1 arm64 2:1.0.11-1.1+b3 [23.3 kB]
#41 59.81 Get:213 http://deb.debian.org/debian trixie/main arm64 libavdevice61 arm64 7:7.1.5-0+deb13u1 [123 kB]
#41 59.84 Get:214 http://deb.debian.org/debian trixie/main arm64 ffmpeg arm64 7:7.1.5-0+deb13u1 [1990 kB]
#41 60.71 Get:215 http://deb.debian.org/debian trixie/main arm64 gnupg-l10n all 2.4.7-21+deb13u1 [749 kB]
#41 61.04 Get:216 http://deb.debian.org/debian trixie/main arm64 gpg arm64 2.4.7-21+deb13u1+b4 [579 kB]
#41 61.27 Get:217 http://deb.debian.org/debian trixie/main arm64 pinentry-curses arm64 1.3.1-2 [83.5 kB]
#41 61.31 Get:218 http://deb.debian.org/debian trixie/main arm64 gpg-agent arm64 2.4.7-21+deb13u1+b4 [249 kB]
#41 61.38 Get:219 http://deb.debian.org/debian trixie/main arm64 gpgsm arm64 2.4.7-21+deb13u1+b4 [252 kB]
#41 61.44 Get:220 http://deb.debian.org/debian trixie/main arm64 gnupg all 2.4.7-21+deb13u1 [417 kB]
#41 61.54 Get:221 http://deb.debian.org/debian trixie/main arm64 libnghttp2-14 arm64 1.64.0-1.1+deb13u1 [71.6 kB]
#41 61.56 Get:222 http://deb.debian.org/debian trixie/main arm64 libnghttp3-9 arm64 1.8.0-1 [63.2 kB]
#41 61.57 Get:223 http://deb.debian.org/debian trixie/main arm64 libngtcp2-16 arm64 1.11.0-1+deb13u1 [121 kB]
#41 61.59 Get:224 http://deb.debian.org/debian trixie/main arm64 libngtcp2-crypto-gnutls8 arm64 1.11.0-1+deb13u1 [28.4 kB]
#41 61.60 Get:225 http://deb.debian.org/debian trixie/main arm64 librtmp1 arm64 2.4+20151223.gitfa8646d.1-2+b5 [56.8 kB]
#41 61.61 Get:226 http://deb.debian.org/debian trixie/main arm64 libssh2-1t64 arm64 1.11.1-1+deb13u1 [236 kB]
#41 61.66 Get:227 http://deb.debian.org/debian trixie/main arm64 libcurl3t64-gnutls arm64 8.14.1-2+deb13u4 [354 kB]
#41 61.75 Get:228 http://deb.debian.org/debian trixie/main arm64 libgpgme11t64 arm64 1.24.2-3 [329 kB]
#41 61.87 Get:229 http://deb.debian.org/debian trixie/main arm64 libgpgmepp6t64 arm64 1.24.2-3 [328 kB]
#41 61.97 Get:230 http://deb.debian.org/debian trixie/main arm64 libnspr4 arm64 2:4.36-1 [102 kB]
#41 62.01 Get:231 http://deb.debian.org/debian-security trixie-security/main arm64 libnss3 arm64 2:3.110-1+deb13u4 [1293 kB]
#41 62.62 Get:232 http://deb.debian.org/debian trixie/main arm64 libpoppler147 arm64 25.03.0-5+deb13u4 [1914 kB]
#41 63.55 Get:233 http://deb.debian.org/debian trixie/main arm64 poppler-utils arm64 25.03.0-5+deb13u4 [193 kB]
#41 63.97 debconf: unable to initialize frontend: Dialog
#41 63.97 debconf: (TERM is not set, so the dialog frontend is not usable.)
#41 63.97 debconf: falling back to frontend: Readline
#41 63.98 debconf: unable to initialize frontend: Readline
#41 63.98 debconf: (Can't locate Term/ReadLine.pm in @INC (you may need to install the Term::ReadLine module) (@INC entries checked: /etc/perl /usr/local/lib/aarch64-linux-gnu/perl/5.40.1 /usr/local/share/perl/5.40.1 /usr/lib/aarch64-linux-gnu/perl5/5.40 /usr/share/perl5 /usr/lib/aarch64-linux-gnu/perl-base /usr/lib/aarch64-linux-gnu/perl/5.40 /usr/share/perl/5.40 /usr/local/lib/site_perl) at /usr/share/perl5/Debconf/FrontEnd/Readline.pm line 8, <STDIN> line 233.)
#41 63.98 debconf: falling back to frontend: Teletype
#41 63.98 debconf: unable to initialize frontend: Teletype
#41 63.98 debconf: (This frontend requires a controlling tty.)
#41 63.98 debconf: falling back to frontend: Noninteractive
#41 68.58 Preconfiguring packages ...
#41 68.65 Fetched 131 MB in 55s (2395 kB/s)
#41 68.68 Selecting previously unselected package libexpat1:arm64.
#41 68.68 (Reading database ... (Reading database ... 5%(Reading database ... 10%(Reading database ... 15%(Reading database ... 20%(Reading database ... 25%(Reading database ... 30%(Reading database ... 35%(Reading database ... 40%(Reading database ... 45%(Reading database ... 50%(Reading database ... 55%(Reading database ... 60%(Reading database ... 65%(Reading database ... 70%(Reading database ... 75%(Reading database ... 80%(Reading database ... 85%(Reading database ... 90%(Reading database ... 95%(Reading database ... 100%(Reading database ... 5642 files and directories currently installed.)
#41 68.71 Preparing to unpack .../000-libexpat1_2.8.2-1~deb13u1_arm64.deb ...
#41 68.71 Unpacking libexpat1:arm64 (2.8.2-1~deb13u1) ...
#41 68.73 Selecting previously unselected package libunistring5:arm64.
#41 68.73 Preparing to unpack .../001-libunistring5_1.3-2_arm64.deb ...
#41 68.74 Unpacking libunistring5:arm64 (1.3-2) ...
#41 68.78 Selecting previously unselected package libidn2-0:arm64.
#41 68.78 Preparing to unpack .../002-libidn2-0_2.3.8-2_arm64.deb ...
#41 68.78 Unpacking libidn2-0:arm64 (2.3.8-2) ...
#41 68.80 Selecting previously unselected package libp11-kit0:arm64.
#41 68.80 Preparing to unpack .../003-libp11-kit0_0.25.5-3_arm64.deb ...
#41 68.80 Unpacking libp11-kit0:arm64 (0.25.5-3) ...
#41 68.84 Selecting previously unselected package libtasn1-6:arm64.
#41 68.84 Preparing to unpack .../004-libtasn1-6_4.20.0-2+deb13u1_arm64.deb ...
#41 68.84 Unpacking libtasn1-6:arm64 (4.20.0-2+deb13u1) ...
#41 68.85 Selecting previously unselected package libgnutls30t64:arm64.
#41 68.85 Preparing to unpack .../005-libgnutls30t64_3.8.9-3+deb13u4_arm64.deb ...
#41 68.85 Unpacking libgnutls30t64:arm64 (3.8.9-3+deb13u4) ...
#41 68.91 Selecting previously unselected package libpsl5t64:arm64.
#41 68.91 Preparing to unpack .../006-libpsl5t64_0.21.2-1.1+b1_arm64.deb ...
#41 68.91 Unpacking libpsl5t64:arm64 (0.21.2-1.1+b1) ...
#41 68.93 Selecting previously unselected package wget.
#41 68.93 Preparing to unpack .../007-wget_1.25.0-2_arm64.deb ...
#41 68.93 Unpacking wget (1.25.0-2) ...
#41 68.99 Selecting previously unselected package libgpg-error0:arm64.
#41 68.99 Preparing to unpack .../008-libgpg-error0_1.51-4_arm64.deb ...
#41 68.99 Unpacking libgpg-error0:arm64 (1.51-4) ...
#41 69.00 Selecting previously unselected package libassuan9:arm64.
#41 69.00 Preparing to unpack .../009-libassuan9_3.0.2-2_arm64.deb ...
#41 69.01 Unpacking libassuan9:arm64 (3.0.2-2) ...
#41 69.02 Selecting previously unselected package libgcrypt20:arm64.
#41 69.02 Preparing to unpack .../010-libgcrypt20_1.11.0-7+deb13u1_arm64.deb ...
#41 69.02 Unpacking libgcrypt20:arm64 (1.11.0-7+deb13u1) ...
#41 69.07 Selecting previously unselected package gpgconf.
#41 69.07 Preparing to unpack .../011-gpgconf_2.4.7-21+deb13u1+b4_arm64.deb ...
#41 69.07 Unpacking gpgconf (2.4.7-21+deb13u1+b4) ...
#41 69.09 Selecting previously unselected package libksba8:arm64.
#41 69.09 Preparing to unpack .../012-libksba8_1.6.7-2+b1_arm64.deb ...
#41 69.09 Unpacking libksba8:arm64 (1.6.7-2+b1) ...
#41 69.11 Selecting previously unselected package libsasl2-modules-db:arm64.
#41 69.11 Preparing to unpack .../013-libsasl2-modules-db_2.1.28+dfsg1-9_arm64.deb ...
#41 69.11 Unpacking libsasl2-modules-db:arm64 (2.1.28+dfsg1-9) ...
#41 69.12 Selecting previously unselected package libsasl2-2:arm64.
#41 69.12 Preparing to unpack .../014-libsasl2-2_2.1.28+dfsg1-9_arm64.deb ...
#41 69.12 Unpacking libsasl2-2:arm64 (2.1.28+dfsg1-9) ...
#41 69.14 Selecting previously unselected package libldap2:arm64.
#41 69.14 Preparing to unpack .../015-libldap2_2.6.10+dfsg-1_arm64.deb ...
#41 69.14 Unpacking libldap2:arm64 (2.6.10+dfsg-1) ...
#41 69.17 Selecting previously unselected package libnpth0t64:arm64.
#41 69.17 Preparing to unpack .../016-libnpth0t64_1.8-3_arm64.deb ...
#41 69.17 Unpacking libnpth0t64:arm64 (1.8-3) ...
#41 69.19 Selecting previously unselected package dirmngr.
#41 69.19 Preparing to unpack .../017-dirmngr_2.4.7-21+deb13u1+b4_arm64.deb ...
#41 69.20 Unpacking dirmngr (2.4.7-21+deb13u1+b4) ...
#41 69.23 Selecting previously unselected package libaom3:arm64.
#41 69.23 Preparing to unpack .../018-libaom3_3.12.1-1+deb13u1_arm64.deb ...
#41 69.23 Unpacking libaom3:arm64 (3.12.1-1+deb13u1) ...
#41 69.32 Selecting previously unselected package libdrm-common.
#41 69.32 Preparing to unpack .../019-libdrm-common_2.4.124-2_all.deb ...
#41 69.32 Unpacking libdrm-common (2.4.124-2) ...
#41 69.34 Selecting previously unselected package libdrm2:arm64.
#41 69.34 Preparing to unpack .../020-libdrm2_2.4.124-2_arm64.deb ...
#41 69.34 Unpacking libdrm2:arm64 (2.4.124-2) ...
#41 69.35 Selecting previously unselected package libva2:arm64.
#41 69.35 Preparing to unpack .../021-libva2_2.22.0-3_arm64.deb ...
#41 69.35 Unpacking libva2:arm64 (2.22.0-3) ...
#41 69.37 Selecting previously unselected package libva-drm2:arm64.
#41 69.37 Preparing to unpack .../022-libva-drm2_2.22.0-3_arm64.deb ...
#41 69.37 Unpacking libva-drm2:arm64 (2.22.0-3) ...
#41 69.38 Selecting previously unselected package libxau6:arm64.
#41 69.38 Preparing to unpack .../023-libxau6_1%3a1.0.11-1_arm64.deb ...
#41 69.38 Unpacking libxau6:arm64 (1:1.0.11-1) ...
#41 69.39 Selecting previously unselected package libxdmcp6:arm64.
#41 69.39 Preparing to unpack .../024-libxdmcp6_1%3a1.1.5-1_arm64.deb ...
#41 69.39 Unpacking libxdmcp6:arm64 (1:1.1.5-1) ...
#41 69.40 Selecting previously unselected package libxcb1:arm64.
#41 69.41 Preparing to unpack .../025-libxcb1_1.17.0-2+b1_arm64.deb ...
#41 69.41 Unpacking libxcb1:arm64 (1.17.0-2+b1) ...
#41 69.42 Selecting previously unselected package libx11-data.
#41 69.42 Preparing to unpack .../026-libx11-data_2%3a1.8.12-1_all.deb ...
#41 69.42 Unpacking libx11-data (2:1.8.12-1) ...
#41 69.46 Selecting previously unselected package libx11-6:arm64.
#41 69.46 Preparing to unpack .../027-libx11-6_2%3a1.8.12-1_arm64.deb ...
#41 69.46 Unpacking libx11-6:arm64 (2:1.8.12-1) ...
#41 69.49 Selecting previously unselected package libx11-xcb1:arm64.
#41 69.49 Preparing to unpack .../028-libx11-xcb1_2%3a1.8.12-1_arm64.deb ...
#41 69.49 Unpacking libx11-xcb1:arm64 (2:1.8.12-1) ...
#41 69.51 Selecting previously unselected package libxcb-dri3-0:arm64.
#41 69.51 Preparing to unpack .../029-libxcb-dri3-0_1.17.0-2+b1_arm64.deb ...
#41 69.52 Unpacking libxcb-dri3-0:arm64 (1.17.0-2+b1) ...
#41 69.53 Selecting previously unselected package libxext6:arm64.
#41 69.53 Preparing to unpack .../030-libxext6_2%3a1.3.4-1+b3_arm64.deb ...
#41 69.54 Unpacking libxext6:arm64 (2:1.3.4-1+b3) ...
#41 69.55 Selecting previously unselected package libxfixes3:arm64.
#41 69.56 Preparing to unpack .../031-libxfixes3_1%3a6.0.0-2+b4_arm64.deb ...
#41 69.56 Unpacking libxfixes3:arm64 (1:6.0.0-2+b4) ...
#41 69.57 Selecting previously unselected package libva-x11-2:arm64.
#41 69.57 Preparing to unpack .../032-libva-x11-2_2.22.0-3_arm64.deb ...
#41 69.58 Unpacking libva-x11-2:arm64 (2.22.0-3) ...
#41 69.59 Selecting previously unselected package libvdpau1:arm64.
#41 69.59 Preparing to unpack .../033-libvdpau1_1.5-3+b1_arm64.deb ...
#41 69.59 Unpacking libvdpau1:arm64 (1.5-3+b1) ...
#41 69.61 Selecting previously unselected package ocl-icd-libopencl1:arm64.
#41 69.61 Preparing to unpack .../034-ocl-icd-libopencl1_2.3.3-1_arm64.deb ...
#41 69.61 Unpacking ocl-icd-libopencl1:arm64 (2.3.3-1) ...
#41 69.62 Selecting previously unselected package libavutil59:arm64.
#41 69.62 Preparing to unpack .../035-libavutil59_7%3a7.1.5-0+deb13u1_arm64.deb ...
#41 69.63 Unpacking libavutil59:arm64 (7:7.1.5-0+deb13u1) ...
#41 69.65 Selecting previously unselected package libbrotli1:arm64.
#41 69.66 Preparing to unpack .../036-libbrotli1_1.1.0-2+b7_arm64.deb ...
#41 69.66 Unpacking libbrotli1:arm64 (1.1.0-2+b7) ...
#41 69.69 Selecting previously unselected package libpng16-16t64:arm64.
#41 69.69 Preparing to unpack .../037-libpng16-16t64_1.6.48-1+deb13u5_arm64.deb ...
#41 69.69 Unpacking libpng16-16t64:arm64 (1.6.48-1+deb13u5) ...
#41 69.71 Selecting previously unselected package libfreetype6:arm64.
#41 69.71 Preparing to unpack .../038-libfreetype6_2.13.3+dfsg-1+deb13u1_arm64.deb ...
#41 69.71 Unpacking libfreetype6:arm64 (2.13.3+dfsg-1+deb13u1) ...
#41 69.74 Selecting previously unselected package fonts-dejavu-mono.
#41 69.74 Preparing to unpack .../039-fonts-dejavu-mono_2.37-8_all.deb ...
#41 69.74 Unpacking fonts-dejavu-mono (2.37-8) ...
#41 69.78 Selecting previously unselected package fonts-dejavu-core.
#41 69.78 Preparing to unpack .../040-fonts-dejavu-core_2.37-8_all.deb ...
#41 69.79 Unpacking fonts-dejavu-core (2.37-8) ...
#41 69.84 Selecting previously unselected package fontconfig-config.
#41 69.84 Preparing to unpack .../041-fontconfig-config_2.15.0-2.3_arm64.deb ...
#41 69.84 Unpacking fontconfig-config (2.15.0-2.3) ...
#41 69.86 Selecting previously unselected package libfontconfig1:arm64.
#41 69.86 Preparing to unpack .../042-libfontconfig1_2.15.0-2.3_arm64.deb ...
#41 69.86 Unpacking libfontconfig1:arm64 (2.15.0-2.3) ...
#41 69.88 Selecting previously unselected package libpixman-1-0:arm64.
#41 69.88 Preparing to unpack .../043-libpixman-1-0_0.44.0-3_arm64.deb ...
#41 69.89 Unpacking libpixman-1-0:arm64 (0.44.0-3) ...
#41 69.90 Selecting previously unselected package libxcb-render0:arm64.
#41 69.90 Preparing to unpack .../044-libxcb-render0_1.17.0-2+b1_arm64.deb ...
#41 69.91 Unpacking libxcb-render0:arm64 (1.17.0-2+b1) ...
#41 69.92 Selecting previously unselected package libxcb-shm0:arm64.
#41 69.92 Preparing to unpack .../045-libxcb-shm0_1.17.0-2+b1_arm64.deb ...
#41 69.92 Unpacking libxcb-shm0:arm64 (1.17.0-2+b1) ...
#41 69.94 Selecting previously unselected package libxrender1:arm64.
#41 69.94 Preparing to unpack .../046-libxrender1_1%3a0.9.12-1_arm64.deb ...
#41 69.94 Unpacking libxrender1:arm64 (1:0.9.12-1) ...
#41 69.95 Selecting previously unselected package libcairo2:arm64.
#41 69.95 Preparing to unpack .../047-libcairo2_1.18.4-1+b1_arm64.deb ...
#41 69.95 Unpacking libcairo2:arm64 (1.18.4-1+b1) ...
#41 69.99 Selecting previously unselected package libcodec2-1.2:arm64.
#41 69.99 Preparing to unpack .../048-libcodec2-1.2_1.2.0-3_arm64.deb ...
#41 69.99 Unpacking libcodec2-1.2:arm64 (1.2.0-3) ...
#41 70.33 Selecting previously unselected package libdav1d7:arm64.
#41 70.34 Preparing to unpack .../049-libdav1d7_1.5.1-1_arm64.deb ...
#41 70.34 Unpacking libdav1d7:arm64 (1.5.1-1) ...
#41 70.36 Selecting previously unselected package libatomic1:arm64.
#41 70.36 Preparing to unpack .../050-libatomic1_14.2.0-19_arm64.deb ...
#41 70.36 Unpacking libatomic1:arm64 (14.2.0-19) ...
#41 70.37 Selecting previously unselected package libglib2.0-0t64:arm64.
#41 70.37 Preparing to unpack .../051-libglib2.0-0t64_2.84.4-3~deb13u3_arm64.deb ...
#41 70.38 Unpacking libglib2.0-0t64:arm64 (2.84.4-3~deb13u3) ...
#41 70.45 Selecting previously unselected package libgsm1:arm64.
#41 70.45 Preparing to unpack .../052-libgsm1_1.0.22-1+b2_arm64.deb ...
#41 70.46 Unpacking libgsm1:arm64 (1.0.22-1+b2) ...
#41 70.47 Selecting previously unselected package libhwy1t64:arm64.
#41 70.47 Preparing to unpack .../053-libhwy1t64_1.2.0-2+b2_arm64.deb ...
#41 70.47 Unpacking libhwy1t64:arm64 (1.2.0-2+b2) ...
#41 70.51 Selecting previously unselected package liblcms2-2:arm64.
#41 70.51 Preparing to unpack .../054-liblcms2-2_2.16-2+deb13u2_arm64.deb ...
#41 70.51 Unpacking liblcms2-2:arm64 (2.16-2+deb13u2) ...
#41 70.53 Selecting previously unselected package libjxl0.11:arm64.
#41 70.53 Preparing to unpack .../055-libjxl0.11_0.11.2-0.1~deb13u2_arm64.deb ...
#41 70.53 Unpacking libjxl0.11:arm64 (0.11.2-0.1~deb13u2) ...
#41 70.58 Selecting previously unselected package libmp3lame0:arm64.
#41 70.58 Preparing to unpack .../056-libmp3lame0_3.100-6+b3_arm64.deb ...
#41 70.58 Unpacking libmp3lame0:arm64 (3.100-6+b3) ...
#41 70.60 Selecting previously unselected package libopenjp2-7:arm64.
#41 70.60 Preparing to unpack .../057-libopenjp2-7_2.5.3-2.1~deb13u2_arm64.deb ...
#41 70.60 Unpacking libopenjp2-7:arm64 (2.5.3-2.1~deb13u2) ...
#41 70.62 Selecting previously unselected package libopus0:arm64.
#41 70.62 Preparing to unpack .../058-libopus0_1.5.2-2_arm64.deb ...
#41 70.62 Unpacking libopus0:arm64 (1.5.2-2) ...
#41 70.74 Selecting previously unselected package librav1e0.7:arm64.
#41 70.74 Preparing to unpack .../059-librav1e0.7_0.7.1-9+b2_arm64.deb ...
#41 70.75 Unpacking librav1e0.7:arm64 (0.7.1-9+b2) ...
#41 70.79 Selecting previously unselected package libcairo-gobject2:arm64.
#41 70.79 Preparing to unpack .../060-libcairo-gobject2_1.18.4-1+b1_arm64.deb ...
#41 70.79 Unpacking libcairo-gobject2:arm64 (1.18.4-1+b1) ...
#41 70.80 Selecting previously unselected package libgdk-pixbuf2.0-common.
#41 70.80 Preparing to unpack .../061-libgdk-pixbuf2.0-common_2.42.12+dfsg-4+deb13u1_all.deb ...
#41 70.81 Unpacking libgdk-pixbuf2.0-common (2.42.12+dfsg-4+deb13u1) ...
#41 70.84 Selecting previously unselected package libxml2:arm64.
#41 70.84 Preparing to unpack .../062-libxml2_2.12.7+dfsg+really2.9.14-2.1+deb13u3_arm64.deb ...
#41 70.84 Unpacking libxml2:arm64 (2.12.7+dfsg+really2.9.14-2.1+deb13u3) ...
#41 70.88 Selecting previously unselected package shared-mime-info.
#41 70.88 Preparing to unpack .../063-shared-mime-info_2.4-5+b2_arm64.deb ...
#41 70.88 Unpacking shared-mime-info (2.4-5+b2) ...
#41 70.93 Selecting previously unselected package libjpeg62-turbo:arm64.
#41 70.93 Preparing to unpack .../064-libjpeg62-turbo_1%3a2.1.5-4_arm64.deb ...
#41 70.93 Unpacking libjpeg62-turbo:arm64 (1:2.1.5-4) ...
#41 70.94 Selecting previously unselected package libdeflate0:arm64.
#41 70.95 Preparing to unpack .../065-libdeflate0_1.23-2_arm64.deb ...
#41 70.95 Unpacking libdeflate0:arm64 (1.23-2) ...
#41 70.96 Selecting previously unselected package libjbig0:arm64.
#41 70.96 Preparing to unpack .../066-libjbig0_2.1-6.1+b2_arm64.deb ...
#41 70.96 Unpacking libjbig0:arm64 (2.1-6.1+b2) ...
#41 70.98 Selecting previously unselected package liblerc4:arm64.
#41 70.98 Preparing to unpack .../067-liblerc4_4.0.0+ds-5_arm64.deb ...
#41 70.98 Unpacking liblerc4:arm64 (4.0.0+ds-5) ...
#41 70.99 Selecting previously unselected package libsharpyuv0:arm64.
#41 70.99 Preparing to unpack .../068-libsharpyuv0_1.5.0-0.1_arm64.deb ...
#41 71.00 Unpacking libsharpyuv0:arm64 (1.5.0-0.1) ...
#41 71.01 Selecting previously unselected package libwebp7:arm64.
#41 71.01 Preparing to unpack .../069-libwebp7_1.5.0-0.1_arm64.deb ...
#41 71.01 Unpacking libwebp7:arm64 (1.5.0-0.1) ...
#41 71.03 Selecting previously unselected package libtiff6:arm64.
#41 71.03 Preparing to unpack .../070-libtiff6_4.7.0-3+deb13u3_arm64.deb ...
#41 71.04 Unpacking libtiff6:arm64 (4.7.0-3+deb13u3) ...
#41 71.06 Selecting previously unselected package libgdk-pixbuf-2.0-0:arm64.
#41 71.06 Preparing to unpack .../071-libgdk-pixbuf-2.0-0_2.42.12+dfsg-4+deb13u1_arm64.deb ...
#41 71.06 Unpacking libgdk-pixbuf-2.0-0:arm64 (2.42.12+dfsg-4+deb13u1) ...
#41 71.08 Selecting previously unselected package fontconfig.
#41 71.08 Preparing to unpack .../072-fontconfig_2.15.0-2.3_arm64.deb ...
#41 71.08 Unpacking fontconfig (2.15.0-2.3) ...
#41 71.10 Selecting previously unselected package libfribidi0:arm64.
#41 71.10 Preparing to unpack .../073-libfribidi0_1.0.16-1_arm64.deb ...
#41 71.10 Unpacking libfribidi0:arm64 (1.0.16-1) ...
#41 71.11 Selecting previously unselected package libgraphite2-3:arm64.
#41 71.11 Preparing to unpack .../074-libgraphite2-3_1.3.14-2+deb13u1_arm64.deb ...
#41 71.12 Unpacking libgraphite2-3:arm64 (1.3.14-2+deb13u1) ...
#41 71.13 Selecting previously unselected package libharfbuzz0b:arm64.
#41 71.13 Preparing to unpack .../075-libharfbuzz0b_10.2.0-1+deb13u1_arm64.deb ...
#41 71.13 Unpacking libharfbuzz0b:arm64 (10.2.0-1+deb13u1) ...
#41 71.16 Selecting previously unselected package libthai-data.
#41 71.16 Preparing to unpack .../076-libthai-data_0.1.29-2_all.deb ...
#41 71.16 Unpacking libthai-data (0.1.29-2) ...
#41 71.18 Selecting previously unselected package libdatrie1:arm64.
#41 71.18 Preparing to unpack .../077-libdatrie1_0.2.13-3+b1_arm64.deb ...
#41 71.18 Unpacking libdatrie1:arm64 (0.2.13-3+b1) ...
#41 71.19 Selecting previously unselected package libthai0:arm64.
#41 71.19 Preparing to unpack .../078-libthai0_0.1.29-2+b1_arm64.deb ...
#41 71.19 Unpacking libthai0:arm64 (0.1.29-2+b1) ...
#41 71.21 Selecting previously unselected package libpango-1.0-0:arm64.
#41 71.21 Preparing to unpack .../079-libpango-1.0-0_1.56.3-1_arm64.deb ...
#41 71.21 Unpacking libpango-1.0-0:arm64 (1.56.3-1) ...
#41 71.23 Selecting previously unselected package libpangoft2-1.0-0:arm64.
#41 71.23 Preparing to unpack .../080-libpangoft2-1.0-0_1.56.3-1_arm64.deb ...
#41 71.23 Unpacking libpangoft2-1.0-0:arm64 (1.56.3-1) ...
#41 71.24 Selecting previously unselected package libpangocairo-1.0-0:arm64.
#41 71.24 Preparing to unpack .../081-libpangocairo-1.0-0_1.56.3-1_arm64.deb ...
#41 71.24 Unpacking libpangocairo-1.0-0:arm64 (1.56.3-1) ...
#41 71.26 Selecting previously unselected package librsvg2-2:arm64.
#41 71.26 Preparing to unpack .../082-librsvg2-2_2.60.0+dfsg-1_arm64.deb ...
#41 71.26 Unpacking librsvg2-2:arm64 (2.60.0+dfsg-1) ...
#41 71.37 Selecting previously unselected package libshine3:arm64.
#41 71.37 Preparing to unpack .../083-libshine3_3.1.1-2+b2_arm64.deb ...
#41 71.38 Unpacking libshine3:arm64 (3.1.1-2+b2) ...
#41 71.39 Selecting previously unselected package libsnappy1v5:arm64.
#41 71.39 Preparing to unpack .../084-libsnappy1v5_1.2.2-1_arm64.deb ...
#41 71.39 Unpacking libsnappy1v5:arm64 (1.2.2-1) ...
#41 71.41 Selecting previously unselected package libspeex1:arm64.
#41 71.41 Preparing to unpack .../085-libspeex1_1.2.1-3_arm64.deb ...
#41 71.41 Unpacking libspeex1:arm64 (1.2.1-3) ...
#41 71.42 Selecting previously unselected package libsvtav1enc2:arm64.
#41 71.42 Preparing to unpack .../086-libsvtav1enc2_2.3.0+dfsg-1_arm64.deb ...
#41 71.42 Unpacking libsvtav1enc2:arm64 (2.3.0+dfsg-1) ...
#41 71.50 Selecting previously unselected package libgomp1:arm64.
#41 71.50 Preparing to unpack .../087-libgomp1_14.2.0-19_arm64.deb ...
#41 71.50 Unpacking libgomp1:arm64 (14.2.0-19) ...
#41 71.52 Selecting previously unselected package libsoxr0:arm64.
#41 71.52 Preparing to unpack .../088-libsoxr0_0.1.3-4+b2_arm64.deb ...
#41 71.52 Unpacking libsoxr0:arm64 (0.1.3-4+b2) ...
#41 71.53 Selecting previously unselected package libswresample5:arm64.
#41 71.53 Preparing to unpack .../089-libswresample5_7%3a7.1.5-0+deb13u1_arm64.deb ...
#41 71.53 Unpacking libswresample5:arm64 (7:7.1.5-0+deb13u1) ...
#41 71.55 Selecting previously unselected package libtheoradec1:arm64.
#41 71.55 Preparing to unpack .../090-libtheoradec1_1.2.0~alpha1+dfsg-6_arm64.deb ...
#41 71.55 Unpacking libtheoradec1:arm64 (1.2.0~alpha1+dfsg-6) ...
#41 71.56 Selecting previously unselected package libogg0:arm64.
#41 71.56 Preparing to unpack .../091-libogg0_1.3.5-3+b2_arm64.deb ...
#41 71.56 Unpacking libogg0:arm64 (1.3.5-3+b2) ...
#41 71.58 Selecting previously unselected package libtheoraenc1:arm64.
#41 71.58 Preparing to unpack .../092-libtheoraenc1_1.2.0~alpha1+dfsg-6_arm64.deb ...
#41 71.58 Unpacking libtheoraenc1:arm64 (1.2.0~alpha1+dfsg-6) ...
#41 71.59 Selecting previously unselected package libtwolame0:arm64.
#41 71.59 Preparing to unpack .../093-libtwolame0_0.4.0-2+b2_arm64.deb ...
#41 71.59 Unpacking libtwolame0:arm64 (0.4.0-2+b2) ...
#41 71.61 Selecting previously unselected package libvorbis0a:arm64.
#41 71.61 Preparing to unpack .../094-libvorbis0a_1.3.7-3_arm64.deb ...
#41 71.61 Unpacking libvorbis0a:arm64 (1.3.7-3) ...
#41 71.62 Selecting previously unselected package libvorbisenc2:arm64.
#41 71.62 Preparing to unpack .../095-libvorbisenc2_1.3.7-3_arm64.deb ...
#41 71.62 Unpacking libvorbisenc2:arm64 (1.3.7-3) ...
#41 71.64 Selecting previously unselected package libvpx9:arm64.
#41 71.64 Preparing to unpack .../096-libvpx9_1.15.0-2.1+deb13u1_arm64.deb ...
#41 71.64 Unpacking libvpx9:arm64 (1.15.0-2.1+deb13u1) ...
#41 71.70 Selecting previously unselected package libwebpmux3:arm64.
#41 71.70 Preparing to unpack .../097-libwebpmux3_1.5.0-0.1_arm64.deb ...
#41 71.70 Unpacking libwebpmux3:arm64 (1.5.0-0.1) ...
#41 71.72 Selecting previously unselected package libx264-164:arm64.
#41 71.72 Preparing to unpack .../098-libx264-164_2%3a0.164.3108+git31e19f9-2+b1_arm64.deb ...
#41 71.72 Unpacking libx264-164:arm64 (2:0.164.3108+git31e19f9-2+b1) ...
#41 71.75 Selecting previously unselected package libnuma1:arm64.
#41 71.75 Preparing to unpack .../099-libnuma1_2.0.19-1_arm64.deb ...
#41 71.75 Unpacking libnuma1:arm64 (2.0.19-1) ...
#41 71.76 Selecting previously unselected package libx265-215:arm64.
#41 71.76 Preparing to unpack .../100-libx265-215_4.1-2_arm64.deb ...
#41 71.76 Unpacking libx265-215:arm64 (4.1-2) ...
#41 71.90 Selecting previously unselected package libxvidcore4:arm64.
#41 71.90 Preparing to unpack .../101-libxvidcore4_2%3a1.3.7-1+b2_arm64.deb ...
#41 71.90 Unpacking libxvidcore4:arm64 (2:1.3.7-1+b2) ...
#41 71.92 Selecting previously unselected package libzvbi-common.
#41 71.92 Preparing to unpack .../102-libzvbi-common_0.2.44-1_all.deb ...
#41 71.92 Unpacking libzvbi-common (0.2.44-1) ...
#41 71.94 Selecting previously unselected package libzvbi0t64:arm64.
#41 71.94 Preparing to unpack .../103-libzvbi0t64_0.2.44-1_arm64.deb ...
#41 71.94 Unpacking libzvbi0t64:arm64 (0.2.44-1) ...
#41 71.96 Selecting previously unselected package libavcodec61:arm64.
#41 71.96 Preparing to unpack .../104-libavcodec61_7%3a7.1.5-0+deb13u1_arm64.deb ...
#41 71.96 Unpacking libavcodec61:arm64 (7:7.1.5-0+deb13u1) ...
#41 72.20 Selecting previously unselected package libasound2-data.
#41 72.21 Preparing to unpack .../105-libasound2-data_1.2.14-1_all.deb ...
#41 72.21 Unpacking libasound2-data (1.2.14-1) ...
#41 72.23 Selecting previously unselected package libasound2t64:arm64.
#41 72.23 Preparing to unpack .../106-libasound2t64_1.2.14-1_arm64.deb ...
#41 72.23 Unpacking libasound2t64:arm64 (1.2.14-1) ...
#41 72.25 Selecting previously unselected package libraw1394-11:arm64.
#41 72.25 Preparing to unpack .../107-libraw1394-11_2.1.2-2+b2_arm64.deb ...
#41 72.26 Unpacking libraw1394-11:arm64 (2.1.2-2+b2) ...
#41 72.27 Selecting previously unselected package libavc1394-0:arm64.
#41 72.27 Preparing to unpack .../108-libavc1394-0_0.5.4-5+b2_arm64.deb ...
#41 72.27 Unpacking libavc1394-0:arm64 (0.5.4-5+b2) ...
#41 72.28 Selecting previously unselected package libunibreak6:arm64.
#41 72.28 Preparing to unpack .../109-libunibreak6_6.1-3_arm64.deb ...
#41 72.28 Unpacking libunibreak6:arm64 (6.1-3) ...
#41 72.30 Selecting previously unselected package libass9:arm64.
#41 72.30 Preparing to unpack .../110-libass9_1%3a0.17.3-1+deb13u1_arm64.deb ...
#41 72.30 Unpacking libass9:arm64 (1:0.17.3-1+deb13u1) ...
#41 72.32 Selecting previously unselected package libudfread0:arm64.
#41 72.32 Preparing to unpack .../111-libudfread0_1.1.2-1+b2_arm64.deb ...
#41 72.32 Unpacking libudfread0:arm64 (1.1.2-1+b2) ...
#41 72.33 Selecting previously unselected package libbluray2:arm64.
#41 72.33 Preparing to unpack .../112-libbluray2_1%3a1.3.4-1+b2_arm64.deb ...
#41 72.33 Unpacking libbluray2:arm64 (1:1.3.4-1+b2) ...
#41 72.35 Selecting previously unselected package libchromaprint1:arm64.
#41 72.35 Preparing to unpack .../113-libchromaprint1_1.5.1-7_arm64.deb ...
#41 72.35 Unpacking libchromaprint1:arm64 (1.5.1-7) ...
#41 72.36 Selecting previously unselected package libdvdread8t64:arm64.
#41 72.36 Preparing to unpack .../114-libdvdread8t64_6.1.3-2_arm64.deb ...
#41 72.37 Unpacking libdvdread8t64:arm64 (6.1.3-2) ...
#41 72.38 Selecting previously unselected package libdvdnav4:arm64.
#41 72.38 Preparing to unpack .../115-libdvdnav4_6.1.1-3+b1_arm64.deb ...
#41 72.38 Unpacking libdvdnav4:arm64 (6.1.1-3+b1) ...
#41 72.40 Selecting previously unselected package libgme0:arm64.
#41 72.40 Preparing to unpack .../116-libgme0_0.6.3-7+b2_arm64.deb ...
#41 72.40 Unpacking libgme0:arm64 (0.6.3-7+b2) ...
#41 72.42 Selecting previously unselected package libmpg123-0t64:arm64.
#41 72.42 Preparing to unpack .../117-libmpg123-0t64_1.32.10-1+deb13u1_arm64.deb ...
#41 72.42 Unpacking libmpg123-0t64:arm64 (1.32.10-1+deb13u1) ...
#41 72.43 Selecting previously unselected package libvorbisfile3:arm64.
#41 72.43 Preparing to unpack .../118-libvorbisfile3_1.3.7-3_arm64.deb ...
#41 72.44 Unpacking libvorbisfile3:arm64 (1.3.7-3) ...
#41 72.45 Selecting previously unselected package libopenmpt0t64:arm64.
#41 72.45 Preparing to unpack .../119-libopenmpt0t64_0.7.13-1+b1_arm64.deb ...
#41 72.45 Unpacking libopenmpt0t64:arm64 (0.7.13-1+b1) ...
#41 72.49 Selecting previously unselected package librabbitmq4:arm64.
#41 72.49 Preparing to unpack .../120-librabbitmq4_0.15.0-1+deb13u1_arm64.deb ...
#41 72.49 Unpacking librabbitmq4:arm64 (0.15.0-1+deb13u1) ...
#41 72.51 Selecting previously unselected package libcjson1:arm64.
#41 72.51 Preparing to unpack .../121-libcjson1_1.7.18-3.1+deb13u1_arm64.deb ...
#41 72.51 Unpacking libcjson1:arm64 (1.7.18-3.1+deb13u1) ...
#41 72.52 Selecting previously unselected package libmbedcrypto16:arm64.
#41 72.52 Preparing to unpack .../122-libmbedcrypto16_3.6.5-0.1~deb13u1_arm64.deb ...
#41 72.52 Unpacking libmbedcrypto16:arm64 (3.6.5-0.1~deb13u1) ...
#41 72.55 Selecting previously unselected package librist4:arm64.
#41 72.55 Preparing to unpack .../123-librist4_0.2.11+dfsg-1_arm64.deb ...
#41 72.55 Unpacking librist4:arm64 (0.2.11+dfsg-1) ...
#41 72.57 Selecting previously unselected package libsrt1.5-gnutls:arm64.
#41 72.57 Preparing to unpack .../124-libsrt1.5-gnutls_1.5.4-1_arm64.deb ...
#41 72.57 Unpacking libsrt1.5-gnutls:arm64 (1.5.4-1) ...
#41 72.59 Selecting previously unselected package libkrb5support0:arm64.
#41 72.59 Preparing to unpack .../125-libkrb5support0_1.21.3-5+deb13u1_arm64.deb ...
#41 72.59 Unpacking libkrb5support0:arm64 (1.21.3-5+deb13u1) ...
#41 72.61 Selecting previously unselected package libcom-err2:arm64.
#41 72.61 Preparing to unpack .../126-libcom-err2_1.47.2-3+b11_arm64.deb ...
#41 72.61 Unpacking libcom-err2:arm64 (1.47.2-3+b11) ...
#41 72.62 Selecting previously unselected package libk5crypto3:arm64.
#41 72.62 Preparing to unpack .../127-libk5crypto3_1.21.3-5+deb13u1_arm64.deb ...
#41 72.62 Unpacking libk5crypto3:arm64 (1.21.3-5+deb13u1) ...
#41 72.64 Selecting previously unselected package libkeyutils1:arm64.
#41 72.64 Preparing to unpack .../128-libkeyutils1_1.6.3-6_arm64.deb ...
#41 72.64 Unpacking libkeyutils1:arm64 (1.6.3-6) ...
#41 72.65 Selecting previously unselected package libkrb5-3:arm64.
#41 72.65 Preparing to unpack .../129-libkrb5-3_1.21.3-5+deb13u1_arm64.deb ...
#41 72.65 Unpacking libkrb5-3:arm64 (1.21.3-5+deb13u1) ...
#41 72.68 Selecting previously unselected package libgssapi-krb5-2:arm64.
#41 72.68 Preparing to unpack .../130-libgssapi-krb5-2_1.21.3-5+deb13u1_arm64.deb ...
#41 72.68 Unpacking libgssapi-krb5-2:arm64 (1.21.3-5+deb13u1) ...
#41 72.70 Selecting previously unselected package libssh-4:arm64.
#41 72.70 Preparing to unpack .../131-libssh-4_0.11.5-0+deb13u1_arm64.deb ...
#41 72.70 Unpacking libssh-4:arm64 (0.11.5-0+deb13u1) ...
#41 72.72 Selecting previously unselected package libnorm1t64:arm64.
#41 72.72 Preparing to unpack .../132-libnorm1t64_1.5.9+dfsg-3.1+b2_arm64.deb ...
#41 72.72 Unpacking libnorm1t64:arm64 (1.5.9+dfsg-3.1+b2) ...
#41 72.75 Selecting previously unselected package libpgm-5.3-0t64:arm64.
#41 72.75 Preparing to unpack .../133-libpgm-5.3-0t64_5.3.128~dfsg-2.1+b1_arm64.deb ...
#41 72.75 Unpacking libpgm-5.3-0t64:arm64 (5.3.128~dfsg-2.1+b1) ...
#41 72.77 Selecting previously unselected package libsodium23:arm64.
#41 72.77 Preparing to unpack .../134-libsodium23_1.0.18-1+deb13u1_arm64.deb ...
#41 72.77 Unpacking libsodium23:arm64 (1.0.18-1+deb13u1) ...
#41 72.79 Selecting previously unselected package libzmq5:arm64.
#41 72.79 Preparing to unpack .../135-libzmq5_4.3.5-1+b3_arm64.deb ...
#41 72.79 Unpacking libzmq5:arm64 (4.3.5-1+b3) ...
#41 72.84 Selecting previously unselected package libavformat61:arm64.
#41 72.84 Preparing to unpack .../136-libavformat61_7%3a7.1.5-0+deb13u1_arm64.deb ...
#41 72.84 Unpacking libavformat61:arm64 (7:7.1.5-0+deb13u1) ...
#41 72.90 Selecting previously unselected package libbs2b0:arm64.
#41 72.90 Preparing to unpack .../137-libbs2b0_3.1.0+dfsg-8+b1_arm64.deb ...
#41 72.90 Unpacking libbs2b0:arm64 (3.1.0+dfsg-8+b1) ...
#41 72.92 Selecting previously unselected package libflite1:arm64.
#41 72.92 Preparing to unpack .../138-libflite1_2.2-7_arm64.deb ...
#41 72.92 Unpacking libflite1:arm64 (2.2-7) ...
#41 73.51 Selecting previously unselected package libserd-0-0:arm64.
#41 73.51 Preparing to unpack .../139-libserd-0-0_0.32.4-1_arm64.deb ...
#41 73.51 Unpacking libserd-0-0:arm64 (0.32.4-1) ...
#41 73.53 Selecting previously unselected package libzix-0-0:arm64.
#41 73.53 Preparing to unpack .../140-libzix-0-0_0.6.2-1_arm64.deb ...
#41 73.53 Unpacking libzix-0-0:arm64 (0.6.2-1) ...
#41 73.55 Selecting previously unselected package libsord-0-0:arm64.
#41 73.55 Preparing to unpack .../141-libsord-0-0_0.16.18-1_arm64.deb ...
#41 73.55 Unpacking libsord-0-0:arm64 (0.16.18-1) ...
#41 73.56 Selecting previously unselected package libsratom-0-0:arm64.
#41 73.56 Preparing to unpack .../142-libsratom-0-0_0.6.18-1_arm64.deb ...
#41 73.56 Unpacking libsratom-0-0:arm64 (0.6.18-1) ...
#41 73.58 Selecting previously unselected package liblilv-0-0:arm64.
#41 73.58 Preparing to unpack .../143-liblilv-0-0_0.24.26-1_arm64.deb ...
#41 73.58 Unpacking liblilv-0-0:arm64 (0.24.26-1) ...
#41 73.60 Selecting previously unselected package libmysofa1:arm64.
#41 73.60 Preparing to unpack .../144-libmysofa1_1.3.3+dfsg-1_arm64.deb ...
#41 73.60 Unpacking libmysofa1:arm64 (1.3.3+dfsg-1) ...
#41 73.63 Selecting previously unselected package libvulkan1:arm64.
#41 73.64 Preparing to unpack .../145-libvulkan1_1.4.309.0-1_arm64.deb ...
#41 73.64 Unpacking libvulkan1:arm64 (1.4.309.0-1) ...
#41 73.66 Selecting previously unselected package libplacebo349:arm64.
#41 73.66 Preparing to unpack .../146-libplacebo349_7.349.0-3_arm64.deb ...
#41 73.66 Unpacking libplacebo349:arm64 (7.349.0-3) ...
#41 73.83 Selecting previously unselected package libblas3:arm64.
#41 73.83 Preparing to unpack .../147-libblas3_3.12.1-6_arm64.deb ...
#41 73.84 Unpacking libblas3:arm64 (3.12.1-6) ...
#41 73.85 Selecting previously unselected package libgfortran5:arm64.
#41 73.85 Preparing to unpack .../148-libgfortran5_14.2.0-19_arm64.deb ...
#41 73.86 Unpacking libgfortran5:arm64 (14.2.0-19) ...
#41 73.89 Selecting previously unselected package liblapack3:arm64.
#41 73.89 Preparing to unpack .../149-liblapack3_3.12.1-6_arm64.deb ...
#41 73.89 Unpacking liblapack3:arm64 (3.12.1-6) ...
#41 73.99 Selecting previously unselected package libasyncns0:arm64.
#41 73.99 Preparing to unpack .../150-libasyncns0_0.8-6+b5_arm64.deb ...
#41 73.99 Unpacking libasyncns0:arm64 (0.8-6+b5) ...
#41 74.01 Selecting previously unselected package libdbus-1-3:arm64.
#41 74.01 Preparing to unpack .../151-libdbus-1-3_1.16.2-2_arm64.deb ...
#41 74.01 Unpacking libdbus-1-3:arm64 (1.16.2-2) ...
#41 74.03 Selecting previously unselected package libflac14:arm64.
#41 74.03 Preparing to unpack .../152-libflac14_1.5.0+ds-2_arm64.deb ...
#41 74.03 Unpacking libflac14:arm64 (1.5.0+ds-2) ...
#41 74.05 Selecting previously unselected package libsndfile1:arm64.
#41 74.05 Preparing to unpack .../153-libsndfile1_1.2.2-2+deb13u1_arm64.deb ...
#41 74.05 Unpacking libsndfile1:arm64 (1.2.2-2+deb13u1) ...
#41 74.08 Selecting previously unselected package libpulse0:arm64.
#41 74.08 Preparing to unpack .../154-libpulse0_17.0+dfsg1-2+b1_arm64.deb ...
#41 74.08 Unpacking libpulse0:arm64 (17.0+dfsg1-2+b1) ...
#41 74.10 Selecting previously unselected package libsphinxbase3t64:arm64.
#41 74.10 Preparing to unpack .../155-libsphinxbase3t64_0.8+5prealpha+1-21+b1_arm64.deb ...
#41 74.10 Unpacking libsphinxbase3t64:arm64 (0.8+5prealpha+1-21+b1) ...
#41 74.12 Selecting previously unselected package libpocketsphinx3:arm64.
#41 74.12 Preparing to unpack .../156-libpocketsphinx3_0.8+5prealpha+1-15+b4_arm64.deb ...
#41 74.12 Unpacking libpocketsphinx3:arm64 (0.8+5prealpha+1-15+b4) ...
#41 74.14 Selecting previously unselected package libpostproc58:arm64.
#41 74.14 Preparing to unpack .../157-libpostproc58_7%3a7.1.5-0+deb13u1_arm64.deb ...
#41 74.14 Unpacking libpostproc58:arm64 (7:7.1.5-0+deb13u1) ...
#41 74.15 Selecting previously unselected package libfftw3-double3:arm64.
#41 74.15 Preparing to unpack .../158-libfftw3-double3_3.3.10-2+b1_arm64.deb ...
#41 74.15 Unpacking libfftw3-double3:arm64 (3.3.10-2+b1) ...
#41 74.18 Selecting previously unselected package libsamplerate0:arm64.
#41 74.18 Preparing to unpack .../159-libsamplerate0_0.2.2-4+b2_arm64.deb ...
#41 74.19 Unpacking libsamplerate0:arm64 (0.2.2-4+b2) ...
#41 74.24 Selecting previously unselected package librubberband2:arm64.
#41 74.25 Preparing to unpack .../160-librubberband2_3.3.0+dfsg-2+b3_arm64.deb ...
#41 74.25 Unpacking librubberband2:arm64 (3.3.0+dfsg-2+b3) ...
#41 74.27 Selecting previously unselected package libswscale8:arm64.
#41 74.27 Preparing to unpack .../161-libswscale8_7%3a7.1.5-0+deb13u1_arm64.deb ...
#41 74.27 Unpacking libswscale8:arm64 (7:7.1.5-0+deb13u1) ...
#41 74.29 Selecting previously unselected package libvidstab1.1:arm64.
#41 74.29 Preparing to unpack .../162-libvidstab1.1_1.1.0-2+b2_arm64.deb ...
#41 74.29 Unpacking libvidstab1.1:arm64 (1.1.0-2+b2) ...
#41 74.31 Selecting previously unselected package libzimg2:arm64.
#41 74.31 Preparing to unpack .../163-libzimg2_3.0.5+ds1-1+b2_arm64.deb ...
#41 74.31 Unpacking libzimg2:arm64 (3.0.5+ds1-1+b2) ...
#41 74.32 Selecting previously unselected package libavfilter10:arm64.
#41 74.33 Preparing to unpack .../164-libavfilter10_7%3a7.1.5-0+deb13u1_arm64.deb ...
#41 74.33 Unpacking libavfilter10:arm64 (7:7.1.5-0+deb13u1) ...
#41 74.49 Selecting previously unselected package libslang2:arm64.
#41 74.50 Preparing to unpack .../165-libslang2_2.3.3-5+b2_arm64.deb ...
#41 74.50 Unpacking libslang2:arm64 (2.3.3-5+b2) ...
#41 74.53 Selecting previously unselected package libcaca0:arm64.
#41 74.53 Preparing to unpack .../166-libcaca0_0.99.beta20-5+deb13u1_arm64.deb ...
#41 74.53 Unpacking libcaca0:arm64 (0.99.beta20-5+deb13u1) ...
#41 74.56 Selecting previously unselected package libcdio19t64:arm64.
#41 74.56 Preparing to unpack .../167-libcdio19t64_2.2.0-4.1~deb13u1_arm64.deb ...
#41 74.56 Unpacking libcdio19t64:arm64 (2.2.0-4.1~deb13u1) ...
#41 74.57 Selecting previously unselected package libcdio-cdda2t64:arm64.
#41 74.57 Preparing to unpack .../168-libcdio-cdda2t64_10.2+2.0.2-1+b1_arm64.deb ...
#41 74.58 Unpacking libcdio-cdda2t64:arm64 (10.2+2.0.2-1+b1) ...
#41 74.59 Selecting previously unselected package libcdio-paranoia2t64:arm64.
#41 74.59 Preparing to unpack .../169-libcdio-paranoia2t64_10.2+2.0.2-1+b1_arm64.deb ...
#41 74.59 Unpacking libcdio-paranoia2t64:arm64 (10.2+2.0.2-1+b1) ...
#41 74.60 Selecting previously unselected package libusb-1.0-0:arm64.
#41 74.60 Preparing to unpack .../170-libusb-1.0-0_2%3a1.0.28-1_arm64.deb ...
#41 74.60 Unpacking libusb-1.0-0:arm64 (2:1.0.28-1) ...
#41 74.61 Selecting previously unselected package libdc1394-25:arm64.
#41 74.61 Preparing to unpack .../171-libdc1394-25_2.2.6-5_arm64.deb ...
#41 74.61 Unpacking libdc1394-25:arm64 (2.2.6-5) ...
#41 74.63 Selecting previously unselected package libglvnd0:arm64.
#41 74.63 Preparing to unpack .../172-libglvnd0_1.7.0-1+b2_arm64.deb ...
#41 74.63 Unpacking libglvnd0:arm64 (1.7.0-1+b2) ...
#41 74.65 Selecting previously unselected package libxcb-glx0:arm64.
#41 74.65 Preparing to unpack .../173-libxcb-glx0_1.17.0-2+b1_arm64.deb ...
#41 74.65 Unpacking libxcb-glx0:arm64 (1.17.0-2+b1) ...
#41 74.67 Selecting previously unselected package libxcb-present0:arm64.
#41 74.67 Preparing to unpack .../174-libxcb-present0_1.17.0-2+b1_arm64.deb ...
#41 74.67 Unpacking libxcb-present0:arm64 (1.17.0-2+b1) ...
#41 74.69 Selecting previously unselected package libxcb-xfixes0:arm64.
#41 74.69 Preparing to unpack .../175-libxcb-xfixes0_1.17.0-2+b1_arm64.deb ...
#41 74.69 Unpacking libxcb-xfixes0:arm64 (1.17.0-2+b1) ...
#41 74.71 Selecting previously unselected package libxxf86vm1:arm64.
#41 74.71 Preparing to unpack .../176-libxxf86vm1_1%3a1.1.4-1+b4_arm64.deb ...
#41 74.71 Unpacking libxxf86vm1:arm64 (1:1.1.4-1+b4) ...
#41 74.73 Selecting previously unselected package libdrm-amdgpu1:arm64.
#41 74.73 Preparing to unpack .../177-libdrm-amdgpu1_2.4.124-2_arm64.deb ...
#41 74.73 Unpacking libdrm-amdgpu1:arm64 (2.4.124-2) ...
#41 74.75 Selecting previously unselected package libelf1t64:arm64.
#41 74.75 Preparing to unpack .../178-libelf1t64_0.192-4_arm64.deb ...
#41 74.75 Unpacking libelf1t64:arm64 (0.192-4) ...
#41 74.77 Selecting previously unselected package libedit2:arm64.
#41 74.77 Preparing to unpack .../179-libedit2_3.1-20250104-1_arm64.deb ...
#41 74.77 Unpacking libedit2:arm64 (3.1-20250104-1) ...
#41 74.79 Selecting previously unselected package libz3-4:arm64.
#41 74.79 Preparing to unpack .../180-libz3-4_4.13.3-1_arm64.deb ...
#41 74.79 Unpacking libz3-4:arm64 (4.13.3-1) ...
#41 75.13 Selecting previously unselected package libllvm19:arm64.
#41 75.14 Preparing to unpack .../181-libllvm19_1%3a19.1.7-3+b1_arm64.deb ...
#41 75.14 Unpacking libllvm19:arm64 (1:19.1.7-3+b1) ...
#41 75.80 Selecting previously unselected package libsensors-config.
#41 75.80 Preparing to unpack .../182-libsensors-config_1%3a3.6.2-2_all.deb ...
#41 75.80 Unpacking libsensors-config (1:3.6.2-2) ...
#41 75.83 Selecting previously unselected package libsensors5:arm64.
#41 75.83 Preparing to unpack .../183-libsensors5_1%3a3.6.2-2_arm64.deb ...
#41 75.84 Unpacking libsensors5:arm64 (1:3.6.2-2) ...
#41 75.86 Selecting previously unselected package libxcb-randr0:arm64.
#41 75.86 Preparing to unpack .../184-libxcb-randr0_1.17.0-2+b1_arm64.deb ...
#41 75.87 Unpacking libxcb-randr0:arm64 (1.17.0-2+b1) ...
#41 75.90 Selecting previously unselected package libxcb-sync1:arm64.
#41 75.90 Preparing to unpack .../185-libxcb-sync1_1.17.0-2+b1_arm64.deb ...
#41 75.90 Unpacking libxcb-sync1:arm64 (1.17.0-2+b1) ...
#41 75.93 Selecting previously unselected package libxshmfence1:arm64.
#41 75.93 Preparing to unpack .../186-libxshmfence1_1.3.3-1_arm64.deb ...
#41 75.94 Unpacking libxshmfence1:arm64 (1.3.3-1) ...
#41 75.95 Selecting previously unselected package mesa-libgallium:arm64.
#41 75.95 Preparing to unpack .../187-mesa-libgallium_25.0.7-2+deb13u1_arm64.deb ...
#41 75.96 Unpacking mesa-libgallium:arm64 (25.0.7-2+deb13u1) ...
#41 76.39 Selecting previously unselected package libwayland-server0:arm64.
#41 76.39 Preparing to unpack .../188-libwayland-server0_1.23.1-3_arm64.deb ...
#41 76.39 Unpacking libwayland-server0:arm64 (1.23.1-3) ...
#41 76.42 Selecting previously unselected package libgbm1:arm64.
#41 76.42 Preparing to unpack .../189-libgbm1_25.0.7-2+deb13u1_arm64.deb ...
#41 76.42 Unpacking libgbm1:arm64 (25.0.7-2+deb13u1) ...
#41 76.45 Selecting previously unselected package libgl1-mesa-dri:arm64.
#41 76.45 Preparing to unpack .../190-libgl1-mesa-dri_25.0.7-2+deb13u1_arm64.deb ...
#41 76.46 Unpacking libgl1-mesa-dri:arm64 (25.0.7-2+deb13u1) ...
#41 76.50 Selecting previously unselected package libglx-mesa0:arm64.
#41 76.50 Preparing to unpack .../191-libglx-mesa0_25.0.7-2+deb13u1_arm64.deb ...
#41 76.51 Unpacking libglx-mesa0:arm64 (25.0.7-2+deb13u1) ...
#41 76.55 Selecting previously unselected package libglx0:arm64.
#41 76.55 Preparing to unpack .../192-libglx0_1.7.0-1+b2_arm64.deb ...
#41 76.55 Unpacking libglx0:arm64 (1.7.0-1+b2) ...
#41 76.59 Selecting previously unselected package libgl1:arm64.
#41 76.59 Preparing to unpack .../193-libgl1_1.7.0-1+b2_arm64.deb ...
#41 76.60 Unpacking libgl1:arm64 (1.7.0-1+b2) ...
#41 76.62 Selecting previously unselected package libiec61883-0:arm64.
#41 76.62 Preparing to unpack .../194-libiec61883-0_1.2.0-7_arm64.deb ...
#41 76.62 Unpacking libiec61883-0:arm64 (1.2.0-7) ...
#41 76.65 Selecting previously unselected package libjack-jackd2-0:arm64.
#41 76.65 Preparing to unpack .../195-libjack-jackd2-0_1.9.22~dfsg-4_arm64.deb ...
#41 76.66 Unpacking libjack-jackd2-0:arm64 (1.9.22~dfsg-4) ...
#41 76.69 Selecting previously unselected package libopenal-data.
#41 76.69 Preparing to unpack .../196-libopenal-data_1%3a1.24.2-1_all.deb ...
#41 76.69 Unpacking libopenal-data (1:1.24.2-1) ...
#41 76.74 Selecting previously unselected package libopenal1:arm64.
#41 76.74 Preparing to unpack .../197-libopenal1_1%3a1.24.2-1_arm64.deb ...
#41 76.74 Unpacking libopenal1:arm64 (1:1.24.2-1) ...
#41 76.80 Selecting previously unselected package libwayland-client0:arm64.
#41 76.80 Preparing to unpack .../198-libwayland-client0_1.23.1-3_arm64.deb ...
#41 76.80 Unpacking libwayland-client0:arm64 (1.23.1-3) ...
#41 76.83 Selecting previously unselected package libdecor-0-0:arm64.
#41 76.83 Preparing to unpack .../199-libdecor-0-0_0.2.2-2_arm64.deb ...
#41 76.83 Unpacking libdecor-0-0:arm64 (0.2.2-2) ...
#41 76.85 Selecting previously unselected package libwayland-cursor0:arm64.
#41 76.85 Preparing to unpack .../200-libwayland-cursor0_1.23.1-3_arm64.deb ...
#41 76.86 Unpacking libwayland-cursor0:arm64 (1.23.1-3) ...
#41 76.88 Selecting previously unselected package libwayland-egl1:arm64.
#41 76.88 Preparing to unpack .../201-libwayland-egl1_1.23.1-3_arm64.deb ...
#41 76.88 Unpacking libwayland-egl1:arm64 (1.23.1-3) ...
#41 76.90 Selecting previously unselected package libxcursor1:arm64.
#41 76.90 Preparing to unpack .../202-libxcursor1_1%3a1.2.3-1_arm64.deb ...
#41 76.91 Unpacking libxcursor1:arm64 (1:1.2.3-1) ...
#41 76.94 Selecting previously unselected package libxi6:arm64.
#41 76.94 Preparing to unpack .../203-libxi6_2%3a1.8.2-1_arm64.deb ...
#41 76.94 Unpacking libxi6:arm64 (2:1.8.2-1) ...
#41 76.97 Selecting previously unselected package xkb-data.
#41 76.97 Preparing to unpack .../204-xkb-data_2.42-1_all.deb ...
#41 76.97 Unpacking xkb-data (2.42-1) ...
#41 77.06 Selecting previously unselected package libxkbcommon0:arm64.
#41 77.06 Preparing to unpack .../205-libxkbcommon0_1.7.0-2_arm64.deb ...
#41 77.07 Unpacking libxkbcommon0:arm64 (1.7.0-2) ...
#41 77.10 Selecting previously unselected package libxrandr2:arm64.
#41 77.10 Preparing to unpack .../206-libxrandr2_2%3a1.5.4-1+b3_arm64.deb ...
#41 77.10 Unpacking libxrandr2:arm64 (2:1.5.4-1+b3) ...
#41 77.23 Selecting previously unselected package x11-common.
#41 77.23 Preparing to unpack .../207-x11-common_1%3a7.7+24+deb13u1_all.deb ...
#41 77.24 Unpacking x11-common (1:7.7+24+deb13u1) ...
#41 77.29 Selecting previously unselected package libxss1:arm64.
#41 77.29 Preparing to unpack .../208-libxss1_1%3a1.2.3-1+b3_arm64.deb ...
#41 77.29 Unpacking libxss1:arm64 (1:1.2.3-1+b3) ...
#41 77.33 Selecting previously unselected package libsdl2-2.0-0:arm64.
#41 77.33 Preparing to unpack .../209-libsdl2-2.0-0_2.32.4+dfsg-1_arm64.deb ...
#41 77.33 Unpacking libsdl2-2.0-0:arm64 (2.32.4+dfsg-1) ...
#41 77.39 Selecting previously unselected package libxcb-shape0:arm64.
#41 77.39 Preparing to unpack .../210-libxcb-shape0_1.17.0-2+b1_arm64.deb ...
#41 77.39 Unpacking libxcb-shape0:arm64 (1.17.0-2+b1) ...
#41 77.42 Selecting previously unselected package libxv1:arm64.
#41 77.42 Preparing to unpack .../211-libxv1_2%3a1.0.11-1.1+b3_arm64.deb ...
#41 77.42 Unpacking libxv1:arm64 (2:1.0.11-1.1+b3) ...
#41 77.46 Selecting previously unselected package libavdevice61:arm64.
#41 77.46 Preparing to unpack .../212-libavdevice61_7%3a7.1.5-0+deb13u1_arm64.deb ...
#41 77.46 Unpacking libavdevice61:arm64 (7:7.1.5-0+deb13u1) ...
#41 77.50 Selecting previously unselected package ffmpeg.
#41 77.50 Preparing to unpack .../213-ffmpeg_7%3a7.1.5-0+deb13u1_arm64.deb ...
#41 77.50 Unpacking ffmpeg (7:7.1.5-0+deb13u1) ...
#41 77.59 Selecting previously unselected package gnupg-l10n.
#41 77.59 Preparing to unpack .../214-gnupg-l10n_2.4.7-21+deb13u1_all.deb ...
#41 77.59 Unpacking gnupg-l10n (2.4.7-21+deb13u1) ...
#41 77.66 Selecting previously unselected package gpg.
#41 77.66 Preparing to unpack .../215-gpg_2.4.7-21+deb13u1+b4_arm64.deb ...
#41 77.66 Unpacking gpg (2.4.7-21+deb13u1+b4) ...
#41 77.72 Selecting previously unselected package pinentry-curses.
#41 77.72 Preparing to unpack .../216-pinentry-curses_1.3.1-2_arm64.deb ...
#41 77.72 Unpacking pinentry-curses (1.3.1-2) ...
#41 77.75 Selecting previously unselected package gpg-agent.
#41 77.75 Preparing to unpack .../217-gpg-agent_2.4.7-21+deb13u1+b4_arm64.deb ...
#41 77.76 Unpacking gpg-agent (2.4.7-21+deb13u1+b4) ...
#41 77.80 Selecting previously unselected package gpgsm.
#41 77.80 Preparing to unpack .../218-gpgsm_2.4.7-21+deb13u1+b4_arm64.deb ...
#41 77.80 Unpacking gpgsm (2.4.7-21+deb13u1+b4) ...
#41 77.84 Selecting previously unselected package gnupg.
#41 77.84 Preparing to unpack .../219-gnupg_2.4.7-21+deb13u1_all.deb ...
#41 77.85 Unpacking gnupg (2.4.7-21+deb13u1) ...
#41 77.89 Selecting previously unselected package libnghttp2-14:arm64.
#41 77.89 Preparing to unpack .../220-libnghttp2-14_1.64.0-1.1+deb13u1_arm64.deb ...
#41 77.89 Unpacking libnghttp2-14:arm64 (1.64.0-1.1+deb13u1) ...
#41 77.93 Selecting previously unselected package libnghttp3-9:arm64.
#41 77.93 Preparing to unpack .../221-libnghttp3-9_1.8.0-1_arm64.deb ...
#41 77.93 Unpacking libnghttp3-9:arm64 (1.8.0-1) ...
#41 77.96 Selecting previously unselected package libngtcp2-16:arm64.
#41 77.96 Preparing to unpack .../222-libngtcp2-16_1.11.0-1+deb13u1_arm64.deb ...
#41 77.96 Unpacking libngtcp2-16:arm64 (1.11.0-1+deb13u1) ...
#41 77.99 Selecting previously unselected package libngtcp2-crypto-gnutls8:arm64.
#41 77.99 Preparing to unpack .../223-libngtcp2-crypto-gnutls8_1.11.0-1+deb13u1_arm64.deb ...
#41 78.00 Unpacking libngtcp2-crypto-gnutls8:arm64 (1.11.0-1+deb13u1) ...
#41 78.02 Selecting previously unselected package librtmp1:arm64.
#41 78.02 Preparing to unpack .../224-librtmp1_2.4+20151223.gitfa8646d.1-2+b5_arm64.deb ...
#41 78.02 Unpacking librtmp1:arm64 (2.4+20151223.gitfa8646d.1-2+b5) ...
#41 78.05 Selecting previously unselected package libssh2-1t64:arm64.
#41 78.06 Preparing to unpack .../225-libssh2-1t64_1.11.1-1+deb13u1_arm64.deb ...
#41 78.06 Unpacking libssh2-1t64:arm64 (1.11.1-1+deb13u1) ...
#41 78.09 Selecting previously unselected package libcurl3t64-gnutls:arm64.
#41 78.09 Preparing to unpack .../226-libcurl3t64-gnutls_8.14.1-2+deb13u4_arm64.deb ...
#41 78.09 Unpacking libcurl3t64-gnutls:arm64 (8.14.1-2+deb13u4) ...
#41 78.14 Selecting previously unselected package libgpgme11t64:arm64.
#41 78.14 Preparing to unpack .../227-libgpgme11t64_1.24.2-3_arm64.deb ...
#41 78.14 Unpacking libgpgme11t64:arm64 (1.24.2-3) ...
#41 78.18 Selecting previously unselected package libgpgmepp6t64:arm64.
#41 78.18 Preparing to unpack .../228-libgpgmepp6t64_1.24.2-3_arm64.deb ...
#41 78.18 Unpacking libgpgmepp6t64:arm64 (1.24.2-3) ...
#41 78.22 Selecting previously unselected package libnspr4:arm64.
#41 78.23 Preparing to unpack .../229-libnspr4_2%3a4.36-1_arm64.deb ...
#41 78.23 Unpacking libnspr4:arm64 (2:4.36-1) ...
#41 78.26 Selecting previously unselected package libnss3:arm64.
#41 78.26 Preparing to unpack .../230-libnss3_2%3a3.110-1+deb13u4_arm64.deb ...
#41 78.26 Unpacking libnss3:arm64 (2:3.110-1+deb13u4) ...
#41 78.36 Selecting previously unselected package libpoppler147:arm64.
#41 78.36 Preparing to unpack .../231-libpoppler147_25.03.0-5+deb13u4_arm64.deb ...
#41 78.37 Unpacking libpoppler147:arm64 (25.03.0-5+deb13u4) ...
#41 78.43 Selecting previously unselected package poppler-utils.
#41 78.44 Preparing to unpack .../232-poppler-utils_25.03.0-5+deb13u4_arm64.deb ...
#41 78.44 Unpacking poppler-utils (25.03.0-5+deb13u4) ...
#41 78.48 Setting up libgme0:arm64 (0.6.3-7+b2) ...
#41 78.50 Setting up libchromaprint1:arm64 (1.5.1-7) ...
#41 78.50 Setting up libhwy1t64:arm64 (1.2.0-2+b2) ...
#41 78.51 Setting up libexpat1:arm64 (2.8.2-1~deb13u1) ...
#41 78.52 Setting up libgraphite2-3:arm64 (1.3.14-2+deb13u1) ...
#41 78.53 Setting up liblcms2-2:arm64 (2.16-2+deb13u2) ...
#41 78.54 Setting up libpixman-1-0:arm64 (0.44.0-3) ...
#41 78.55 Setting up libdvdread8t64:arm64 (6.1.3-2) ...
#41 78.56 Setting up libudfread0:arm64 (1.1.2-1+b2) ...
#41 78.57 Setting up libnorm1t64:arm64 (1.5.9+dfsg-3.1+b2) ...
#41 78.57 Setting up libsharpyuv0:arm64 (1.5.0-0.1) ...
#41 78.57 Setting up libwayland-server0:arm64 (1.23.1-3) ...
#41 78.58 Setting up libaom3:arm64 (3.12.1-1+deb13u1) ...
#41 78.58 Setting up librabbitmq4:arm64 (0.15.0-1+deb13u1) ...
#41 78.59 Setting up libxau6:arm64 (1:1.0.11-1) ...
#41 78.59 Setting up libxdmcp6:arm64 (1:1.1.5-1) ...
#41 78.60 Setting up libnpth0t64:arm64 (1.8-3) ...
#41 78.60 Setting up libraw1394-11:arm64 (2.1.2-2+b2) ...
#41 78.61 Setting up libkeyutils1:arm64 (1.6.3-6) ...
#41 78.61 Setting up libxcb1:arm64 (1.17.0-2+b1) ...
#41 78.62 Setting up libsodium23:arm64 (1.0.18-1+deb13u1) ...
#41 78.62 Setting up libxcb-xfixes0:arm64 (1.17.0-2+b1) ...
#41 78.63 Setting up libogg0:arm64 (1.3.5-3+b2) ...
#41 78.64 Setting up liblerc4:arm64 (4.0.0+ds-5) ...
#41 78.64 Setting up libspeex1:arm64 (1.2.1-3) ...
#41 78.64 Setting up libshine3:arm64 (3.1.1-2+b2) ...
#41 78.65 Setting up libx264-164:arm64 (2:0.164.3108+git31e19f9-2+b1) ...
#41 78.66 Setting up libtwolame0:arm64 (0.4.0-2+b2) ...
#41 78.67 Setting up libgpg-error0:arm64 (1.51-4) ...
#41 78.68 Setting up libdatrie1:arm64 (0.2.13-3+b1) ...
#41 78.69 Setting up libgsm1:arm64 (1.0.22-1+b2) ...
#41 78.70 Setting up libxcb-render0:arm64 (1.17.0-2+b1) ...
#41 78.71 Setting up libzix-0-0:arm64 (0.6.2-1) ...
#41 78.72 Setting up libglvnd0:arm64 (1.7.0-1+b2) ...
#41 78.72 Setting up libcodec2-1.2:arm64 (1.2.0-3) ...
#41 78.73 Setting up libxcb-glx0:arm64 (1.17.0-2+b1) ...
#41 78.74 Setting up libbrotli1:arm64 (1.1.0-2+b7) ...
#41 78.74 Setting up libedit2:arm64 (3.1-20250104-1) ...
#41 78.76 Setting up libgdk-pixbuf2.0-common (2.42.12+dfsg-4+deb13u1) ...
#41 78.76 Setting up libmysofa1:arm64 (1.3.3+dfsg-1) ...
#41 78.77 Setting up libxcb-shape0:arm64 (1.17.0-2+b1) ...
#41 78.78 Setting up x11-common (1:7.7+24+deb13u1) ...
#41 78.87 debconf: unable to initialize frontend: Dialog
#41 78.87 debconf: (TERM is not set, so the dialog frontend is not usable.)
#41 78.87 debconf: falling back to frontend: Readline
#41 78.87 debconf: unable to initialize frontend: Readline
#41 78.87 debconf: (Can't locate Term/ReadLine.pm in @INC (you may need to install the Term::ReadLine module) (@INC entries checked: /etc/perl /usr/local/lib/aarch64-linux-gnu/perl/5.40.1 /usr/local/share/perl/5.40.1 /usr/lib/aarch64-linux-gnu/perl5/5.40 /usr/share/perl5 /usr/lib/aarch64-linux-gnu/perl-base /usr/lib/aarch64-linux-gnu/perl/5.40 /usr/share/perl/5.40 /usr/local/lib/site_perl) at /usr/share/perl5/Debconf/FrontEnd/Readline.pm line 8.)
#41 78.87 debconf: falling back to frontend: Teletype
#41 78.88 debconf: unable to initialize frontend: Teletype
#41 78.88 debconf: (This frontend requires a controlling tty.)
#41 78.88 debconf: falling back to frontend: Noninteractive
#41 78.89 invoke-rc.d: could not determine current runlevel
#41 78.90 invoke-rc.d: policy-rc.d denied execution of start.
#41 78.90 Setting up libsensors-config (1:3.6.2-2) ...
#41 78.92 Setting up libnghttp2-14:arm64 (1.64.0-1.1+deb13u1) ...
#41 78.92 Setting up libcdio19t64:arm64 (2.2.0-4.1~deb13u1) ...
#41 78.93 Setting up libdeflate0:arm64 (1.23-2) ...
#41 78.93 Setting up libgcrypt20:arm64 (1.11.0-7+deb13u1) ...
#41 78.94 Setting up xkb-data (2.42-1) ...
#41 78.94 Setting up libxcb-shm0:arm64 (1.17.0-2+b1) ...
#41 78.96 Setting up libcom-err2:arm64 (1.47.2-3+b11) ...
#41 78.97 Setting up libmpg123-0t64:arm64 (1.32.10-1+deb13u1) ...
#41 78.98 Setting up libgomp1:arm64 (14.2.0-19) ...
#41 78.98 Setting up libcjson1:arm64 (1.7.18-3.1+deb13u1) ...
#41 78.99 Setting up libxvidcore4:arm64 (2:1.3.7-1+b2) ...
#41 79.00 Setting up libjbig0:arm64 (2.1-6.1+b2) ...
#41 79.00 Setting up libelf1t64:arm64 (0.192-4) ...
#41 79.01 Setting up libsnappy1v5:arm64 (1.2.2-1) ...
#41 79.01 Setting up libcdio-cdda2t64:arm64 (10.2+2.0.2-1+b1) ...
#41 79.02 Setting up libkrb5support0:arm64 (1.21.3-5+deb13u1) ...
#41 79.03 Setting up libsasl2-modules-db:arm64 (2.1.28+dfsg1-9) ...
#41 79.04 Setting up libxcb-present0:arm64 (1.17.0-2+b1) ...
#41 79.05 Setting up libasound2-data (1.2.14-1) ...
#41 79.06 Setting up libpgm-5.3-0t64:arm64 (5.3.128~dfsg-2.1+b1) ...
#41 79.07 Setting up libtheoraenc1:arm64 (1.2.0~alpha1+dfsg-6) ...
#41 79.07 Setting up libz3-4:arm64 (4.13.3-1) ...
#41 79.08 Setting up libblas3:arm64 (3.12.1-6) ...
#41 79.09 update-alternatives: using /usr/lib/aarch64-linux-gnu/blas/libblas.so.3 to provide /usr/lib/aarch64-linux-gnu/libblas.so.3 (libblas.so.3-aarch64-linux-gnu) in auto mode
#41 79.10 Setting up libasound2t64:arm64 (1.2.14-1) ...
#41 79.11 Setting up libjpeg62-turbo:arm64 (1:2.1.5-4) ...
#41 79.12 Setting up libslang2:arm64 (2.3.3-5+b2) ...
#41 79.13 Setting up libva2:arm64 (2.22.0-3) ...
#41 79.14 Setting up libx11-data (2:1.8.12-1) ...
#41 79.15 Setting up libsvtav1enc2:arm64 (2.3.0+dfsg-1) ...
#41 79.16 Setting up libnspr4:arm64 (2:4.36-1) ...
#41 79.17 Setting up gnupg-l10n (2.4.7-21+deb13u1) ...
#41 79.18 Setting up libxcb-sync1:arm64 (1.17.0-2+b1) ...
#41 79.19 Setting up libdbus-1-3:arm64 (1.16.2-2) ...
#41 79.19 Setting up libfribidi0:arm64 (1.0.16-1) ...
#41 79.21 Setting up libopus0:arm64 (1.5.2-2) ...
#41 79.21 Setting up libp11-kit0:arm64 (0.25.5-3) ...
#41 79.34 Setting up libcdio-paranoia2t64:arm64 (10.2+2.0.2-1+b1) ...
#41 79.35 Setting up libunistring5:arm64 (1.3-2) ...
#41 79.36 Setting up fonts-dejavu-mono (2.37-8) ...
#41 79.38 Setting up libpng16-16t64:arm64 (1.6.48-1+deb13u5) ...
#41 79.39 Setting up libatomic1:arm64 (14.2.0-19) ...
#41 79.40 Setting up libvorbis0a:arm64 (1.3.7-3) ...
#41 79.40 Setting up fonts-dejavu-core (2.37-8) ...
#41 79.44 Setting up libflac14:arm64 (1.5.0+ds-2) ...
#41 79.44 Setting up libsensors5:arm64 (1:3.6.2-2) ...
#41 79.45 Setting up libk5crypto3:arm64 (1.21.3-5+deb13u1) ...
#41 79.45 Setting up libfftw3-double3:arm64 (3.3.10-2+b1) ...
#41 79.46 Setting up libsasl2-2:arm64 (2.1.28+dfsg1-9) ...
#41 79.46 Setting up libgfortran5:arm64 (14.2.0-19) ...
#41 79.47 Setting up libvulkan1:arm64 (1.4.309.0-1) ...
#41 79.48 Setting up libnghttp3-9:arm64 (1.8.0-1) ...
#41 79.48 Setting up libwebp7:arm64 (1.5.0-0.1) ...
#41 79.49 Setting up libnuma1:arm64 (2.0.19-1) ...
#41 79.51 Setting up libvidstab1.1:arm64 (1.1.0-2+b2) ...
#41 79.52 Setting up libvpx9:arm64 (1.15.0-2.1+deb13u1) ...
#41 79.52 Setting up libflite1:arm64 (2.2-7) ...
#41 79.53 Setting up libdav1d7:arm64 (1.5.1-1) ...
#41 79.53 Setting up ocl-icd-libopencl1:arm64 (2.3.3-1) ...
#41 79.54 Setting up libasyncns0:arm64 (0.8-6+b5) ...
#41 79.55 Setting up libxshmfence1:arm64 (1.3.3-1) ...
#41 79.56 Setting up libtiff6:arm64 (4.7.0-3+deb13u3) ...
#41 79.56 Setting up libbs2b0:arm64 (3.1.0+dfsg-8+b1) ...
#41 79.57 Setting up libxcb-randr0:arm64 (1.17.0-2+b1) ...
#41 79.58 Setting up librav1e0.7:arm64 (0.7.1-9+b2) ...
#41 79.58 Setting up libassuan9:arm64 (3.0.2-2) ...
#41 79.59 Setting up gpgconf (2.4.7-21+deb13u1+b4) ...
#41 79.60 Setting up libtasn1-6:arm64 (4.20.0-2+deb13u1) ...
#41 79.61 Setting up libzimg2:arm64 (3.0.5+ds1-1+b2) ...
#41 79.62 Setting up libopenjp2-7:arm64 (2.5.3-2.1~deb13u2) ...
#41 79.63 Setting up libx11-6:arm64 (2:1.8.12-1) ...
#41 79.64 Setting up libopenal-data (1:1.24.2-1) ...
#41 79.65 Setting up libthai-data (0.1.29-2) ...
#41 79.66 Setting up libngtcp2-16:arm64 (1.11.0-1+deb13u1) ...
#41 79.66 Setting up libkrb5-3:arm64 (1.21.3-5+deb13u1) ...
#41 79.67 Setting up libunibreak6:arm64 (6.1-3) ...
#41 79.68 Setting up libwayland-egl1:arm64 (1.23.1-3) ...
#41 79.69 Setting up libusb-1.0-0:arm64 (2:1.0.28-1) ...
#41 79.70 Setting up libmbedcrypto16:arm64 (3.6.5-0.1~deb13u1) ...
#41 79.71 Setting up libssh2-1t64:arm64 (1.11.1-1+deb13u1) ...
#41 79.72 Setting up libx265-215:arm64 (4.1-2) ...
#41 79.73 Setting up libsamplerate0:arm64 (0.2.2-4+b2) ...
#41 79.74 Setting up libwebpmux3:arm64 (1.5.0-0.1) ...
#41 79.75 Setting up libdrm-common (2.4.124-2) ...
#41 79.76 Setting up libjxl0.11:arm64 (0.11.2-0.1~deb13u2) ...
#41 79.76 Setting up libxml2:arm64 (2.12.7+dfsg+really2.9.14-2.1+deb13u3) ...
#41 79.77 Setting up libldap2:arm64 (2.6.10+dfsg-1) ...
#41 79.78 Setting up libzvbi-common (0.2.44-1) ...
#41 79.79 Setting up libmp3lame0:arm64 (3.100-6+b3) ...
#41 79.80 Setting up libvorbisenc2:arm64 (1.3.7-3) ...
#41 79.81 Setting up libdvdnav4:arm64 (6.1.1-3+b1) ...
#41 79.82 Setting up libiec61883-0:arm64 (1.2.0-7) ...
#41 79.82 Setting up libserd-0-0:arm64 (0.32.4-1) ...
#41 79.83 Setting up libxkbcommon0:arm64 (1.7.0-2) ...
#41 79.84 Setting up libwayland-client0:arm64 (1.23.1-3) ...
#41 79.85 Setting up libksba8:arm64 (1.6.7-2+b1) ...
#41 79.86 Setting up pinentry-curses (1.3.1-2) ...
#41 79.87 Setting up libavc1394-0:arm64 (0.5.4-5+b2) ...
#41 79.88 Setting up libxcb-dri3-0:arm64 (1.17.0-2+b1) ...
#41 79.89 Setting up libllvm19:arm64 (1:19.1.7-3+b1) ...
#41 79.90 Setting up libx11-xcb1:arm64 (2:1.8.12-1) ...
#41 79.91 Setting up liblapack3:arm64 (3.12.1-6) ...
#41 79.91 update-alternatives: using /usr/lib/aarch64-linux-gnu/lapack/liblapack.so.3 to provide /usr/lib/aarch64-linux-gnu/liblapack.so.3 (liblapack.so.3-aarch64-linux-gnu) in auto mode
#41 79.92 Setting up gpg-agent (2.4.7-21+deb13u1+b4) ...
#41 80.13 Setting up libcaca0:arm64 (0.99.beta20-5+deb13u1) ...
#41 80.15 Setting up libzvbi0t64:arm64 (0.2.44-1) ...
#41 80.15 Setting up libxrender1:arm64 (1:0.9.12-1) ...
#41 80.16 Setting up libsoxr0:arm64 (0.1.3-4+b2) ...
#41 80.16 Setting up fontconfig-config (2.15.0-2.3) ...
#41 80.20 debconf: unable to initialize frontend: Dialog
#41 80.20 debconf: (TERM is not set, so the dialog frontend is not usable.)
#41 80.20 debconf: falling back to frontend: Readline
#41 80.20 debconf: unable to initialize frontend: Readline
#41 80.20 debconf: (Can't locate Term/ReadLine.pm in @INC (you may need to install the Term::ReadLine module) (@INC entries checked: /etc/perl /usr/local/lib/aarch64-linux-gnu/perl/5.40.1 /usr/local/share/perl/5.40.1 /usr/lib/aarch64-linux-gnu/perl5/5.40 /usr/share/perl5 /usr/lib/aarch64-linux-gnu/perl-base /usr/lib/aarch64-linux-gnu/perl/5.40 /usr/share/perl/5.40 /usr/local/lib/site_perl) at /usr/share/perl5/Debconf/FrontEnd/Readline.pm line 8.)
#41 80.20 debconf: falling back to frontend: Teletype
#41 80.20 debconf: unable to initialize frontend: Teletype
#41 80.20 debconf: (This frontend requires a controlling tty.)
#41 80.20 debconf: falling back to frontend: Noninteractive
#41 80.23 Setting up gpgsm (2.4.7-21+deb13u1+b4) ...
#41 80.23 Setting up libxext6:arm64 (2:1.3.4-1+b3) ...
#41 80.24 Setting up libidn2-0:arm64 (2.3.8-2) ...
#41 80.25 Setting up libnss3:arm64 (2:3.110-1+deb13u4) ...
#41 80.26 Setting up libopenal1:arm64 (1:1.24.2-1) ...
#41 80.27 Setting up libxxf86vm1:arm64 (1:1.1.4-1+b4) ...
#41 80.27 Setting up librist4:arm64 (0.2.11+dfsg-1) ...
#41 80.29 Setting up libthai0:arm64 (0.1.29-2+b1) ...
#41 80.30 Setting up libvorbisfile3:arm64 (1.3.7-3) ...
#41 80.31 Setting up libglib2.0-0t64:arm64 (2.84.4-3~deb13u3) ...
#41 80.32 No schema files found: doing nothing.
#41 80.33 Setting up libfreetype6:arm64 (2.13.3+dfsg-1+deb13u1) ...
#41 80.34 Setting up libxfixes3:arm64 (1:6.0.0-2+b4) ...
#41 80.34 Setting up shared-mime-info (2.4-5+b2) ...
#41 82.01 Setting up libplacebo349:arm64 (7.349.0-3) ...
#41 82.02 Setting up libdc1394-25:arm64 (2.2.6-5) ...
#41 82.03 Setting up libxv1:arm64 (2:1.0.11-1.1+b3) ...
#41 82.04 Setting up libgssapi-krb5-2:arm64 (1.21.3-5+deb13u1) ...
#41 82.04 Setting up libxrandr2:arm64 (2:1.5.4-1+b3) ...
#41 82.05 Setting up libssh-4:arm64 (0.11.5-0+deb13u1) ...
#41 82.05 Setting up librubberband2:arm64 (3.3.0+dfsg-2+b3) ...
#41 82.06 Setting up libjack-jackd2-0:arm64 (1.9.22~dfsg-4) ...
#41 82.07 Setting up libdrm2:arm64 (2.4.124-2) ...
#41 82.08 Setting up libva-drm2:arm64 (2.22.0-3) ...
#41 82.08 Setting up libvdpau1:arm64 (1.5-3+b1) ...
#41 82.09 Setting up libsord-0-0:arm64 (0.16.18-1) ...
#41 82.10 Setting up libwayland-cursor0:arm64 (1.23.1-3) ...
#41 82.11 Setting up libsratom-0-0:arm64 (0.6.18-1) ...
#41 82.13 Setting up libdecor-0-0:arm64 (0.2.2-2) ...
#41 82.13 Setting up libharfbuzz0b:arm64 (10.2.0-1+deb13u1) ...
#41 82.14 Setting up libgdk-pixbuf-2.0-0:arm64 (2.42.12+dfsg-4+deb13u1) ...
#41 82.16 Setting up libxss1:arm64 (1:1.2.3-1+b3) ...
#41 82.17 Setting up libfontconfig1:arm64 (2.15.0-2.3) ...
#41 82.17 Setting up libsndfile1:arm64 (1.2.2-2+deb13u1) ...
#41 82.18 Setting up libbluray2:arm64 (1:1.3.4-1+b2) ...
#41 82.18 Setting up libva-x11-2:arm64 (2.22.0-3) ...
#41 82.18 Setting up liblilv-0-0:arm64 (0.24.26-1) ...
#41 82.19 Setting up libopenmpt0t64:arm64 (0.7.13-1+b1) ...
#41 82.19 Setting up gpg (2.4.7-21+deb13u1+b4) ...
#41 82.26 Setting up libdrm-amdgpu1:arm64 (2.4.124-2) ...
#41 82.27 Setting up libgnutls30t64:arm64 (3.8.9-3+deb13u4) ...
#41 82.28 Setting up mesa-libgallium:arm64 (25.0.7-2+deb13u1) ...
#41 82.29 Setting up fontconfig (2.15.0-2.3) ...
#41 82.29 Regenerating fonts cache... done.
#41 84.32 Setting up libzmq5:arm64 (4.3.5-1+b3) ...
#41 84.33 Setting up libxi6:arm64 (2:1.8.2-1) ...
#41 84.35 Setting up libgbm1:arm64 (25.0.7-2+deb13u1) ...
#41 84.35 Setting up libpulse0:arm64 (17.0+dfsg1-2+b1) ...
#41 84.37 Setting up libxcursor1:arm64 (1:1.2.3-1) ...
#41 84.37 Setting up libpango-1.0-0:arm64 (1.56.3-1) ...
#41 84.38 Setting up libgl1-mesa-dri:arm64 (25.0.7-2+deb13u1) ...
#41 84.39 Setting up libpsl5t64:arm64 (0.21.2-1.1+b1) ...
#41 84.39 Setting up libavutil59:arm64 (7:7.1.5-0+deb13u1) ...
#41 84.39 Setting up libcairo2:arm64 (1.18.4-1+b1) ...
#41 84.40 Setting up libpostproc58:arm64 (7:7.1.5-0+deb13u1) ...
#41 84.40 Setting up libsphinxbase3t64:arm64 (0.8+5prealpha+1-21+b1) ...
#41 84.40 Setting up dirmngr (2.4.7-21+deb13u1+b4) ...
#41 84.46 Setting up libswresample5:arm64 (7:7.1.5-0+deb13u1) ...
#41 84.46 Setting up libswscale8:arm64 (7:7.1.5-0+deb13u1) ...
#41 84.46 Setting up libass9:arm64 (1:0.17.3-1+deb13u1) ...
#41 84.47 Setting up libtheoradec1:arm64 (1.2.0~alpha1+dfsg-6) ...
#41 84.47 Setting up librtmp1:arm64 (2.4+20151223.gitfa8646d.1-2+b5) ...
#41 84.47 Setting up libsrt1.5-gnutls:arm64 (1.5.4-1) ...
#41 84.48 Setting up gnupg (2.4.7-21+deb13u1) ...
#41 84.48 Setting up libcairo-gobject2:arm64 (1.18.4-1+b1) ...
#41 84.48 Setting up libgpgme11t64:arm64 (1.24.2-3) ...
#41 84.48 Setting up libpangoft2-1.0-0:arm64 (1.56.3-1) ...
#41 84.48 Setting up libsdl2-2.0-0:arm64 (2.32.4+dfsg-1) ...
#41 84.49 Setting up libngtcp2-crypto-gnutls8:arm64 (1.11.0-1+deb13u1) ...
#41 84.49 Setting up libpangocairo-1.0-0:arm64 (1.56.3-1) ...
#41 84.50 Setting up libgpgmepp6t64:arm64 (1.24.2-3) ...
#41 84.51 Setting up libglx-mesa0:arm64 (25.0.7-2+deb13u1) ...
#41 84.52 Setting up wget (1.25.0-2) ...
#41 84.52 Setting up libglx0:arm64 (1.7.0-1+b2) ...
#41 84.52 Setting up libcurl3t64-gnutls:arm64 (8.14.1-2+deb13u4) ...
#41 84.53 Setting up librsvg2-2:arm64 (2.60.0+dfsg-1) ...
#41 84.53 Setting up libpocketsphinx3:arm64 (0.8+5prealpha+1-15+b4) ...
#41 84.53 Setting up libgl1:arm64 (1.7.0-1+b2) ...
#41 84.54 Setting up libavcodec61:arm64 (7:7.1.5-0+deb13u1) ...
#41 84.54 Setting up libpoppler147:arm64 (25.03.0-5+deb13u4) ...
#41 84.55 Setting up libavformat61:arm64 (7:7.1.5-0+deb13u1) ...
#41 84.55 Setting up libavfilter10:arm64 (7:7.1.5-0+deb13u1) ...
#41 84.55 Setting up poppler-utils (25.03.0-5+deb13u4) ...
#41 84.56 Setting up libavdevice61:arm64 (7:7.1.5-0+deb13u1) ...
#41 84.56 Setting up ffmpeg (7:7.1.5-0+deb13u1) ...
#41 84.56 Processing triggers for libc-bin (2.41-12+deb13u3) ...
#41 DONE 85.0s

#47 [backend build 8/8] RUN --mount=type=cache,target=/go/pkg/mod     --mount=type=cache,target=/root/.cache/go-build     CGO_ENABLED=0 GOOS=linux go build -buildvcs=false -ldflags "-X main.Version=dev -X main.BuildDate=$(date -u +'%Y-%m-%dT%H:%M:%SZ')" -o ant-backend
#47 ...

#48 [backend stage-1 3/6] WORKDIR /app
#48 DONE 0.0s

#47 [backend build 8/8] RUN --mount=type=cache,target=/go/pkg/mod     --mount=type=cache,target=/root/.cache/go-build     CGO_ENABLED=0 GOOS=linux go build -buildvcs=false -ldflags "-X main.Version=dev -X main.BuildDate=$(date -u +'%Y-%m-%dT%H:%M:%SZ')" -o ant-backend
#47 DONE 91.4s

#49 [backend stage-1 4/6] COPY --from=build /build/ant-backend ./
#49 CACHED

#50 [backend stage-1 5/6] COPY --from=build /build/studio ./studio
#50 ERROR: failed to calculate checksum of ref a9hkxutacunitn8uw4rjd3spd::upo4wsnxylp1i1wnofajjqcn7: "/build/studio": not found
------
 > [backend stage-1 5/6] COPY --from=build /build/studio ./studio:
------
Dockerfile.dev:40

--------------------

  38 |     # anthropos-studio-room Python runtime (git submodule at ./studio, pinned SHA — L3).

  39 |     # Needs `git submodule update --init --recursive` before the build.

  40 | >>> COPY --from=build /build/studio ./studio

  41 |     RUN pip install --no-cache-dir -r studio/requirements.txt

  42 |     

--------------------

target backend: failed to solve: failed to compute cache key: failed to calculate checksum of ref a9hkxutacunitn8uw4rjd3spd::upo4wsnxylp1i1wnofajjqcn7: "/build/studio": not found

make: *** [up] Error 1
UP_EXIT=2
