--- Migrating app ---
Migrating to version 20260804160000 (172 migrations in total):

  -- migrating version 20230817154747
    -> CREATE SCHEMA IF NOT EXISTS auth;
    -> CREATE TABLE IF NOT EXISTS auth.users (
           instance_id uuid,
           id uuid PRIMARY KEY,
           aud character varying(255),
           role character varying(255),
           email character varying(255),
           encrypted_password character varying(255),
           email_confirmed_at timestamp with time zone,
           invited_at timestamp with time zone,
           confirmation_token character varying(255),
           confirmation_sent_at timestamp with time zone,
           recovery_token character varying(255),
           recovery_sent_at timestamp with time zone,
           email_change_token_new character varying(255),
           email_change character varying(255),
           email_change_sent_at timestamp with time zone,
           last_sign_in_at timestamp with time zone,
           raw_app_meta_data jsonb,
           raw_user_meta_data jsonb,
           is_super_admin boolean,
           created_at timestamp with time zone,
           updated_at timestamp with time zone,
           phone text DEFAULT NULL::character varying UNIQUE,
           phone_confirmed_at timestamp with time zone,
           phone_change text DEFAULT ''::character varying,
           phone_change_token character varying(255) DEFAULT ''::character varying,
           phone_change_sent_at timestamp with time zone,
           confirmed_at timestamp with time zone,
           email_change_token_current character varying(255) DEFAULT ''::character varying,
           email_change_confirm_status smallint DEFAULT 0 CHECK (email_change_confirm_status >= 0 AND email_change_confirm_status <= 2),
           banned_until timestamp with time zone,
           reauthentication_token character varying(255) DEFAULT ''::character varying,
           reauthentication_sent_at timestamp with time zone,
           is_sso_user boolean NOT NULL DEFAULT false,
           deleted_at timestamp with time zone
       );
    -> CREATE TABLE "invitations" ("inviter_email" text NOT NULL, "invitee_email" text NOT NULL, "invitation_id" text NOT NULL, "signed_up" boolean NOT NULL DEFAULT false, "created_at" timestamptz NOT NULL DEFAULT now(), "id" uuid NOT NULL DEFAULT gen_random_uuid(), PRIMARY KEY ("id"));
    -> CREATE UNIQUE INDEX "invitation_inviter_email_invitee_email_invitation_id" ON "invitations" ("inviter_email", "invitee_email", "invitation_id");
    -> CREATE TABLE "user_features" ("user" uuid NOT NULL, "feature" character varying NOT NULL, "usage" bigint NOT NULL DEFAULT 0, "exp" timestamptz NOT NULL, "updated_at" timestamptz NOT NULL DEFAULT now(), "id" uuid NOT NULL DEFAULT gen_random_uuid(), PRIMARY KEY ("id"));
    -> CREATE UNIQUE INDEX "userfeature_user_feature_exp" ON "user_features" ("user", "feature", "exp");
    -> CREATE TABLE "oca_applications" ("id" uuid NOT NULL DEFAULT gen_random_uuid(), "user" uuid NOT NULL, "created_at" timestamptz NOT NULL DEFAULT now(), "ats" text NULL, "url" text NOT NULL, "status" text NOT NULL DEFAULT 'draft', "title" text NULL, "updated_at" timestamptz NOT NULL DEFAULT now(), "fill_count" integer NOT NULL DEFAULT 0, PRIMARY KEY ("id"), CONSTRAINT "oca_applications_user_fkey" FOREIGN KEY ("user") REFERENCES "auth"."users" ("id") ON UPDATE NO ACTION ON DELETE NO ACTION);
    -> CREATE INDEX "idx_oca_applications_status" ON "oca_applications" ("status");
    -> CREATE TABLE "oca_application_field_updates" ("id" uuid NOT NULL DEFAULT gen_random_uuid(), "application" uuid NOT NULL, "created_at" timestamptz NOT NULL DEFAULT now(), "type" text NOT NULL, "attr_name" text NOT NULL, "label" text NULL, "value" json NOT NULL, "user" uuid NOT NULL, "attr_id" text NULL, PRIMARY KEY ("id"), CONSTRAINT "oca_application_field_updates_application_fkey" FOREIGN KEY ("application") REFERENCES "oca_applications" ("id") ON UPDATE NO ACTION ON DELETE NO ACTION, CONSTRAINT "oca_application_field_updates_user_fkey" FOREIGN KEY ("user") REFERENCES "auth"."users" ("id") ON UPDATE NO ACTION ON DELETE NO ACTION);
    -> CREATE TABLE "subscriptions" ("id" uuid NOT NULL DEFAULT gen_random_uuid(), "created_at" timestamptz NOT NULL DEFAULT now(), "started_at" timestamptz NULL, "ended_at" timestamptz NULL, "user" uuid NOT NULL, "plan" character varying NOT NULL, "status" character varying NOT NULL, "provider" character varying NULL, "external_subscription_id" character varying NOT NULL, "auto_renewal" boolean NOT NULL DEFAULT false, "cycle_interval" character varying NULL, "current_period_start" timestamptz NULL, "current_period_end" timestamptz NULL, "environment" text NOT NULL DEFAULT 'production', PRIMARY KEY ("id"), CONSTRAINT "subscriptions_user_fkey" FOREIGN KEY ("user") REFERENCES "auth"."users" ("id") ON UPDATE NO ACTION ON DELETE NO ACTION);
    -> CREATE UNIQUE INDEX "subscriptions_external_subscription_id_key" ON "subscriptions" ("external_subscription_id");
    -> CREATE TABLE "user_basic_info" ("id" uuid NOT NULL, "phone" text NULL, "date_of_birth" date NULL, "sex" text NULL, "location" text NULL, "resume_url" text NULL, "summary" text NULL, "picture_url" text NULL, "features_cycle_started_at" timestamptz NULL, PRIMARY KEY ("id"), CONSTRAINT "user_basic_info_id_fkey" FOREIGN KEY ("id") REFERENCES "auth"."users" ("id") ON UPDATE NO ACTION ON DELETE NO ACTION);
    -> CREATE TABLE "user_educations" ("id" uuid NOT NULL DEFAULT gen_random_uuid(), "created_at" timestamptz NOT NULL DEFAULT now(), "user" uuid NOT NULL, "title" text NOT NULL, "from" date NOT NULL, "to" date NOT NULL, "skills" json NULL DEFAULT '{}', "institute" character varying NOT NULL, PRIMARY KEY ("id"), CONSTRAINT "user_educations_user_fkey" FOREIGN KEY ("user") REFERENCES "auth"."users" ("id") ON UPDATE NO ACTION ON DELETE NO ACTION);
    -> CREATE TABLE "user_education_projects" ("id" uuid NOT NULL DEFAULT gen_random_uuid(), "created_at" timestamptz NOT NULL DEFAULT now(), "title" text NOT NULL, "description" text NULL, "from" date NOT NULL, "to" date NULL, "user" uuid NOT NULL, "education" uuid NULL, PRIMARY KEY ("id"), CONSTRAINT "user_education_projects_education_fkey" FOREIGN KEY ("education") REFERENCES "user_educations" ("id") ON UPDATE NO ACTION ON DELETE NO ACTION, CONSTRAINT "user_education_projects_user_fkey" FOREIGN KEY ("user") REFERENCES "auth"."users" ("id") ON UPDATE NO ACTION ON DELETE NO ACTION);
    -> CREATE TABLE "user_certifications" ("certification" text NOT NULL, "user" uuid NOT NULL, "issued_by" text NOT NULL, "id" uuid NOT NULL DEFAULT gen_random_uuid(), PRIMARY KEY ("id"), CONSTRAINT "user_certifications_user_fkey" FOREIGN KEY ("user") REFERENCES "auth"."users" ("id") ON UPDATE NO ACTION ON DELETE NO ACTION);
    -> CREATE TABLE "companies" ("id" uuid NOT NULL DEFAULT gen_random_uuid(), "name" text NOT NULL, "created_at" timestamptz NOT NULL DEFAULT now(), PRIMARY KEY ("id"));
    -> CREATE UNIQUE INDEX "companies_name_key" ON "companies" ("name");
    -> CREATE INDEX "idx_company_name" ON "companies" ("name");
    -> CREATE TABLE "user_experiences" ("id" uuid NOT NULL DEFAULT gen_random_uuid(), "created_at" timestamptz NOT NULL DEFAULT now(), "user" uuid NOT NULL, "company" uuid NOT NULL, "title" text NOT NULL, "description" text NULL, "from" date NOT NULL, "to" date NULL, "skills" json NULL DEFAULT '{}', PRIMARY KEY ("id"), CONSTRAINT "user_experiences_company_fkey" FOREIGN KEY ("company") REFERENCES "companies" ("id") ON UPDATE NO ACTION ON DELETE NO ACTION, CONSTRAINT "user_experiences_user_fkey" FOREIGN KEY ("user") REFERENCES "auth"."users" ("id") ON UPDATE NO ACTION ON DELETE NO ACTION);
    -> CREATE TABLE "user_experience_projects" ("id" uuid NOT NULL DEFAULT gen_random_uuid(), "created_at" timestamptz NOT NULL DEFAULT now(), "title" text NOT NULL, "description" text NULL, "from" date NOT NULL, "to" date NULL, "user" uuid NOT NULL, "experience" uuid NULL, PRIMARY KEY ("id"), CONSTRAINT "user_experience_projects_experience_fkey" FOREIGN KEY ("experience") REFERENCES "user_experiences" ("id") ON UPDATE NO ACTION ON DELETE NO ACTION, CONSTRAINT "user_experience_projects_user_fkey" FOREIGN KEY ("user") REFERENCES "auth"."users" ("id") ON UPDATE NO ACTION ON DELETE NO ACTION);
    -> CREATE TABLE "languages" ("code" character varying(2) NOT NULL, "name" text NOT NULL, PRIMARY KEY ("code"));
    -> CREATE TABLE "user_languages" ("language" character varying(2) NOT NULL, "user" uuid NOT NULL, "level" integer NOT NULL, "id" uuid NOT NULL DEFAULT gen_random_uuid(), PRIMARY KEY ("id"), CONSTRAINT "user_languages_language_fkey" FOREIGN KEY ("language") REFERENCES "languages" ("code") ON UPDATE NO ACTION ON DELETE NO ACTION, CONSTRAINT "user_languages_user_fkey" FOREIGN KEY ("user") REFERENCES "auth"."users" ("id") ON UPDATE NO ACTION ON DELETE NO ACTION);
    -> CREATE UNIQUE INDEX "userlanguage_user_language" ON "user_languages" ("user", "language");
    -> CREATE TABLE "oca_application_answers" ("created_at" timestamptz NOT NULL DEFAULT now(), "application" uuid NOT NULL, "user" uuid NOT NULL, "request_id" uuid NOT NULL DEFAULT gen_random_uuid(), "gpt_model" text NOT NULL, "tokens" bigint NULL, "question" text NOT NULL, "multiple_answers" boolean NOT NULL DEFAULT false, "answers" text[] NULL, "error" text NULL, "possible_answers" text[] NULL, "placeholder" text NULL, "answer_max_length" bigint NULL, "form_metadata" json NULL, "id" uuid NOT NULL DEFAULT gen_random_uuid(), PRIMARY KEY ("id"), CONSTRAINT "oca_application_answers_application_fkey" FOREIGN KEY ("application") REFERENCES "oca_applications" ("id") ON UPDATE NO ACTION ON DELETE NO ACTION, CONSTRAINT "oca_application_answers_user_fkey" FOREIGN KEY ("user") REFERENCES "auth"."users" ("id") ON UPDATE NO ACTION ON DELETE NO ACTION);
    -> CREATE TABLE "jobs" ("id" uuid NOT NULL DEFAULT gen_random_uuid(), "created_at" timestamptz NOT NULL DEFAULT now(), "status" text NOT NULL DEFAULT 'pending', "user" uuid NOT NULL, "result" json NULL, "updated_at" timestamptz NOT NULL DEFAULT now(), "payload" json NULL, "type" text NOT NULL, "error" text NULL, "meta" jsonb NULL, "error_message" text NULL, PRIMARY KEY ("id"), CONSTRAINT "jobs_user_fkey" FOREIGN KEY ("user") REFERENCES "auth"."users" ("id") ON UPDATE NO ACTION ON DELETE NO ACTION);
    -> CREATE TABLE "oca_cover_letters" ("id" uuid NOT NULL DEFAULT gen_random_uuid(), "created_at" timestamptz NOT NULL DEFAULT now(), "user" uuid NOT NULL, "cover_letter" text NOT NULL, "type" text NOT NULL, "job" uuid NULL, "source" text NULL, "writing_style" text NOT NULL, "description" text NOT NULL DEFAULT 'Default', "pinned" boolean NOT NULL DEFAULT false, PRIMARY KEY ("id"), CONSTRAINT "oca_cover_letters_job_fkey" FOREIGN KEY ("job") REFERENCES "jobs" ("id") ON UPDATE NO ACTION ON DELETE SET NULL, CONSTRAINT "oca_cover_letters_user_fkey" FOREIGN KEY ("user") REFERENCES "auth"."users" ("id") ON UPDATE NO ACTION ON DELETE CASCADE);
    -> CREATE TABLE "stripe_customers" ("created_at" timestamptz NOT NULL DEFAULT now(), "user" uuid NOT NULL, "stripe_customer" character varying NOT NULL, "environment" text NOT NULL DEFAULT 'production', "id" uuid NOT NULL DEFAULT gen_random_uuid(), PRIMARY KEY ("id"), CONSTRAINT "stripe_customers_user_fkey" FOREIGN KEY ("user") REFERENCES "auth"."users" ("id") ON UPDATE NO ACTION ON DELETE NO ACTION);
    -> CREATE UNIQUE INDEX "stripe_customers_stripe_customer_key" ON "stripe_customers" ("stripe_customer");
    -> CREATE UNIQUE INDEX "stripecustomer_user_stripe_customer_environment" ON "stripe_customers" ("user", "stripe_customer", "environment");
    -> CREATE TABLE "user_links" ("id" uuid NOT NULL DEFAULT gen_random_uuid(), "user" uuid NOT NULL, "type" text NOT NULL, "url" text NOT NULL, PRIMARY KEY ("id"), CONSTRAINT "user_links_user_fkey" FOREIGN KEY ("user") REFERENCES "auth"."users" ("id") ON UPDATE NO ACTION ON DELETE NO ACTION);
  -- ok (70.983834ms)

  -- migrating version 20230817162407
    -> ALTER TABLE "subscriptions" 
       DROP CONSTRAINT "subscriptions_user_fkey";
    -> ALTER TABLE "user_certifications" 
       DROP CONSTRAINT "user_certifications_user_fkey";
    -> ALTER TABLE "oca_application_field_updates" 
       DROP CONSTRAINT "oca_application_field_updates_user_fkey";
    -> ALTER TABLE "oca_applications" 
       DROP CONSTRAINT "oca_applications_user_fkey";
    -> ALTER TABLE "oca_cover_letters" 
       DROP CONSTRAINT "oca_cover_letters_user_fkey";
    -> ALTER TABLE "stripe_customers" 
       DROP CONSTRAINT "stripe_customers_user_fkey";
    -> ALTER TABLE "oca_application_answers" 
       DROP CONSTRAINT "oca_application_answers_user_fkey";
    -> ALTER TABLE "user_basic_info" 
       DROP CONSTRAINT "user_basic_info_id_fkey";
    -> ALTER TABLE "jobs" 
       DROP CONSTRAINT "jobs_user_fkey";
    -> ALTER TABLE "user_links" 
       DROP CONSTRAINT "user_links_user_fkey";
    -> ALTER TABLE "user_educations" 
       DROP CONSTRAINT "user_educations_user_fkey";
    -> ALTER TABLE "user_languages" 
       DROP CONSTRAINT "user_languages_user_fkey";
    -> ALTER TABLE "user_education_projects" 
       DROP CONSTRAINT "user_education_projects_education_fkey", 
       DROP CONSTRAINT "user_education_projects_user_fkey", 
       ADD CONSTRAINT "user_education_projects_education_fkey" FOREIGN KEY ("education") REFERENCES "user_educations" ("id") ON UPDATE NO ACTION ON DELETE SET NULL;
    -> ALTER TABLE "user_experiences" 
       DROP CONSTRAINT "user_experiences_user_fkey";
    -> ALTER TABLE "user_experience_projects" 
       DROP CONSTRAINT "user_experience_projects_experience_fkey", 
       DROP CONSTRAINT "user_experience_projects_user_fkey", 
       ADD CONSTRAINT "user_experience_projects_experience_fkey" FOREIGN KEY ("experience") REFERENCES "user_experiences" ("id") ON UPDATE NO ACTION ON DELETE SET NULL;
  -- ok (11.382958ms)

  -- migrating version 20230818105142
    -> CREATE TABLE "users" ("id" uuid NOT NULL DEFAULT gen_random_uuid(), "created_at" timestamptz NOT NULL DEFAULT now(), "clerk_id" character varying NULL, PRIMARY KEY ("id"));
    -> CREATE UNIQUE INDEX "users_clerk_id_key" ON "users" ("clerk_id");
  -- ok (3.66825ms)

  -- migrating version 20230818235018
    -> ALTER TABLE "user_education_projects" 
       ADD CONSTRAINT "user_education_projects_users_education_projects" FOREIGN KEY ("user") REFERENCES "users" ("id") ON UPDATE NO ACTION ON DELETE NO ACTION;
    -> ALTER TABLE "user_experience_projects" 
       ADD CONSTRAINT "user_experience_projects_users_experience_projects" FOREIGN KEY ("user") REFERENCES "users" ("id") ON UPDATE NO ACTION ON DELETE NO ACTION;
    -> ALTER TABLE "user_languages" 
       ADD CONSTRAINT "user_languages_users_languages" FOREIGN KEY ("user") REFERENCES "users" ("id") ON UPDATE NO ACTION ON DELETE NO ACTION;
    -> ALTER TABLE "user_links" 
       ADD CONSTRAINT "user_links_users_links" FOREIGN KEY ("user") REFERENCES "users" ("id") ON UPDATE NO ACTION ON DELETE NO ACTION;
    -> ALTER TABLE "oca_cover_letters" 
       ADD CONSTRAINT "oca_cover_letters_users_cover_letters" FOREIGN KEY ("user") REFERENCES "users" ("id") ON UPDATE NO ACTION ON DELETE NO ACTION;
    -> ALTER TABLE "user_certifications" 
       ADD CONSTRAINT "user_certifications_users_certifications" FOREIGN KEY ("user") REFERENCES "users" ("id") ON UPDATE NO ACTION ON DELETE NO ACTION;
    -> ALTER TABLE "oca_applications" 
       ADD CONSTRAINT "oca_applications_users_applications" FOREIGN KEY ("user") REFERENCES "users" ("id") ON UPDATE NO ACTION ON DELETE NO ACTION;
    -> DROP INDEX "userfeature_user_feature_exp";
    -> ALTER TABLE "user_features" 
       ADD CONSTRAINT "user_features_users_feature_usages" FOREIGN KEY ("user") REFERENCES "users" ("id") ON UPDATE NO ACTION ON DELETE NO ACTION;
    -> CREATE UNIQUE INDEX "userfeature_feature_exp_user" ON "user_features" ("feature", "exp", "user");
    -> ALTER TABLE "user_educations" 
       ADD CONSTRAINT "user_educations_users_educations" FOREIGN KEY ("user") REFERENCES "users" ("id") ON UPDATE NO ACTION ON DELETE NO ACTION;
    -> ALTER TABLE "user_experiences" 
       ADD CONSTRAINT "user_experiences_users_experiences" FOREIGN KEY ("user") REFERENCES "users" ("id") ON UPDATE NO ACTION ON DELETE NO ACTION;
    -> ALTER TABLE "jobs" 
       ADD CONSTRAINT "jobs_users_jobs" FOREIGN KEY ("user") REFERENCES "users" ("id") ON UPDATE NO ACTION ON DELETE NO ACTION;
    -> ALTER TABLE "subscriptions" 
       ADD CONSTRAINT "subscriptions_users_subscriptions" FOREIGN KEY ("user") REFERENCES "users" ("id") ON UPDATE NO ACTION ON DELETE NO ACTION;
    -> DROP INDEX "stripecustomer_user_stripe_customer_environment";
    -> ALTER TABLE "stripe_customers" 
       ADD CONSTRAINT "stripe_customers_users_stripe_customers" FOREIGN KEY ("user") REFERENCES "users" ("id") ON UPDATE NO ACTION ON DELETE NO ACTION;
    -> CREATE UNIQUE INDEX "stripecustomer_stripe_customer_environment_user" ON "stripe_customers" ("stripe_customer", "environment", "user");
    -> ALTER TABLE "user_basic_info" 
       ADD CONSTRAINT "user_basic_info_users_basic_info" FOREIGN KEY ("id") REFERENCES "users" ("id") ON UPDATE NO ACTION ON DELETE NO ACTION;
    -> ALTER TABLE "oca_application_answers" 
       ADD CONSTRAINT "oca_application_answers_users_application_answers" FOREIGN KEY ("user") REFERENCES "users" ("id") ON UPDATE NO ACTION ON DELETE NO ACTION;
    -> ALTER TABLE "oca_application_field_updates" 
       ADD CONSTRAINT "oca_application_field_updates_users_application_field_updates" FOREIGN KEY ("user") REFERENCES "users" ("id") ON UPDATE NO ACTION ON DELETE NO ACTION;
  -- ok (18.325125ms)

  -- migrating version 20230823141031
    -> ALTER TABLE "invitations" DROP COLUMN "signed_up", ADD COLUMN "status" character varying NOT NULL DEFAULT 'pending', ADD COLUMN "inviter" uuid NOT NULL, ADD COLUMN "invitee" uuid NULL, ADD CONSTRAINT "invitations_users_invitations_received" FOREIGN KEY ("invitee") REFERENCES "users" ("id") ON UPDATE NO ACTION ON DELETE SET NULL, ADD CONSTRAINT "invitations_users_invitations_sent" FOREIGN KEY ("inviter") REFERENCES "users" ("id") ON UPDATE NO ACTION ON DELETE NO ACTION;
  -- ok (1.798708ms)

  -- migrating version 20230824093324
    -> ALTER TABLE "user_basic_info" ADD COLUMN "role" character varying NULL;
  -- ok (779.25µs)

  -- migrating version 20230907131304
    -> CREATE TABLE "world_languages" (
           "id" uuid NOT NULL DEFAULT gen_random_uuid(), 
           "code" character varying(2) NOT NULL, 
           "name" text NOT NULL, 
           PRIMARY KEY ("id")
       );
    -> CREATE UNIQUE INDEX "world_languages_code_key" ON "world_languages" ("code");
    -> ALTER TABLE "user_languages" 
       ADD COLUMN "world_language_user_languages" uuid NULL, 
       ADD CONSTRAINT "user_languages_world_languages_user_languages" FOREIGN KEY ("world_language_user_languages") REFERENCES "world_languages" ("id") ON UPDATE NO ACTION ON DELETE SET NULL;
    -> INSERT INTO "world_languages"(code, name)
       SELECT code, name FROM "languages";
    -> UPDATE "user_languages" AS ul
       SET world_language_user_languages = (
       	SELECT id FROM world_languages AS wl WHERE wl.code = ul.language
       );
  -- ok (7.577292ms)

  -- migrating version 20230908091222
    -> ALTER TABLE "user_languages" DROP COLUMN "language";
    -> CREATE UNIQUE INDEX "userlanguage_user_world_language_user_languages" ON "user_languages" ("user", "world_language_user_languages");
    -> DROP TABLE "languages";
  -- ok (2.873917ms)

  -- migrating version 20230913092241
    -> ALTER TABLE "user_educations" 
       ALTER COLUMN "to" DROP NOT NULL;
  -- ok (773.458µs)

  -- migrating version 20230913100306
    -> ALTER TABLE "users" ADD COLUMN "updated_at" timestamptz NOT NULL DEFAULT now(), ADD COLUMN "firstname" character varying NULL, ADD COLUMN "lastname" character varying NULL, ADD COLUMN "deleted_at" timestamptz NULL;
  -- ok (1.486ms)

  -- migrating version 20230914095121
    -> CREATE OR REPLACE FUNCTION notify_event() RETURNS TRIGGER AS $$
           DECLARE
               data json;
               notification json;
               id text;
           BEGIN
       
               -- Convert the old or new row to JSON, based on the kind of action.
               -- Action = DELETE?             -> OLD row
               -- Action = INSERT or UPDATE?   -> NEW row
               IF (TG_OP = 'DELETE') THEN
                   data = row_to_json(OLD);
                   id = OLD.id;
               ELSE
                   data = row_to_json(NEW);
                   id = NEW.id;
               END IF;
       
               -- Contruct the notification as a JSON string.
               notification = json_build_object(
                                 'table',TG_TABLE_NAME,
                                 'action', TG_OP,
                                  'id', id,
                                 'data', data);
       
               -- Execute pg_notify(channel, notification)
               PERFORM pg_notify('events',notification::text);
       
               -- Result is ignored since this is an AFTER trigger
               RETURN NULL;
           END;
       $$ LANGUAGE plpgsql;
    -> CREATE TRIGGER jobs_notify_event
       AFTER INSERT OR UPDATE OR DELETE ON jobs
       	FOR EACH ROW EXECUTE PROCEDURE notify_event();
  -- ok (2.7865ms)

  -- migrating version 20230914125648
    -> ALTER TABLE "users" ADD COLUMN "email" character varying NULL;
  -- ok (833.792µs)

  -- migrating version 20230919103327
    -> ALTER TABLE "public"."oca_application_answers"
         ALTER COLUMN "possible_answers" TYPE json USING array_to_json(possible_answers)::jsonb,
         ALTER COLUMN "answers" TYPE json USING array_to_json(answers)::jsonb;
  -- ok (3.173167ms)

  -- migrating version 20230919155105
    -> CREATE OR REPLACE FUNCTION public.init_user_basic_info() RETURNS trigger
           LANGUAGE plpgsql SECURITY DEFINER
           AS $$
       begin
         insert into public.user_basic_info (id, features_cycle_started_at)
         values (new.id, new.created_at);
         return new;
       end;
       $$;
    -> CREATE TRIGGER trigger_init_user_basic_info
       AFTER INSERT ON public.users
       	FOR EACH ROW EXECUTE PROCEDURE init_user_basic_info();
  -- ok (1.300084ms)

  -- migrating version 20230920203838
    -> ALTER TABLE "oca_application_answers" ALTER COLUMN "answers" TYPE jsonb, ALTER COLUMN "possible_answers" TYPE jsonb;
    -> CREATE UNIQUE INDEX "user_type_unique_key" ON "user_links" ("type", "user");
  -- ok (4.156125ms)

  -- migrating version 20230926080439
    -> ALTER TABLE "user_languages" 
           DROP CONSTRAINT "user_languages_world_languages_user_languages", 
           ALTER COLUMN "world_language_user_languages" SET NOT NULL, 
           ADD COLUMN "created_at" timestamptz NOT NULL DEFAULT now(), 
           ADD COLUMN "updated_at" timestamptz NOT NULL DEFAULT now(), 
           ADD CONSTRAINT "user_languages_world_languages_user_languages" FOREIGN KEY ("world_language_user_languages") REFERENCES "world_languages" ("id") ON UPDATE NO ACTION ON DELETE NO ACTION;
  -- ok (1.590292ms)

  -- migrating version 20230928121357
    -> ALTER TABLE "user_basic_info" ADD COLUMN "email" character varying;
    -> UPDATE public."user_basic_info" AS ubi
       SET email = (
       	SELECT email FROM public.users AS u WHERE u.id = ubi.id
       )
       WHERE email IS NULL;
    -> ALTER TABLE "user_basic_info" ALTER COLUMN "email" SET NOT NULL;
    -> CREATE UNIQUE INDEX "user_basic_info_email_key" ON "user_basic_info" ("email");
  -- ok (3.25375ms)

  -- migrating version 20230928132814
    -> CREATE OR REPLACE FUNCTION public.init_user_basic_info() RETURNS trigger
           LANGUAGE plpgsql SECURITY DEFINER
           AS $$
       begin
         insert into public.user_basic_info (id, features_cycle_started_at, email)
         values (new.id, new.created_at, new.email);
         return new;
       end;
       $$;
  -- ok (823.792µs)

  -- migrating version 20231004100032
    -> ALTER TABLE "user_certifications" ADD COLUMN "from" date NULL, ADD COLUMN "to" date NULL;
    -> UPDATE "user_certifications" SET "from" = '1900-01-01';
    -> ALTER TABLE "user_certifications" ALTER COLUMN "from" SET NOT NULL;
  -- ok (2.36275ms)

  -- migrating version 20231004151237
    -> ALTER TABLE "user_certifications" ALTER COLUMN "from" SET DEFAULT '1900-01-01';
  -- ok (863.625µs)

  -- migrating version 20231005142505
    -> CREATE TABLE "user_projects" (
           "id" uuid NOT NULL DEFAULT gen_random_uuid(), 
           "created_at" timestamptz NOT NULL DEFAULT now(), 
           "updated_at" timestamptz NOT NULL DEFAULT now(), 
           "from" date NOT NULL, 
           "to" date NULL, 
           "title" text NOT NULL, 
           "description" text NULL, 
           "user" uuid NOT NULL, 
           "user_education_related_projects" uuid NULL, 
           "user_experience_related_projects" uuid NULL, 
           PRIMARY KEY ("id"), 
           CONSTRAINT "user_projects_user_educations_related_projects" FOREIGN KEY ("user_education_related_projects") REFERENCES "user_educations" ("id") ON UPDATE NO ACTION ON DELETE SET NULL, 
           CONSTRAINT "user_projects_user_experiences_related_projects" FOREIGN KEY ("user_experience_related_projects") REFERENCES "user_experiences" ("id") ON UPDATE NO ACTION ON DELETE SET NULL, 
           CONSTRAINT "user_projects_users_projects" FOREIGN KEY ("user") REFERENCES "users" ("id") ON UPDATE NO ACTION ON DELETE NO ACTION
       );
  -- ok (3.176625ms)

  -- migrating version 20231006092529
    -> ALTER TABLE "user_certifications" ALTER COLUMN "from" DROP DEFAULT;
    -> CREATE TABLE "user_skills" (
       	"id" uuid NOT NULL DEFAULT gen_random_uuid (),
       	"created_at" timestamptz NOT NULL DEFAULT now(),
       	"updated_at" timestamptz NOT NULL DEFAULT now(),
       	"level" bigint NOT NULL,
       	"skill_id" character varying NOT NULL,
       	"user_skill_user" uuid NOT NULL,
       	"user_skill_experience" uuid NULL,
       	"user_skill_education" uuid NULL,
       	PRIMARY KEY ("id"),
       	CONSTRAINT "user_skills_user_educations_education" FOREIGN KEY ("user_skill_education") REFERENCES "user_educations" ("id") ON UPDATE NO ACTION ON DELETE SET NULL,
       	CONSTRAINT "user_skills_user_experiences_experience" FOREIGN KEY ("user_skill_experience") REFERENCES "user_experiences" ("id") ON UPDATE NO ACTION ON DELETE SET NULL,
       	CONSTRAINT "user_skills_users_user" FOREIGN KEY ("user_skill_user") REFERENCES "users" ("id") ON UPDATE NO ACTION ON DELETE NO ACTION
       );
    -> CREATE UNIQUE INDEX "user_skills_skill_id_key" ON "user_skills" ("skill_id");
  -- ok (4.768292ms)

  -- migrating version 20231006131208
    -> ALTER TABLE "user_projects" ADD COLUMN "url" character varying NULL;
  -- ok (765.958µs)

  -- migrating version 20231009100059
    -> insert into user_projects(id, created_at, "from", "to", title, description, "user", user_experience_related_projects)
       select id, created_at, "from", "to", title, description, "user", experience from user_experience_projects
       where id not in (select id from user_projects);
    -> insert into user_projects(id, created_at, "from", "to", title, description, "user", user_education_related_projects)
       select id, created_at, "from", "to", title, description, "user", education from user_education_projects 
       where id not in (select id from user_projects);
  -- ok (1.461541ms)

  -- migrating version 20231009102046
    -> ALTER TABLE "user_certifications" ADD COLUMN "skills" json NULL DEFAULT '{}';
    -> ALTER TABLE "user_projects" ADD COLUMN "skills" json NULL DEFAULT '{}';
  -- ok (1.643375ms)

  -- migrating version 20231009150720
    -> CREATE TABLE "user_params" ("id" uuid NOT NULL, "updated_at" timestamptz NOT NULL DEFAULT now(), "onboarding" jsonb NULL, PRIMARY KEY ("id"), CONSTRAINT "user_params_users_params" FOREIGN KEY ("id") REFERENCES "users" ("id") ON UPDATE NO ACTION ON DELETE NO ACTION);
  -- ok (2.657583ms)

  -- migrating version 20231010075757
    -> DROP TRIGGER trigger_init_user_basic_info ON public.users;
       DROP FUNCTION init_user_basic_info();
    -> CREATE OR REPLACE FUNCTION public.init_user_tables() RETURNS trigger
           LANGUAGE plpgsql SECURITY DEFINER
           AS $$
       begin
         -- user_basic_info
         insert into public.user_basic_info (id, features_cycle_started_at, email)
         values (new.id, new.created_at, new.email);
         -- user_params
         insert into public.user_params (id)
         values (new.id);
         
         return new;
       end;
       $$;
    -> CREATE OR REPLACE TRIGGER trigger_init_user_tables
       AFTER INSERT ON public.users
       	FOR EACH ROW EXECUTE PROCEDURE init_user_tables();
  -- ok (1.938333ms)

  -- migrating version 20231010080439
    -> insert into public.user_params (id)
       select id from public.users 
       where id not in (select id from public.user_params);
  -- ok (1.20125ms)

  -- migrating version 20231011092035
    -> CREATE TABLE "user_resources" ("id" uuid NOT NULL DEFAULT gen_random_uuid(), "created_at" timestamptz NOT NULL DEFAULT now(), "updated_at" timestamptz NOT NULL DEFAULT now(), "type" text NOT NULL, "filename" character varying NOT NULL, "mimetype" character varying NOT NULL, "size" bigint NOT NULL, "key" character varying NOT NULL, "user" uuid NOT NULL, PRIMARY KEY ("id"), CONSTRAINT "user_resources_users_resources" FOREIGN KEY ("user") REFERENCES "users" ("id") ON UPDATE NO ACTION ON DELETE NO ACTION);
    -> CREATE UNIQUE INDEX "user_resources_key_key" ON "user_resources" ("key");
  -- ok (4.102375ms)

  -- migrating version 20231011160054
    -> DROP INDEX "user_skills_skill_id_key";
    -> ALTER TABLE "user_skills"
       	ADD COLUMN "user_skill_certification" uuid NULL,
       	ADD COLUMN "user_skill_project" uuid NULL,
       	ADD CONSTRAINT "user_skills_user_certifications_certification" 
       		FOREIGN KEY ("user_skill_certification") 
       		REFERENCES "user_certifications" ("id")
       		ON UPDATE NO ACTION 
       		ON DELETE SET NULL, 
       	ADD CONSTRAINT "user_skills_user_projects_project" 
       		FOREIGN KEY ("user_skill_project") 
       		REFERENCES "user_projects" ("id") 
       		ON UPDATE NO ACTION 
       		ON DELETE SET NULL
       ;
    -> ALTER TABLE "user_skills"
       ADD CONSTRAINT "user_skills_check_foreign_keys"
       CHECK (
       	user_skill_experience IS NOT NULL 
       	OR user_skill_education IS NOT NULL
       	OR user_skill_certification IS NOT NULL
       	OR user_skill_project IS NOT NULL		
       )
       ;
  -- ok (3.012541ms)

  -- migrating version 20231012140200
    -> ALTER TABLE "user_basic_info" 
           ADD COLUMN "user_resource_profile" uuid NULL, 
           ADD CONSTRAINT "user_basic_info_user_resources_profile" FOREIGN KEY ("user_resource_profile") REFERENCES "user_resources" ("id") ON UPDATE NO ACTION ON DELETE SET NULL;
    -> CREATE UNIQUE INDEX "user_basic_info_user_resource_profile_key" ON "user_basic_info" ("user_resource_profile");
  -- ok (2.823375ms)

  -- migrating version 20231025090211
    -> DROP INDEX "companies_name_key";
    -> ALTER TABLE "companies" 
           ADD COLUMN "thumbnail" character varying NULL, 
           ADD COLUMN "segments" jsonb NULL, 
           ADD COLUMN "industries" jsonb NULL, 
           ADD COLUMN "country" character varying NULL, 
           ADD COLUMN "city" character varying NULL, 
           ADD COLUMN "description" character varying NULL, 
           ADD COLUMN "aliases" character varying NULL, 
           ADD COLUMN "rank" double precision NULL DEFAULT 0.1, 
           ADD COLUMN "ts" tsvector NULL GENERATED ALWAYS AS ((setweight(to_tsvector('english'::regconfig, (COALESCE(aliases, ''::character varying))::text), 'a'::"char") || ''::tsvector) || setweight(to_tsvector('english'::regconfig, (COALESCE(description, ''::character varying))::text), 'd'::"char")) STORED, 
           ADD COLUMN "is_validated" boolean NOT NULL DEFAULT false;
    -> UPDATE "companies" 
           SET "aliases" = "name";
    -> ALTER TABLE "companies" 
           ALTER COLUMN "aliases" SET NOT NULL;
    -> CREATE INDEX "idx_company_aliases" ON "companies" ("aliases");
    -> CREATE INDEX "idx_company_rank" ON "companies" ("rank");
  -- ok (8.505042ms)

  -- migrating version 20231026102953
    -> ALTER TABLE "companies" 
           DROP COLUMN "ts";
    -> ALTER TABLE "companies" 
           DROP COLUMN "thumbnail", 
           DROP COLUMN "segments", 
           DROP COLUMN "industries", 
           DROP COLUMN "country", 
           DROP COLUMN "city", 
           DROP COLUMN "description", 
           DROP COLUMN "aliases", 
           DROP COLUMN "rank", 
           ADD COLUMN "logo" character varying NULL, 
           ADD COLUMN "domain" character varying NULL;
    -> CREATE UNIQUE INDEX "company_name_domain" ON "companies" ("name", "domain");
  -- ok (2.904916ms)

  -- migrating version 20231031155821
    -> CREATE OR REPLACE FUNCTION notify_event() RETURNS TRIGGER AS $$
           DECLARE
               notification json;
               id text;
           BEGIN
       
               -- Convert the old or new row to JSON, based on the kind of action.
               -- Action = DELETE?             -> OLD row
               -- Action = INSERT or UPDATE?   -> NEW row
               IF (TG_OP = 'DELETE') THEN
                   id = OLD.id;
               ELSE
                   id = NEW.id;
               END IF;
       
               -- Contruct the notification as a JSON string.
               notification = json_build_object(
                                 'table',TG_TABLE_NAME,
                                 'action', TG_OP,
                                  'id', id);
       
               -- Execute pg_notify(channel, notification)
               PERFORM pg_notify('events',notification::text);
       
               -- Result is ignored since this is an AFTER trigger
               RETURN NULL;
           END;
       $$ LANGUAGE plpgsql;
  -- ok (880.75µs)

  -- migrating version 20231103090149
    -> --   -- end
  -- ok (1.137333ms)

  -- migrating version 20231109104515
    -> ALTER TABLE "user_certifications" 
           ADD CONSTRAINT "user_certifications_check" CHECK (("to" >= '1900-01-01') AND ("from" >= '1900-01-01'));
    -> ALTER TABLE "user_education_projects" 
           ADD CONSTRAINT "user_education_projects_check" CHECK (("to" >= '1900-01-01') AND ("from" >= '1900-01-01'));
    -> ALTER TABLE "user_educations" 
           ADD CONSTRAINT "user_educations_check" CHECK (("to" >= '1900-01-01') AND ("from" >= '1900-01-01'));
    -> ALTER TABLE "user_experience_projects" 
           ADD CONSTRAINT "user_experience_projects_check" CHECK (("to" >= '1900-01-01') AND ("from" >= '1900-01-01'));
    -> ALTER TABLE "user_experiences" 
           ADD CONSTRAINT "user_experiences_check" CHECK (("to" >= '1900-01-01') AND ("from" >= '1900-01-01'));
    -> ALTER TABLE "user_projects" 
           ADD CONSTRAINT "user_projects_check" CHECK (("to" >= '1900-01-01') AND ("from" >= '1900-01-01'));
  -- ok (3.833375ms)

  -- migrating version 20231109104643
    -> ALTER TABLE "user_certifications" 
           ADD COLUMN "field_of_study" character varying NULL, 
           ADD COLUMN "description" character varying NULL, 
           ADD COLUMN "grade" character varying NULL, 
           ADD COLUMN "credential_id" character varying NULL, 
           ADD COLUMN "credential_url" character varying NULL;
    -> ALTER TABLE "user_education_projects" 
           ALTER COLUMN "description" TYPE character varying;
    -> ALTER TABLE "user_educations" 
           ADD COLUMN "field_of_study" character varying NULL, 
           ADD COLUMN "description" character varying NULL, 
           ADD COLUMN "grade" character varying NULL, 
           ADD COLUMN "location" character varying NULL, 
           ADD COLUMN "location_type" character varying NULL;
    -> ALTER TABLE "user_experience_projects" 
           ALTER COLUMN "description" TYPE character varying;
    -> ALTER TABLE "user_experiences" 
           ALTER COLUMN "description" TYPE character varying, 
           ADD COLUMN "location" character varying NULL, 
           ADD COLUMN "location_type" character varying NULL;
    -> ALTER TABLE "user_projects" 
           ALTER COLUMN "description" TYPE character varying;
  -- ok (3.256125ms)

  -- migrating version 20231113151607
    -> CREATE TABLE "user_contents" ("id" uuid NOT NULL DEFAULT gen_random_uuid(), "from" date NOT NULL, "to" date NULL, "description" character varying NULL, "skills" json NULL DEFAULT '{}', "name" character varying NOT NULL, "publisher" character varying NULL, "topic" character varying NULL, "url" character varying NULL, "user" uuid NOT NULL, PRIMARY KEY ("id"), CONSTRAINT "user_contents_users_contents" FOREIGN KEY ("user") REFERENCES "users" ("id") ON UPDATE NO ACTION ON DELETE NO ACTION, CONSTRAINT "user_contents_check" CHECK (("to" >= '1900-01-01'::date) AND ("from" >= '1900-01-01'::date)));
    -> CREATE TABLE "user_volunteerings" ("id" uuid NOT NULL DEFAULT gen_random_uuid(), "from" date NOT NULL, "to" date NULL, "description" character varying NULL, "skills" json NULL DEFAULT '{}', "name" character varying NOT NULL, "organization" character varying NOT NULL, "cause" character varying NULL, "user" uuid NOT NULL, PRIMARY KEY ("id"), CONSTRAINT "user_volunteerings_users_volunteerings" FOREIGN KEY ("user") REFERENCES "users" ("id") ON UPDATE NO ACTION ON DELETE NO ACTION, CONSTRAINT "user_volunteerings_check" CHECK (("to" >= '1900-01-01'::date) AND ("from" >= '1900-01-01'::date)));
    -> ALTER TABLE "user_skills" ADD COLUMN "user_skill_volunteering" uuid NULL, ADD COLUMN "user_skill_content" uuid NULL, ADD CONSTRAINT "user_skills_user_contents_content" FOREIGN KEY ("user_skill_content") REFERENCES "user_contents" ("id") ON UPDATE NO ACTION ON DELETE SET NULL, ADD CONSTRAINT "user_skills_user_volunteerings_volunteering" FOREIGN KEY ("user_skill_volunteering") REFERENCES "user_volunteerings" ("id") ON UPDATE NO ACTION ON DELETE SET NULL;
    -> ALTER TABLE "user_skills" DROP CONSTRAINT "user_skills_check_foreign_keys";
    -> ALTER TABLE "user_skills" ADD CONSTRAINT "user_skills_check_foreign_keys" CHECK ((user_skill_experience IS NOT NULL) OR (user_skill_education IS NOT NULL) OR (user_skill_certification IS NOT NULL) OR (user_skill_project IS NOT NULL) OR (user_skill_content IS NOT NULL) OR (user_skill_volunteering IS NOT NULL));
  -- ok (8.172791ms)

  -- migrating version 20231116145802
    -> CREATE TABLE "organizations"
       (
           "id"         uuid              NOT NULL DEFAULT gen_random_uuid(),
           "created_at" timestamptz       NOT NULL DEFAULT now(),
           "updated_at" timestamptz       NOT NULL DEFAULT now(),
           "name"       character varying NOT NULL,
           "slug"       character varying NOT NULL,
           "domain"     character varying NULL,
           "logo_url"   character varying NULL,
           "clerk_id"   character varying NULL,
           "status"     character varying NOT NULL,
           PRIMARY KEY ("id")
       );
    -> ALTER TABLE "user_resources"
           DROP CONSTRAINT "user_resources_users_resources",
           ADD CONSTRAINT "user_resource_check_foreign_keys" CHECK ((USER IS NOT NULL) OR (organization IS NOT NULL)),
           ALTER COLUMN "user" DROP NOT NULL,
           ADD COLUMN "organization" uuid NULL,
           ADD CONSTRAINT "user_resources_users_resources" FOREIGN KEY ("user") REFERENCES "users" ("id") ON UPDATE NO ACTION ON DELETE SET NULL,
           ADD CONSTRAINT "user_resources_organizations_resources" FOREIGN KEY ("organization") REFERENCES "organizations" ("id") ON UPDATE NO ACTION ON DELETE SET NULL;
    -> CREATE TABLE "memberships"
       (
           "id"                        uuid              NOT NULL DEFAULT gen_random_uuid(),
           "created_at"                timestamptz       NOT NULL DEFAULT now(),
           "updated_at"                timestamptz       NOT NULL DEFAULT now(),
           "role"                      character varying NOT NULL,
           "status"                    character varying NOT NULL,
           "email"                     character varying NULL,
           "firstname"                 character varying NULL,
           "lastname"                  character varying NULL,
           "tenure"                    timestamptz       NULL,
           "invited_at"                timestamptz       NOT NULL DEFAULT now(),
           "joined_at"                 timestamptz       NULL,
           "deleted_at"                timestamptz       NULL,
           "linkedin_url"              character varying NULL,
           "organization"              uuid              NOT NULL,
           "user"                      uuid              NULL,
           "inviter"                   uuid              NULL,
           "user_resource_memberships" uuid              NULL,
           PRIMARY KEY ("id"),
           CONSTRAINT "memberships_organizations_memberships" FOREIGN KEY ("organization") REFERENCES "organizations" ("id") ON UPDATE NO ACTION ON DELETE NO ACTION,
           CONSTRAINT "memberships_user_resources_memberships" FOREIGN KEY ("user_resource_memberships") REFERENCES "user_resources" ("id") ON UPDATE NO ACTION ON DELETE SET NULL,
           CONSTRAINT "memberships_users_invitations" FOREIGN KEY ("inviter") REFERENCES "users" ("id") ON UPDATE NO ACTION ON DELETE SET NULL,
           CONSTRAINT "memberships_users_memberships" FOREIGN KEY ("user") REFERENCES "users" ("id") ON UPDATE NO ACTION ON DELETE SET NULL
       );
    -> CREATE UNIQUE INDEX "membership_email_organization" ON "memberships" ("email", "organization");
    -> CREATE UNIQUE INDEX "membership_user_organization" ON "memberships" ("user", "organization");
    -> CREATE UNIQUE INDEX "memberships_user_resource_memberships_key" ON "memberships" ("user_resource_memberships");
    -> CREATE TABLE "tags"
       (
           "id"              uuid              NOT NULL DEFAULT gen_random_uuid(),
           "created_at"      timestamptz       NOT NULL DEFAULT now(),
           "updated_at"      timestamptz       NOT NULL DEFAULT now(),
           "name"            character varying NOT NULL,
           "organization"    uuid              NOT NULL,
           PRIMARY KEY ("id"),
           CONSTRAINT "tags_organizations_tags" FOREIGN KEY ("organization") REFERENCES "organizations" ("id") ON UPDATE NO ACTION ON DELETE NO ACTION
       );
    -> CREATE UNIQUE INDEX "tag_name_organization" ON "tags" ("name", "organization");
    -> CREATE TABLE "membership_tags"
       (
           "id"                        uuid        NOT NULL DEFAULT gen_random_uuid(),
           "created_at"                timestamptz NOT NULL DEFAULT now(),
           "updated_at"                timestamptz NOT NULL DEFAULT now(),
           "membership_tag_tag"        uuid        NOT NULL,
           "membership_tag_membership" uuid        NOT NULL,
           PRIMARY KEY ("id"),
           CONSTRAINT "membership_tags_memberships_membership" FOREIGN KEY ("membership_tag_membership") REFERENCES "memberships" ("id") ON UPDATE NO ACTION ON DELETE NO ACTION,
           CONSTRAINT "membership_tags_tags_tag" FOREIGN KEY ("membership_tag_tag") REFERENCES "tags" ("id") ON UPDATE NO ACTION ON DELETE NO ACTION
       );
  -- ok (16.126458ms)

  -- migrating version 20231207180255
    -> ALTER TABLE "memberships" ADD COLUMN "clerk_invitaion_id" character varying NULL;
  -- ok (955.291µs)

  -- migrating version 20231211160817
    -> CREATE TABLE "membership_skills"
       (
           "id"                            uuid              NOT NULL DEFAULT gen_random_uuid(),
           "created_at"                    timestamptz       NOT NULL DEFAULT now(),
           "updated_at"                    timestamptz       NOT NULL DEFAULT now(),
           "skill_id"                      character varying NOT NULL,
           "membership_skill_membership"   uuid              NOT NULL,
           "membership_skill_organization" uuid              NOT NULL,
           PRIMARY KEY ("id"),
           CONSTRAINT "membership_skills_memberships_membership" FOREIGN KEY ("membership_skill_membership") REFERENCES "memberships" ("id") ON UPDATE NO ACTION ON DELETE NO ACTION,
           CONSTRAINT "membership_skills_organizations_organization" FOREIGN KEY ("membership_skill_organization") REFERENCES "organizations" ("id") ON UPDATE NO ACTION ON DELETE NO ACTION
       );
  -- ok (3.07175ms)

  -- migrating version 20231215095252
    -> ALTER TABLE "users" ADD COLUMN "picture" character varying NULL;
  -- ok (874.792µs)

  -- migrating version 20231215145706
    -> ALTER TABLE "user_basic_info" ADD COLUMN "job_role_id" character varying NULL;
    -> ALTER TABLE "user_experiences" ADD COLUMN "job_role_id" character varying NULL;
  -- ok (1.325792ms)

  -- migrating version 20231218132032
    -> ALTER TABLE "user_basic_info" ADD COLUMN "job_title" character varying NULL;
    -> UPDATE "user_basic_info" SET "job_title" = "role";
  -- ok (1.554958ms)

  -- migrating version 20231218135858
    -> ALTER TABLE "user_experiences" ALTER COLUMN "title" DROP NOT NULL;
  -- ok (879.458µs)

  -- migrating version 20231219145214
    -> ALTER TABLE "membership_skills"
           ADD COLUMN "skill_name"          character varying NULL,
           ADD COLUMN "specialization_id"   character varying NULL,
           ADD COLUMN "specialization_name" character varying NULL,
           ADD COLUMN "category_id"         character varying NULL,
           ADD COLUMN "category_name"       character varying NULL;
    -> CREATE INDEX "membershipskill_skill_id" ON "membership_skills" ("skill_id");
    -> CREATE INDEX "membershipskill_skill_name" ON "membership_skills" ("skill_name");
    -> CREATE TABLE "membership_searches"
       (
           "id"                             uuid              NOT NULL DEFAULT gen_random_uuid(),
           "created_at"                     timestamptz       NOT NULL DEFAULT now(),
           "updated_at"                     timestamptz       NOT NULL DEFAULT now(),
           "firstname"                      character varying NULL,
           "lastname"                       character varying NULL,
           "email"                          character varying NOT NULL,
           "location"                       character varying NULL,
           "job_role_id"                    character varying NULL,
           "job_role_name"                  character varying NULL,
           "ts_name"                        tsvector          NULL GENERATED ALWAYS AS ((((((((
               setweight(to_tsvector('english'::regconfig,(COALESCE(firstname, ''::character varying))::text),'b'::"char") ||''::tsvector) || 
               setweight(to_tsvector('english'::regconfig,(COALESCE(lastname, ''::character varying))::text),'a'::"char")) ||''::tsvector) || 
               setweight(to_tsvector('english'::regconfig,(COALESCE(email, ''::character varying))::text),'b'::"char")) ||''::tsvector) || 
               setweight(to_tsvector('english'::regconfig,(COALESCE(job_role_name, ''::character varying))::text),'c'::"char")) || ''::tsvector) || 
               setweight(to_tsvector('english'::regconfig, (COALESCE(location, ''::character varying))::text), 'c'::"char")) STORED,
           "membership_search_membership"   uuid              NOT NULL,
           "membership_search_organization" uuid              NOT NULL,
           PRIMARY KEY ("id"),
           CONSTRAINT "membership_searches_memberships_membership" FOREIGN KEY ("membership_search_membership") REFERENCES "memberships" ("id") ON UPDATE NO ACTION ON DELETE NO ACTION,
           CONSTRAINT "membership_searches_organizations_organization" FOREIGN KEY ("membership_search_organization") REFERENCES "organizations" ("id") ON UPDATE NO ACTION ON DELETE NO ACTION
       );
    -> CREATE INDEX "idx_mem_search_ts_name" ON "membership_searches" USING gin ("ts_name");
    -> CREATE UNIQUE INDEX "membershipsearch_membership_search_membership_membership_search" ON "membership_searches" ("membership_search_membership", "membership_search_organization");
    -> CREATE UNIQUE INDEX "membershipskill_skill_id_membership_skill_membership_membership" ON "membership_skills" ("skill_id", "membership_skill_membership", "membership_skill_organization");
  -- ok (9.531417ms)

  -- migrating version 20231220154036
    -> create or replace function sync_memb_search() returns trigger
           security definer
           language plpgsql
       as
       $$
       begin
           INSERT INTO membership_searches(membership_search_membership, membership_search_organization, email, firstname,
                                           lastname, location, job_role_id)
           select "memberships"."id",
                  "memberships"."organization",
                  new.email,
                  "users".firstname,
                  "users".lastname,
                  new.location,
                  new.job_role_id
           from "memberships"
                    join "users" on "users".id = "memberships".user
           where "memberships"."user" = new.id
             and "memberships"."status" <> 'deleted'
           ON CONFLICT (membership_search_membership, membership_search_organization)
               DO UPDATE
               SET firstname   = excluded.firstname,
                   lastname    = excluded.lastname,
                   email       = excluded.email,
                   location    = excluded.location,
                   job_role_id = excluded.job_role_id;
           return new;
       end;
       $$;
    -> CREATE TRIGGER trigger_insert_memb_search
       AFTER INSERT OR UPDATE ON public.user_basic_info
       	FOR EACH ROW EXECUTE PROCEDURE sync_memb_search();
    -> create or replace function sync_memb_search_from_membership() returns trigger
           security definer
           language plpgsql
       as
       $$
       begin
           if new.status = 'deleted' then
               -- case memb deletion
               DELETE
               FROM membership_searches
               WHERE "membership_searches"."membership_search_membership" = new.id
                 AND "membership_searches"."membership_search_organization" = new.organization;
           else
               INSERT INTO membership_searches(membership_search_membership, membership_search_organization, email, firstname,
                                               lastname, location, job_role_id)
               select new."id",
                      new."organization",
                      "users".email,
                      "users".firstname,
                      "users".lastname,
                      "user_basic_info".location,
                      "user_basic_info".job_role_id
               from "memberships"
                        join "users" on "users".id = "memberships".user
                        join "user_basic_info" on "user_basic_info".id = "users".id
               where "memberships"."user" = new.user
                 and "memberships"."status" = 'active'
               ON CONFLICT (membership_search_membership, membership_search_organization)
                   DO UPDATE
                   SET firstname   = excluded.firstname,
                       lastname    = excluded.lastname,
                       email       = excluded.email,
                       location    = excluded.location,
                       job_role_id = excluded.job_role_id;
           end if;
           return new;
       end;
       $$;
    -> CREATE TRIGGER trigger_insert_memb_search_from_memberships
       AFTER INSERT OR UPDATE ON public.memberships
       	FOR EACH ROW EXECUTE PROCEDURE sync_memb_search_from_membership();
  -- ok (2.496ms)

  -- migrating version 20231220163641
    -> create or replace function sync_memb_skills() returns trigger
           security definer
           language plpgsql
       as
       $$
       begin
           INSERT INTO membership_skills(membership_skill_membership, membership_skill_organization, skill_id)
           select "memberships"."id", "memberships"."organization", new.skill_id
           from "memberships"
           where "memberships"."user" = new.user_skill_user
             and "memberships"."status" <> 'deleted'
           ON CONFLICT (skill_id, membership_skill_membership, membership_skill_organization)
               DO NOTHING;
           return new;
       end;
       $$;
    -> CREATE TRIGGER trigger_insert_membership_skills_from_user_skills
       AFTER INSERT ON public.user_skills
       	FOR EACH ROW EXECUTE PROCEDURE sync_memb_skills();
    -> create or replace function clean_memb_skills() returns trigger
           security definer
           language plpgsql
       as
       $$
       begin
           DELETE
           FROM "membership_skills"
               USING "memberships"
           WHERE "membership_skills".membership_skill_membership = "memberships".id
             AND "membership_skills".membership_skill_organization = "memberships".organization
             AND "membership_skills".skill_id = old.skill_id
             AND "membership_skills".membership_skill_membership =
                 (select id from "memberships" where "memberships".user = old.user_skill_user)
             AND 0 = (select count(*)
                      from public.user_skills
                      where user_skill_user = old.user_skill_user
                        and skill_id = old.skill_id);
           return old;
       end;
       $$;
    -> CREATE TRIGGER trigger_delete_membership_skills_from_user_skills
       AFTER DELETE ON public.user_skills
       	FOR EACH ROW EXECUTE PROCEDURE clean_memb_skills();
    -> create or replace function sync_membership_skills_from_memberships() returns trigger
           security definer
           language plpgsql
       as
       $$
       begin
           INSERT INTO membership_skills(membership_skill_membership, membership_skill_organization, skill_id)
           select new."id", new."organization", "user_skills".skill_id
           from "user_skills"
           where "user_skills"."user_skill_user" = new."user"
               and new."status" = 'active'
           ON CONFLICT (skill_id, membership_skill_membership, membership_skill_organization)
               DO NOTHING;
           return new;
       end;
       $$;
    -> CREATE TRIGGER trigger_insert_membership_skills_from_memberships
       AFTER INSERT OR UPDATE ON public.memberships
       	FOR EACH ROW EXECUTE PROCEDURE sync_membership_skills_from_memberships();
  -- ok (3.240791ms)

  -- migrating version 20240102150000
    -> create or replace function clean_memb_skills() returns trigger
           security definer
           language plpgsql
       as
       $$
       begin
           DELETE
           FROM "membership_skills"
               USING "memberships"
           WHERE "membership_skills".membership_skill_membership = "memberships".id
             AND "membership_skills".membership_skill_organization = "memberships".organization
             AND "membership_skills".skill_id = old.skill_id
             AND "membership_skills".membership_skill_membership in
                 (select id
                  from "memberships"
                  where "memberships".user = old.user_skill_user)
             AND 0 = (select count(*)
                      from public.user_skills
                      where user_skill_user = old.user_skill_user
                        and skill_id = old.skill_id);
           return old;
       end;
       $$;
  -- ok (959.959µs)

  -- migrating version 20240110095807
    -> ALTER TABLE "membership_skills" ADD COLUMN "skill_level" bigint NULL;
    -> with user_skill_data as (select u.user_skill_user, u.skill_id, max(u.level) as max
                                from user_skills u
                                group by u.user_skill_user, u.skill_id),
            user_skill_mem_data as (select m.id, usd.skill_id, usd.max
                                    from memberships m
                                             join user_skill_data usd on m."user" = usd.user_skill_user)
       update membership_skills set skill_level = m.max
       from user_skill_mem_data m
       where membership_skills.membership_skill_membership = m.id
         and membership_skills.skill_id = m.skill_id
       ;
    -> ALTER TABLE "membership_skills" ALTER COLUMN "skill_level" SET NOT NULL;
  -- ok (3.421875ms)

  -- migrating version 20240110140000
    -> create or replace function sync_memb_skills() returns trigger
           security definer
           language plpgsql
       as
       $$
       begin
           INSERT INTO membership_skills(membership_skill_membership, membership_skill_organization, skill_id, skill_level)
           select "memberships"."id", "memberships"."organization", new.skill_id, new.level
           from "memberships"
           where "memberships"."user" = new.user_skill_user
             and "memberships"."status" <> 'deleted'
           ON CONFLICT (membership_skill_membership, membership_skill_organization, skill_id) DO UPDATE
               SET skill_level = (select max(level)
                                  from user_skills
                                  where user_skills.user_skill_user = new.user_skill_user
                                    and user_skills.skill_id = new.skill_id);
           return new;
       end;
       $$;
    -> create or replace function sync_membership_skills_from_memberships() returns trigger
           security definer
           language plpgsql
       as
       $$
       begin
           INSERT INTO membership_skills(membership_skill_membership, membership_skill_organization, skill_id, skill_level)
           select new."id", new."organization", "user_skills".skill_id, MAX("user_skills".level) as max_skill_level
           from "user_skills"
           where "user_skills"."user_skill_user" = new."user"
             and new."status" = 'active'
           group by "user_skills".user_skill_user, "user_skills".skill_id
           ON CONFLICT (skill_id, membership_skill_membership, membership_skill_organization)
               DO NOTHING;
           return new;
       end ;
       $$;
  -- ok (1.372208ms)

  -- migrating version 20240118112430
    -> ALTER TABLE "membership_searches" DROP COLUMN "ts_name", ADD COLUMN "job_role_title" character varying NULL, ADD COLUMN "ts_search" tsvector NULL GENERATED ALWAYS AS ((((((((((setweight(to_tsvector('english'::regconfig, (COALESCE(firstname, ''::character varying))::text), 'b'::"char") || ''::tsvector) || setweight(to_tsvector('english'::regconfig, (COALESCE(lastname, ''::character varying))::text), 'a'::"char")) || ''::tsvector) || setweight(to_tsvector('english'::regconfig, (COALESCE(email, ''::character varying))::text), 'b'::"char")) || ''::tsvector) || setweight(to_tsvector('english'::regconfig, (COALESCE(job_role_name, ''::character varying))::text), 'c'::"char")) || ''::tsvector) || setweight(to_tsvector('english'::regconfig, (COALESCE(job_role_title, ''::character varying))::text), 'c'::"char")) || ''::tsvector) || setweight(to_tsvector('english'::regconfig, (COALESCE(location, ''::character varying))::text), 'c'::"char")) STORED;
    -> CREATE INDEX "idx_mem_search_ts_search" ON "membership_searches" USING gin ("ts_search");
  -- ok (4.772625ms)

  -- migrating version 20240118131937
    -> create or replace function sync_memb_search() returns trigger
           security definer
           language plpgsql
       as
       $$
       begin
           INSERT INTO membership_searches(membership_search_membership, membership_search_organization, email, firstname,
                                           lastname, location, job_role_id, job_role_title)
           select "memberships"."id",
                  "memberships"."organization",
                  new.email,
                  "users".firstname,
                  "users".lastname,
                  new.location,
                  new.job_role_id,
                  new.job_title
           from "memberships"
                    join "users" on "users".id = "memberships".user
           where "memberships"."user" = new.id
             and "memberships"."status" <> 'deleted'
           ON CONFLICT (membership_search_membership, membership_search_organization)
               DO UPDATE
               SET firstname      = excluded.firstname,
                   lastname       = excluded.lastname,
                   email          = excluded.email,
                   location       = excluded.location,
                   job_role_id    = excluded.job_role_id,
                   job_role_title = excluded.job_role_title;
           return new;
       end;
       $$;
    -> create or replace function sync_memb_search_from_membership() returns trigger
           security definer
           language plpgsql
       as
       $$
       begin
           if new.status = 'deleted' then
               -- case memb deletion
               DELETE
               FROM membership_searches
               WHERE "membership_searches"."membership_search_membership" = new.id
                 AND "membership_searches"."membership_search_organization" = new.organization;
           else
               INSERT INTO membership_searches(membership_search_membership, membership_search_organization, email, firstname,
                                               lastname, location, job_role_id, job_role_title)
               select new."id",
                      new."organization",
                      "users".email,
                      "users".firstname,
                      "users".lastname,
                      "user_basic_info".location,
                      "user_basic_info".job_role_id,
                      "user_basic_info".job_title
               from "memberships"
                        join "users" on "users".id = "memberships".user
                        join "user_basic_info" on "user_basic_info".id = "users".id
               where "memberships"."user" = new.user
                 and "memberships"."status" = 'active'
               ON CONFLICT (membership_search_membership, membership_search_organization)
                   DO UPDATE
                   SET firstname      = excluded.firstname,
                       lastname       = excluded.lastname,
                       email          = excluded.email,
                       location       = excluded.location,
                       job_role_id    = excluded.job_role_id,
                       job_role_title = excluded.job_role_title;
           end if;
           return new;
       end;
       $$;
  -- ok (1.491291ms)

  -- migrating version 20240125105611
    -> ALTER TABLE "companies" ALTER COLUMN "domain" SET NOT NULL;
  -- ok (890.834µs)

  -- migrating version 20240202125804
    -> ALTER TABLE "memberships" ADD COLUMN "clerk_membership_id" character varying NULL;
  -- ok (876µs)

  -- migrating version 20240222135606
    -> ALTER TABLE "membership_tags" 
           ADD COLUMN "membership_tag_organization" uuid NULL, 
           ADD CONSTRAINT "membership_tags_organizations_organization" FOREIGN KEY ("membership_tag_organization") REFERENCES "organizations" ("id") ON UPDATE NO ACTION ON DELETE NO ACTION;
    -> update "membership_tags"
           set membership_tag_organization = m.organization
       from "memberships" m
       where "membership_tags".membership_tag_membership = m.id;
    -> ALTER TABLE "membership_tags" 
           ALTER COLUMN "membership_tag_organization" SET NOT NULL;
  -- ok (3.495334ms)

  -- migrating version 20240223160809
    -> ALTER TABLE "memberships" DROP CONSTRAINT "memberships_users_invitations", DROP CONSTRAINT "memberships_users_memberships", ADD COLUMN "picture_url" character varying NULL, ADD COLUMN "location" character varying NULL, ADD COLUMN "job_role_id" character varying NULL, ADD COLUMN "job_role_name" character varying NULL, ADD COLUMN "job_role_title" character varying NULL, ADD COLUMN "ts_search" tsvector NULL GENERATED ALWAYS AS ((((((((((setweight(to_tsvector('english'::regconfig, (COALESCE(firstname, ''::character varying))::text), 'b'::"char") || ''::tsvector) || setweight(to_tsvector('english'::regconfig, (COALESCE(lastname, ''::character varying))::text), 'a'::"char")) || ''::tsvector) || setweight(to_tsvector('english'::regconfig, (COALESCE(email, ''::character varying))::text), 'b'::"char")) || ''::tsvector) || setweight(to_tsvector('english'::regconfig, (COALESCE(job_role_name, ''::character varying))::text), 'c'::"char")) || ''::tsvector) || setweight(to_tsvector('english'::regconfig, (COALESCE(job_role_title, ''::character varying))::text), 'c'::"char")) || ''::tsvector) || setweight(to_tsvector('english'::regconfig, (COALESCE(location, ''::character varying))::text), 'c'::"char")) STORED, ADD CONSTRAINT "memberships_users_inviter" FOREIGN KEY ("inviter") REFERENCES "users" ("id") ON UPDATE NO ACTION ON DELETE SET NULL, ADD CONSTRAINT "memberships_users_user" FOREIGN KEY ("user") REFERENCES "users" ("id") ON UPDATE NO ACTION ON DELETE SET NULL;
    -> CREATE INDEX "idx_mem_ts_search" ON "memberships" USING gin ("ts_search");
    -> CREATE INDEX "membership_job_role_id" ON "memberships" ("job_role_id");
    -> CREATE INDEX "membership_lastname" ON "memberships" ("lastname");
    -> CREATE INDEX "membership_location" ON "memberships" ("location");
    -> CREATE INDEX "membership_status" ON "memberships" ("status");
    -> UPDATE "memberships" SET job_role_id=b.job_role_id, job_role_title=b.job_title, location=b.location
       FROM user_basic_info b
       WHERE b.id = memberships.user;
    -> UPDATE "memberships" SET picture_url=u.picture
       FROM users u
       WHERE u.id = memberships.user;
  -- ok (14.422917ms)

  -- migrating version 20240223180000
    -> create or replace function sync_user_basic_info_memb() returns trigger
           security definer
           language plpgsql
       as
       $$
       begin
           UPDATE "memberships" set location=new.location, job_role_id=new.job_role_id, job_role_title=new.job_title 
           WHERE "memberships"."user" = new.id
             and "memberships"."status" <> 'deleted';
           return new;
       end;
       $$;
    -> CREATE OR REPLACE TRIGGER trigger_after_insert_user_basic_info_update_memb
       AFTER UPDATE ON public.user_basic_info
       	FOR EACH ROW EXECUTE PROCEDURE sync_user_basic_info_memb();
    -> create or replace function sync_users_memb() returns trigger
           security definer
           language plpgsql
       as
       $$
       begin
           UPDATE "memberships" set email=new.email, firstname=new.firstname, lastname=new.lastname, picture_url=new.picture 
           WHERE "memberships"."user" = new.id
             and "memberships"."status" <> 'deleted';
           return new;
       end;
       $$;
    -> CREATE OR REPLACE TRIGGER trigger_after_insert_users_update_memb
       AFTER UPDATE ON public.users
       	FOR EACH ROW EXECUTE PROCEDURE sync_users_memb();
    -> create or replace function sync_membership() returns trigger
           security definer
           language plpgsql
       as
       $$
       begin
           UPDATE memberships set location=ubi.location, job_role_id=ubi.job_role_id, job_role_title=ubi.job_title, picture_url=u.picture 
           from "users" u join "user_basic_info" ubi on u.id = ubi.id
           where "memberships"."user" = u.id
             and "memberships"."status" = 'active';
           return new;
       end;
       $$;
    -> CREATE OR REPLACE TRIGGER trigger_after_insert_membership
       AFTER INSERT ON public.memberships
       	FOR EACH ROW EXECUTE PROCEDURE sync_membership();
  -- ok (3.75875ms)

  -- migrating version 20240226104132
    -> DROP TRIGGER trigger_insert_memb_search_from_memberships on memberships;
    -> DROP FUNCTION sync_memb_search_from_membership;
    -> DROP TRIGGER trigger_insert_memb_search on user_basic_info;
    -> DROP FUNCTION sync_memb_search;
    -> DROP TABLE "membership_searches";
  -- ok (3.354834ms)

  -- migrating version 20240304140158
    -> ALTER TABLE "user_skills"
           ADD COLUMN "skill_path_id"     uuid    NULL,
           ADD COLUMN "job_simulation_id" uuid    NULL,
           ADD COLUMN "is_verified"       boolean NOT NULL DEFAULT false;
    -> ALTER TABLE "user_skills"
           DROP CONSTRAINT "user_skills_check_foreign_keys";
    -> ALTER TABLE "user_skills"
           ADD CONSTRAINT "user_skills_check_foreign_keys"
               CHECK (
                   user_skill_experience IS NOT NULL
                       OR user_skill_education IS NOT NULL
                       OR user_skill_certification IS NOT NULL
                       OR user_skill_project IS NOT NULL
                       OR user_skill_content IS NOT NULL
                       OR user_skill_volunteering IS NOT NULL
                       OR skill_path_id IS NOT NULL
                       OR job_simulation_id IS NOT NULL
                   )
       ;
  -- ok (1.913958ms)

  -- migrating version 20240312152917
    -> CREATE TABLE "organization_assignments"
       (
           "id"              uuid              NOT NULL DEFAULT gen_random_uuid(),
           "created_at"      timestamptz       NOT NULL DEFAULT now(),
           "updated_at"      timestamptz       NOT NULL DEFAULT now(),
           "due_date"        timestamptz       NULL,
           "status"          character varying NOT NULL,
           "resource_id"     uuid              NOT NULL,
           "resource_type"   character varying NOT NULL,
           "started_at"      timestamptz       NULL,
           "ended_at"        timestamptz       NULL,
           "organization_id" uuid              NOT NULL,
           "assignee_id"     uuid              NOT NULL,
           "assigner_id"     uuid              NOT NULL,
           PRIMARY KEY ("id"),
           CONSTRAINT "organization_assignments_memberships_assignee" FOREIGN KEY ("assignee_id") REFERENCES "memberships" ("id") ON UPDATE NO ACTION ON DELETE NO ACTION,
           CONSTRAINT "organization_assignments_memberships_assigner" FOREIGN KEY ("assigner_id") REFERENCES "memberships" ("id") ON UPDATE NO ACTION ON DELETE NO ACTION,
           CONSTRAINT "organization_assignments_organizations_organization" FOREIGN KEY ("organization_id") REFERENCES "organizations" ("id") ON UPDATE NO ACTION ON DELETE NO ACTION
       );
    -> CREATE INDEX "organizationassignment_assignee_id" ON "organization_assignments" ("assignee_id");
    -> CREATE INDEX "organizationassignment_assigner_id" ON "organization_assignments" ("assigner_id");
    -> CREATE INDEX "organizationassignment_organization_id" ON "organization_assignments" ("organization_id");
    -> CREATE INDEX "organizationassignment_status" ON "organization_assignments" ("status");
    -> CREATE TABLE "personal_assignments"
       (
           "id"            uuid              NOT NULL DEFAULT gen_random_uuid(),
           "created_at"    timestamptz       NOT NULL DEFAULT now(),
           "updated_at"    timestamptz       NOT NULL DEFAULT now(),
           "due_date"      timestamptz       NULL,
           "status"        character varying NOT NULL,
           "resource_id"   uuid              NOT NULL,
           "resource_type" character varying NOT NULL,
           "started_at"    timestamptz       NULL,
           "ended_at"      timestamptz       NULL,
           "user_id"       uuid              NOT NULL,
           PRIMARY KEY ("id"),
           CONSTRAINT "personal_assignments_users_user" FOREIGN KEY ("user_id") REFERENCES "users" ("id") ON UPDATE NO ACTION ON DELETE NO ACTION
       );
    -> CREATE TABLE "local_skill_path_sessions"
       (
           "id"                                               uuid              NOT NULL DEFAULT gen_random_uuid(),
           "created_at"                                       timestamptz       NOT NULL DEFAULT now(),
           "updated_at"                                       timestamptz       NOT NULL DEFAULT now(),
           "skill_path_id"                                    uuid              NOT NULL,
           "skill_path_session_id"                            uuid              NOT NULL,
           "progress"                                         bigint            NOT NULL DEFAULT 0,
           "status"                                           character varying NOT NULL,
           "session_started_at"                               timestamptz       NULL,
           "session_ended_at"                                 timestamptz       NULL,
           "session_created_at"                               timestamptz       NULL,
           "session_updated_at"                               timestamptz       NULL,
           "user_id"                                          uuid              NOT NULL,
           "local_skill_path_session_personal_assignment"     uuid              NULL,
           "local_skill_path_session_organization_assignment" uuid              NULL,
           PRIMARY KEY ("id"),
           CONSTRAINT "local_skill_path_sessions_organization_assignments_organization" FOREIGN KEY ("local_skill_path_session_organization_assignment") REFERENCES "organization_assignments" ("id") ON UPDATE NO ACTION ON DELETE SET NULL,
           CONSTRAINT "local_skill_path_sessions_personal_assignments_personal_assignm" FOREIGN KEY ("local_skill_path_session_personal_assignment") REFERENCES "personal_assignments" ("id") ON UPDATE NO ACTION ON DELETE SET NULL,
           CONSTRAINT "local_skill_path_sessions_users_user" FOREIGN KEY ("user_id") REFERENCES "users" ("id") ON UPDATE NO ACTION ON DELETE NO ACTION
       );
    -> CREATE INDEX "localskillpathsession_status" ON "local_skill_path_sessions" ("status");
    -> CREATE INDEX "localskillpathsession_user_id" ON "local_skill_path_sessions" ("user_id");
  -- ok (30.376209ms)

  -- migrating version 20240321135754
    -> ALTER TABLE "organization_assignments" ALTER COLUMN "status" SET DEFAULT 'active', ADD COLUMN "progress_status" character varying NOT NULL DEFAULT 'notStarted';
    -> ALTER TABLE "personal_assignments" ALTER COLUMN "status" SET DEFAULT 'active', ADD COLUMN "progress_status" character varying NOT NULL DEFAULT 'notStarted';
  -- ok (1.480833ms)

  -- migrating version 20240322151020
    -> create or replace function on_user_basic_info_update_then_update_memberships() returns trigger
               security definer
               language plpgsql
       as
       $$
       begin
               UPDATE "memberships" set location=new.location, job_role_id=new.job_role_id, job_role_title=new.job_title 
               WHERE "memberships"."user" = new.id
                   and "memberships"."status" <> 'deleted';
               return new;
       end;
       $$;
       
       CREATE OR REPLACE TRIGGER trigger_after_insert_user_basic_info_update_memb
       AFTER UPDATE ON public.user_basic_info
       	FOR EACH ROW EXECUTE PROCEDURE on_user_basic_info_update_then_update_memberships();
       
       DROP FUNCTION IF EXISTS sync_user_basic_info_memb;
    -> create or replace function on_users_update_then_update_memberships() returns trigger
               security definer
               language plpgsql
       as
       $$
       begin
               UPDATE "memberships" set email=new.email, firstname=new.firstname, lastname=new.lastname, picture_url=new.picture 
               WHERE "memberships"."user" = new.id
                   and "memberships"."status" <> 'deleted';
               return new;
       end;
       $$;
       
       CREATE OR REPLACE TRIGGER trigger_after_insert_users_update_memb
       AFTER UPDATE ON public.users
       	FOR EACH ROW EXECUTE PROCEDURE on_users_update_then_update_memberships();
       
       DROP FUNCTION IF EXISTS sync_users_memb;
    -> create or replace function on_memberships_insert_then_update_memberships() returns trigger
               security definer
               language plpgsql
       as
       $$
       begin
               UPDATE memberships set location=ubi.location, job_role_id=ubi.job_role_id, job_role_title=ubi.job_title, picture_url=u.picture 
               from "users" u join "user_basic_info" ubi on u.id = ubi.id
               where "memberships"."user" = u.id
                   and "memberships"."id" = new.id
                   and "memberships"."status" <> 'deleted';
               return new;
       end;
       $$;
       
       CREATE OR REPLACE TRIGGER trigger_after_insert_membership
       AFTER INSERT ON public.memberships
       	FOR EACH ROW EXECUTE PROCEDURE on_memberships_insert_then_update_memberships();
       
       DROP FUNCTION IF EXISTS sync_membership;
    -> create or replace function on_user_skills_insert_then_insert_membership_skills() returns trigger
           security definer
           language plpgsql
       as
       $$
       begin
           INSERT INTO membership_skills(membership_skill_membership, membership_skill_organization, skill_id, skill_level)
           select "memberships"."id", "memberships"."organization", new.skill_id, new.level
           from "memberships"
           where "memberships"."user" = new.user_skill_user
             and "memberships"."status" <> 'deleted'
           ON CONFLICT (membership_skill_membership, membership_skill_organization, skill_id) DO UPDATE
               SET skill_level = (select max(level)
                                  from user_skills
                                  where user_skills.user_skill_user = new.user_skill_user
                                    and user_skills.skill_id = new.skill_id);
           return new;
       end;
       $$;
       
       
       CREATE OR REPLACE TRIGGER trigger_insert_membership_skills_from_user_skills
       AFTER INSERT ON public.user_skills
       	FOR EACH ROW EXECUTE PROCEDURE on_user_skills_insert_then_insert_membership_skills();
       
       DROP FUNCTION IF EXISTS sync_memb_skills;
    -> create or replace function on_memberships_insert_or_update_then_insert_membership_skills() returns trigger
           security definer
           language plpgsql
       as
       $$
       begin
           INSERT INTO membership_skills(membership_skill_membership, membership_skill_organization, skill_id, skill_level)
           select new."id", new."organization", "user_skills".skill_id, MAX("user_skills".level) as max_skill_level
           from "user_skills"
           where "user_skills"."user_skill_user" = new."user"
             and new."status" = 'active'
           group by "user_skills".user_skill_user, "user_skills".skill_id
           ON CONFLICT (skill_id, membership_skill_membership, membership_skill_organization)
               DO NOTHING;
           return new;
       end ;
       $$;
       
       CREATE OR REPLACE TRIGGER trigger_insert_membership_skills_from_memberships
       AFTER INSERT OR UPDATE ON public.memberships
       	FOR EACH ROW EXECUTE PROCEDURE on_memberships_insert_or_update_then_insert_membership_skills();
       
       DROP FUNCTION IF EXISTS sync_membership_skills_from_memberships;
    -> create or replace function on_user_skills_delete_then_delete_membership_skills() returns trigger
           security definer
           language plpgsql
       as
       $$
       begin
           DELETE
           FROM "membership_skills"
               USING "memberships"
           WHERE "membership_skills".membership_skill_membership = "memberships".id
             AND "membership_skills".membership_skill_organization = "memberships".organization
             AND "membership_skills".skill_id = old.skill_id
             AND "membership_skills".membership_skill_membership in
                 (select id
                  from "memberships"
                  where "memberships".user = old.user_skill_user)
             AND 0 = (select count(*)
                      from public.user_skills
                      where user_skill_user = old.user_skill_user
                        and skill_id = old.skill_id);
           return old;
       end;
       $$;
       
       CREATE OR REPLACE TRIGGER trigger_delete_membership_skills_from_user_skills
       AFTER DELETE ON public.user_skills
       	FOR EACH ROW EXECUTE PROCEDURE on_user_skills_delete_then_delete_membership_skills();
       
       DROP FUNCTION IF EXISTS clean_memb_skills;
  -- ok (3.669917ms)

  -- migrating version 20240322155937
    -> ALTER TABLE "local_skill_path_sessions"
           DROP COLUMN "local_skill_path_session_personal_assignment",
           DROP COLUMN "local_skill_path_session_organization_assignment";
    -> CREATE TABLE "organization_assignment_sessions"
       (
           "id"              uuid        NOT NULL DEFAULT gen_random_uuid(),
           "created_at"      timestamptz NOT NULL DEFAULT now(),
           "updated_at"      timestamptz NOT NULL DEFAULT now(),
           "assignment_id"   uuid        NOT NULL,
           "organization_id" uuid        NOT NULL,
           "session_id"      uuid        NOT NULL,
           PRIMARY KEY ("id"),
           CONSTRAINT "organization_assignment_sessions_local_skill_path_sessions_sess" FOREIGN KEY ("session_id") REFERENCES "local_skill_path_sessions" ("id") ON UPDATE NO ACTION ON DELETE NO ACTION,
           CONSTRAINT "organization_assignment_sessions_organization_assignments_assig" FOREIGN KEY ("assignment_id") REFERENCES "organization_assignments" ("id") ON UPDATE NO ACTION ON DELETE NO ACTION,
           CONSTRAINT "organization_assignment_sessions_organizations_organization" FOREIGN KEY ("organization_id") REFERENCES "organizations" ("id") ON UPDATE NO ACTION ON DELETE NO ACTION
       );
    -> CREATE UNIQUE INDEX "organizationassignmentsession_assignment_id_session_id" ON "organization_assignment_sessions" ("assignment_id", "session_id");
    -> CREATE TABLE "personal_assignment_sessions"
       (
           "id"            uuid        NOT NULL DEFAULT gen_random_uuid(),
           "created_at"    timestamptz NOT NULL DEFAULT now(),
           "updated_at"    timestamptz NOT NULL DEFAULT now(),
           "assignment_id" uuid        NOT NULL,
           "user_id"       uuid        NOT NULL,
           "session_id"    uuid        NOT NULL,
           PRIMARY KEY ("id"),
           CONSTRAINT "personal_assignment_sessions_local_skill_path_sessions_session" FOREIGN KEY ("session_id") REFERENCES "local_skill_path_sessions" ("id") ON UPDATE NO ACTION ON DELETE NO ACTION,
           CONSTRAINT "personal_assignment_sessions_personal_assignments_assignment" FOREIGN KEY ("assignment_id") REFERENCES "personal_assignments" ("id") ON UPDATE NO ACTION ON DELETE NO ACTION,
           CONSTRAINT "personal_assignment_sessions_users_user" FOREIGN KEY ("user_id") REFERENCES "users" ("id") ON UPDATE NO ACTION ON DELETE NO ACTION
       );
    -> CREATE UNIQUE INDEX "personalassignmentsession_assignment_id_session_id" ON "personal_assignment_sessions" ("assignment_id", "session_id");
  -- ok (6.6745ms)

  -- migrating version 20240327171722
    -> ALTER TABLE "organization_assignment_sessions" ADD COLUMN "progress" bigint NOT NULL DEFAULT 0, ADD COLUMN "progress_status" character varying NOT NULL DEFAULT 'notStarted', ADD COLUMN "started_at" timestamptz NULL, ADD COLUMN "ended_at" timestamptz NULL;
    -> ALTER TABLE "organization_assignments" DROP COLUMN "started_at", DROP COLUMN "ended_at", DROP COLUMN "progress_status";
    -> ALTER TABLE "personal_assignment_sessions" ADD COLUMN "progress" bigint NOT NULL DEFAULT 0, ADD COLUMN "progress_status" character varying NOT NULL DEFAULT 'notStarted', ADD COLUMN "started_at" timestamptz NULL, ADD COLUMN "ended_at" timestamptz NULL;
    -> ALTER TABLE "personal_assignments" DROP COLUMN "started_at", DROP COLUMN "ended_at", DROP COLUMN "progress_status";
  -- ok (4.906458ms)

  -- migrating version 20240405122009
    -> ALTER TABLE "organization_assignment_sessions" DROP COLUMN "progress_status";
    -> ALTER TABLE "personal_assignment_sessions" DROP COLUMN "progress_status";
  -- ok (1.430792ms)

  -- migrating version 20240410124056
    -> ALTER TABLE "user_basic_info" DROP COLUMN "role";
  -- ok (790.375µs)

  -- migrating version 20240410153423
    -> ALTER TABLE "user_skills" ADD COLUMN "acquired_at" timestamptz NULL;
    -> update user_skills
       set acquired_at = user_experiences."from"
       from user_experiences
       where user_skills.user_skill_experience is not null
         and user_skills.user_skill_user = user_experiences."user"
         and user_skills.user_skill_experience = user_experiences.id;
    -> update user_skills
       set acquired_at = user_educations."from"
       from user_educations
       where user_skills.user_skill_education is not null
         and user_skills.user_skill_user = user_educations."user"
         and user_skills.user_skill_education = user_educations.id;
    -> update user_skills
       set acquired_at = user_certifications."from"
       from user_certifications
       where user_skills.user_skill_certification is not null
         and user_skills.user_skill_user = user_certifications."user"
         and user_skills.user_skill_certification = user_certifications.id;
    -> update user_skills
       set acquired_at = user_projects."from"
       from user_projects
       where user_skills.user_skill_project is not null
         and user_skills.user_skill_user = user_projects."user"
         and user_skills.user_skill_project = user_projects.id;
    -> update user_skills
       set acquired_at = user_volunteerings."from"
       from user_volunteerings
       where user_skills.user_skill_volunteering is not null
         and user_skills.user_skill_user = user_volunteerings."user"
         and user_skills.user_skill_volunteering = user_volunteerings.id;
    -> update user_skills
       set acquired_at = user_contents."from"
       from user_contents
       where user_skills.user_skill_content is not null
         and user_skills.user_skill_user = user_contents."user"
         and user_skills.user_skill_content = user_contents.id;
    -> update user_skills
       set acquired_at = created_at
       where user_skills.skill_path_id is not null;
    -> ALTER TABLE "user_skills" ALTER COLUMN "acquired_at" SET NOT NULL;
    -> CREATE INDEX "userskill_acquired_at" ON "user_skills" ("acquired_at");
    -> CREATE INDEX "userskill_is_verified" ON "user_skills" ("is_verified");
    -> CREATE INDEX "userskill_level" ON "user_skills" ("level");
    -> CREATE INDEX "userskill_skill_id" ON "user_skills" ("skill_id");
  -- ok (9.790583ms)

  -- migrating version 20240424154856
    -> CREATE UNIQUE INDEX "idx_unique_job_simulation" ON "user_skills" ("skill_id", "job_simulation_id", "user_skill_user") WHERE (job_simulation_id IS NOT NULL);
    -> CREATE UNIQUE INDEX "idx_unique_skill_path" ON "user_skills" ("skill_id", "skill_path_id", "user_skill_user") WHERE (skill_path_id IS NOT NULL);
    -> CREATE UNIQUE INDEX "idx_unique_user_skill_certification" ON "user_skills" ("skill_id", "user_skill_user", "user_skill_certification") WHERE (user_skill_certification IS NOT NULL);
    -> CREATE UNIQUE INDEX "idx_unique_user_skill_content" ON "user_skills" ("skill_id", "user_skill_user", "user_skill_content") WHERE (user_skill_content IS NOT NULL);
    -> CREATE UNIQUE INDEX "idx_unique_user_skill_education" ON "user_skills" ("skill_id", "user_skill_user", "user_skill_education") WHERE (user_skill_education IS NOT NULL);
    -> CREATE UNIQUE INDEX "idx_unique_user_skill_experience" ON "user_skills" ("skill_id", "user_skill_user", "user_skill_experience") WHERE (user_skill_experience IS NOT NULL);
    -> CREATE UNIQUE INDEX "idx_unique_user_skill_project" ON "user_skills" ("skill_id", "user_skill_user", "user_skill_project") WHERE (user_skill_project IS NOT NULL);
    -> CREATE UNIQUE INDEX "idx_unique_user_skill_volunteering" ON "user_skills" ("skill_id", "user_skill_user", "user_skill_volunteering") WHERE (user_skill_volunteering IS NOT NULL);
  -- ok (9.300625ms)

  -- migrating version 20240527131926
    -> CREATE TABLE "local_jobsimulation_sessions"
       (
           "id"                       uuid              NOT NULL DEFAULT gen_random_uuid(),
           "created_at"               timestamptz       NOT NULL DEFAULT now(),
           "updated_at"               timestamptz       NOT NULL DEFAULT now(),
           "jobsimulation_id"         uuid              NOT NULL,
           "jobsimulation_session_id" uuid              NOT NULL,
           "status"                   character varying NOT NULL,
           "completition_status"      character varying NOT NULL,
           "session_started_at"       timestamptz       NULL,
           "session_ended_at"         timestamptz       NULL,
           "session_created_at"       timestamptz       NOT NULL,
           "session_updated_at"       timestamptz       NOT NULL,
           "interaction"              bigint            NULL,
           "user_id"                  uuid              NOT NULL,
           PRIMARY KEY ("id"),
           CONSTRAINT "local_jobsimulation_sessions_users_user" FOREIGN KEY ("user_id") REFERENCES "users" ("id") ON UPDATE NO ACTION ON DELETE NO ACTION
       );
    -> CREATE INDEX "localjobsimulationsession_jobsimulation_id" ON "local_jobsimulation_sessions" ("jobsimulation_id");
    -> CREATE INDEX "localjobsimulationsession_status" ON "local_jobsimulation_sessions" ("status");
    -> CREATE INDEX "localjobsimulationsession_user_id" ON "local_jobsimulation_sessions" ("user_id");
  -- ok (6.58075ms)

  -- migrating version 20240529094651
    -> CREATE UNIQUE INDEX "localjobsimulationsession_jobsimulation_session_id" ON "local_jobsimulation_sessions" ("jobsimulation_session_id");
  -- ok (1.634416ms)

  -- migrating version 20240624134708
    -> ALTER TABLE "local_jobsimulation_sessions" ADD COLUMN "score" real NOT NULL DEFAULT 0, ADD COLUMN "validation_version" bigint NOT NULL DEFAULT 1;
  -- ok (976.417µs)

  -- migrating version 20240701094427
    -> ALTER TABLE "local_jobsimulation_sessions" ADD COLUMN "tenant_id" uuid NULL;
  -- ok (943.084µs)

  -- migrating version 20240701121359
    -> CREATE INDEX "localjobsimulationsession_tenant_id" ON "local_jobsimulation_sessions" ("tenant_id");
    -> ALTER TABLE "local_skill_path_sessions" ADD COLUMN "tenant_id" uuid NULL;
    -> CREATE INDEX "localskillpathsession_tenant_id" ON "local_skill_path_sessions" ("tenant_id");
  -- ok (2.950208ms)

  -- migrating version 20240715115722
    -> CREATE TABLE "user_skill_evidences"
       (
           "id"                    uuid              NOT NULL DEFAULT gen_random_uuid(),
           "created_at"            timestamptz       NOT NULL DEFAULT now(),
           "updated_at"            timestamptz       NOT NULL DEFAULT now(),
           "skill_id"              character varying NOT NULL,
           "acquired_at"           timestamptz       NOT NULL,
           "years"                 bigint            NOT NULL DEFAULT 0,
           "work_experience_count" bigint            NOT NULL DEFAULT 0,
           "education_count"       bigint            NOT NULL DEFAULT 0,
           "certification_count"   bigint            NOT NULL DEFAULT 0,
           "project_count"         bigint            NOT NULL DEFAULT 0,
           "volunteering_count"    bigint            NOT NULL DEFAULT 0,
           "content_count"         bigint            NOT NULL DEFAULT 0,
           "skill_path_count"      bigint            NOT NULL DEFAULT 0,
           "job_simulation_count"  bigint            NOT NULL DEFAULT 0,
           "level"                 bigint            NULL,
           "anthropos_level"       bigint            NULL,
           "user_level"            bigint            NULL,
           "manager_level"         bigint            NULL,
           "peers_level"           bigint            NULL,
           "is_verified"           boolean           NOT NULL DEFAULT false,
           "verification_date"     timestamptz       NULL,
           "user_id"               uuid              NOT NULL,
           PRIMARY KEY ("id"),
           CONSTRAINT "user_skill_evidences_users_user" FOREIGN KEY ("user_id") REFERENCES "users" ("id") ON UPDATE NO ACTION ON DELETE NO ACTION
       );
    -> CREATE UNIQUE INDEX "idx_unique_user_skill_evidence" ON "user_skill_evidences" ("skill_id", "user_id");
    -> CREATE INDEX "userskillevidence_is_verified" ON "user_skill_evidences" ("is_verified");
    -> CREATE INDEX "userskillevidence_level" ON "user_skill_evidences" ("level");
    -> CREATE INDEX "userskillevidence_skill_id" ON "user_skill_evidences" ("skill_id");
    -> CREATE INDEX "userskillevidence_user_id" ON "user_skill_evidences" ("user_id");
    -> CREATE TABLE "user_skill_level_overrides"
       (
           "id"             uuid              NOT NULL DEFAULT gen_random_uuid(),
           "created_at"     timestamptz       NOT NULL DEFAULT now(),
           "updated_at"     timestamptz       NOT NULL DEFAULT now(),
           "skill_id"       character varying NOT NULL,
           "user_type"      character varying NOT NULL,
           "level"          bigint            NOT NULL,
           "deleted_at"     timestamptz       NULL,
           "source_user_id" uuid              NOT NULL,
           "target_user_id" uuid              NOT NULL,
           PRIMARY KEY ("id"),
           CONSTRAINT "user_skill_level_overrides_users_source_user" FOREIGN KEY ("source_user_id") REFERENCES "users" ("id") ON UPDATE NO ACTION ON DELETE NO ACTION,
           CONSTRAINT "user_skill_level_overrides_users_target_user" FOREIGN KEY ("target_user_id") REFERENCES "users" ("id") ON UPDATE NO ACTION ON DELETE NO ACTION
       );
    -> CREATE UNIQUE INDEX "idx_unique_user_skill_level_override_active" ON "user_skill_level_overrides" ("source_user_id", "target_user_id", "skill_id") WHERE (deleted_at IS NULL);
    -> CREATE UNIQUE INDEX "idx_unique_user_skill_level_override_deleted" ON "user_skill_level_overrides" ("source_user_id", "target_user_id", "skill_id", "deleted_at") WHERE (deleted_at IS NOT NULL);
    -> CREATE INDEX "userskillleveloverride_skill_id" ON "user_skill_level_overrides" ("skill_id");
    -> CREATE INDEX "userskillleveloverride_user_type" ON "user_skill_level_overrides" ("user_type");
  -- ok (15.426792ms)

  -- migrating version 20240717135321
    -> truncate table user_skill_level_overrides;
    -> insert into user_skill_level_overrides (skill_id, user_type, level, source_user_id, target_user_id)
       select skill_id        as skill_id,
              'self'          as user_type,
              max(level)      as level,
              user_skill_user as source_user_id,
              user_skill_user as target_user_id
       from user_skills
       group by user_skill_user, skill_id
       ;
    -> truncate table user_skill_evidences;
    -> insert into user_skill_evidences (user_id, skill_id, acquired_at, years, work_experience_count, education_count,
                                         certification_count, project_count, volunteering_count, content_count,
                                         skill_path_count, job_simulation_count, level, anthropos_level, user_level,
                                         is_verified, verification_date)
       with verified_skills as (select user_skill_user, skill_id, min(acquired_at) as acquired_at
                                from user_skills
                                where job_simulation_id is not null
                                group by user_skill_user, skill_id),
            user_level as (select user_skill_user, skill_id, max(level) as level
                           from user_skills
                           group by user_skill_user, skill_id),
            all_data as (select s.user_skill_user                                                      as user_id,
                                s.skill_id                                                             as skill_id,
                                MIN(s.acquired_at)                                                     as acquired_at,
                                LEAST(
                                        ROUND((
                                                  coalesce(EXTRACT(DAY FROM sum(coalesce(exp.to, now()) - exp.from)), 0) +
                                                  coalesce(EXTRACT(DAY FROM sum(coalesce(edu.to, now()) - edu.from)), 0) +
                                                  coalesce(EXTRACT(DAY FROM sum(coalesce(pro.to, now()) - pro.from)), 0) +
                                                  coalesce(EXTRACT(DAY FROM sum(coalesce(cont.to, now()) - cont.from)), 0) +
                                                  coalesce(EXTRACT(DAY FROM sum(coalesce(vol.to, now()) - vol.from)), 0)
                                                  ) / 365) +
                                        COUNT(cert.from) * 1,
                                        ROUND(
                                                COALESCE(EXTRACT(DAYS FROM (
                                                    GREATEST(MAX(COALESCE(exp.to, NOW())), MAX(COALESCE(edu.to, NOW())),
                                                             MAX(COALESCE(pro.to, NOW())), MAX(COALESCE(cont.to, NOW())),
                                                             MAX(COALESCE(vol.to, NOW())),
                                                             MAX(LEAST(COALESCE(cert.to, NOW()), NOW()))) -
                                                    LEAST(MIN(exp.from), MIN(edu.from), MIN(pro.from), MIN(cont.from),
                                                          MIN(vol.from), MIN(cert.from))
                                                    )) / 365, 0)
                                        )
                                )
                                                                                                       as years,
                                COUNT(*) FILTER (WHERE user_skill_experience IS NOT NULL)              as work_experience_count,
                                COUNT(*) FILTER (WHERE user_skill_education IS NOT NULL)               as education_count,
                                COUNT(*) FILTER (WHERE user_skill_certification IS NOT NULL)           as certification_count,
                                COUNT(*) FILTER (WHERE user_skill_project IS NOT NULL)                 as project_count,
                                COUNT(*) FILTER (WHERE user_skill_volunteering IS NOT NULL)            as volunteering_count,
                                COUNT(*) FILTER (WHERE user_skill_content IS NOT NULL)                 as content_count,
                                COUNT(DISTINCT skill_path_id) FILTER (WHERE skill_path_id IS NOT NULL) as skill_path_count,
                                COUNT(DISTINCT job_simulation_id)
                                FILTER (WHERE job_simulation_id IS NOT NULL)                           as job_simulation_count,
       
                                max(u.level)                                                           as user_level,
                                case WHEN MIN(v.acquired_at) is not null THEN TRUE ELSE FALSE END      as is_verified,
                                MIN(v.acquired_at)                                                     as verification_date
                         from user_skills s
                                  left join user_experiences exp on s.user_skill_experience = exp.id
                                  left join user_educations edu on s.user_skill_education = edu.id
                                  left join user_projects pro on s.user_skill_project = pro.id
                                  left join user_contents cont on s.user_skill_content = cont.id
                                  left join user_volunteerings vol on s.user_skill_volunteering = vol.id
                                  left join user_certifications cert on s.user_skill_certification = cert.id
                                  left join verified_skills v
                                            on v.user_skill_user = s.user_skill_user and v.skill_id = s.skill_id
                                  left join user_level u
                                            on u.user_skill_user = s.user_skill_user and u.skill_id = s.skill_id
                         group by s.user_skill_user, s.skill_id)
       select user_id,
              skill_id,
              acquired_at,
              years,
              work_experience_count,
              education_count,
              certification_count,
              project_count,
              volunteering_count,
              content_count,
              skill_path_count,
              job_simulation_count,
       
              case
                  WHEN user_level is not null THEN user_level
                  ELSE
                      case
                          when years < 1 THEN 1
                          when years >= 1 and years < 2 then 2
                          when years >= 2 and years < 3 then 3
                          when years >= 3 and years < 4 then 4
                          when years >= 4 then 5
                          ELSE 0
                          END
                  END as level,
              case
                  when years < 1 THEN 1
                  when years >= 1 and years < 2 then 2
                  when years >= 2 and years < 3 then 3
                  when years >= 3 and years < 4 then 4
                  when years >= 4 then 5
                  ELSE 0
                  END as anthropos_level,
              user_level,
              is_verified,
              verification_date
       from all_data
       ;
  -- ok (15.230083ms)

  -- migrating version 20240719084128
    -> ALTER TABLE "user_certifications" ADD CONSTRAINT "user_certification_check_from_gte_to" CHECK (("from" <= "to") OR ("to" IS NULL));
    -> ALTER TABLE "user_contents" ADD CONSTRAINT "user_content_check_from_gte_to" CHECK (("from" <= "to") OR ("to" IS NULL));
    -> ALTER TABLE "user_education_projects" ADD CONSTRAINT "user_education_project_check_from_gte_to" CHECK (("from" <= "to") OR ("to" IS NULL));
    -> ALTER TABLE "user_educations" ADD CONSTRAINT "user_education_check_from_gte_to" CHECK (("from" <= "to") OR ("to" IS NULL));
    -> ALTER TABLE "user_experience_projects" ADD CONSTRAINT "user_experience_project_check_from_gte_to" CHECK (("from" <= "to") OR ("to" IS NULL));
    -> ALTER TABLE "user_experiences" ADD CONSTRAINT "user_experience_check_from_gte_to" CHECK (("from" <= "to") OR ("to" IS NULL));
    -> ALTER TABLE "user_projects" ADD CONSTRAINT "user_project_check_from_gte_to" CHECK (("from" <= "to") OR ("to" IS NULL));
    -> ALTER TABLE "user_volunteerings" ADD CONSTRAINT "user_volunteering_check_from_gte_to" CHECK (("from" <= "to") OR ("to" IS NULL));
  -- ok (5.243083ms)

  -- migrating version 20240722151801
    -> ALTER TABLE "user_skill_evidences" ADD COLUMN "jobsimulation_session_id" uuid NULL;
  -- ok (797.166µs)

  -- migrating version 20240730143929
    -> ALTER TABLE "organization_assignment_sessions" DROP CONSTRAINT "organization_assignment_sessions_local_skill_path_sessions_sess", ADD CONSTRAINT "local_session_check" CHECK ((session_id IS NOT NULL) OR (js_session_id IS NOT NULL)), ALTER COLUMN "session_id" DROP NOT NULL, ADD COLUMN "js_session_id" uuid NULL, ADD CONSTRAINT "organization_assignment_sessions_local_skill_path_sessions_sess" FOREIGN KEY ("session_id") REFERENCES "local_skill_path_sessions" ("id") ON UPDATE NO ACTION ON DELETE SET NULL, ADD CONSTRAINT "organization_assignment_sessions_local_jobsimulation_sessions_j" FOREIGN KEY ("js_session_id") REFERENCES "local_jobsimulation_sessions" ("id") ON UPDATE NO ACTION ON DELETE SET NULL;
    -> CREATE UNIQUE INDEX "organizationassignmentsession_assignment_id_js_session_id" ON "organization_assignment_sessions" ("assignment_id", "js_session_id");
  -- ok (4.308708ms)

  -- migrating version 20240809101650
    -> with local_session as (select *,
                                     ROW_NUMBER() over (partition by jobsimulation_id, user_id order by
                                         score DESC NULLS LAST,
                                         completition_status != 'passed',
                                         completition_status != 'pending',
                                         session_ended_at DESC NULLS LAST,
                                         interaction DESC,
                                         session_started_at DESC
                                         ) as rank
                              from local_jobsimulation_sessions),
            best_session as (select *
                             from local_session
                             where rank = 1)
       update user_skill_evidences
       set jobsimulation_session_id = best_sessions.best_session_id
       from (select b.jobsimulation_session_id as best_session_id, e.id as evid_id
             from user_skill_evidences e
                      join user_skills s on e.skill_id = s.skill_id and e.user_id = s.user_skill_user
                      left join best_session b on b.jobsimulation_id = s.job_simulation_id and b.user_id = s.user_skill_user
             where s.is_verified = true) as best_sessions
       where user_skill_evidences.id = best_sessions.evid_id
       ;
  -- ok (2.419625ms)

  -- migrating version 20240814085624
    -> CREATE UNIQUE INDEX "localjobsimulationsession_user_id_jobsimulation_id_jobsimulatio" ON "local_jobsimulation_sessions" ("user_id", "jobsimulation_id", "jobsimulation_session_id");
    -> CREATE UNIQUE INDEX "localskillpathsession_user_id_skill_path_id_skill_path_session_" ON "local_skill_path_sessions" ("user_id", "skill_path_id", "skill_path_session_id");
  -- ok (2.682791ms)

  -- migrating version 20240820094540
    -> DROP TABLE "oca_application_answers";
    -> DROP TABLE "oca_cover_letters";
    -> DROP TABLE "oca_application_field_updates";
    -> DROP TABLE "oca_applications";
  -- ok (3.567041ms)

  -- migrating version 20240821123449
    -> ALTER TABLE "organizations" ADD COLUMN "is_demo" boolean NOT NULL DEFAULT false;
  -- ok (926.083µs)

  -- migrating version 20240903160554
    -> ALTER TABLE "user_params" ADD COLUMN "preferences" jsonb NULL;
  -- ok (881.084µs)

  -- migrating version 20240910081852
    -> ALTER TABLE "user_params" ADD COLUMN "questionnaire" jsonb NULL;
  -- ok (919.125µs)

  -- migrating version 20240910091426
    -> CREATE TABLE "membership_languages" ("id" uuid NOT NULL DEFAULT gen_random_uuid(), "created_at" timestamptz NOT NULL DEFAULT now(), "updated_at" timestamptz NOT NULL DEFAULT now(), "level" integer NOT NULL, "membership_languages" uuid NOT NULL, "world_language_membership_languages" uuid NOT NULL, PRIMARY KEY ("id"), CONSTRAINT "membership_languages_memberships_languages" FOREIGN KEY ("membership_languages") REFERENCES "memberships" ("id") ON UPDATE NO ACTION ON DELETE NO ACTION, CONSTRAINT "membership_languages_world_languages_membership_languages" FOREIGN KEY ("world_language_membership_languages") REFERENCES "world_languages" ("id") ON UPDATE NO ACTION ON DELETE NO ACTION);
    -> CREATE UNIQUE INDEX "membershiplanguage_membership_languages_world_language_membersh" ON "membership_languages" ("membership_languages", "world_language_membership_languages");
  -- ok (2.776ms)

  -- migrating version 20240910091430
    -> create or replace function on_insert_user_languages_insert_membership_languages() returns trigger
           security definer
           language plpgsql
       as
       $$
       begin
           INSERT INTO membership_languages (level, membership_languages, world_language_membership_languages)
           SELECT new.level, m.id, new.world_language_user_languages
           FROM "memberships" m
           WHERE new.user = m.user;
           RETURN new;
       end;
       $$;
    -> CREATE OR REPLACE TRIGGER trigger_after_insert_user_languages
       AFTER INSERT ON public.user_languages
       	FOR EACH ROW EXECUTE PROCEDURE on_insert_user_languages_insert_membership_languages();
    -> create or replace function on_delete_user_languages_delete_membership_languages() returns trigger
           security definer
           language plpgsql
       as
       $$
       begin
           DELETE 
           FROM membership_languages
           USING "memberships"
           WHERE old.user = "memberships".user 
           AND "memberships".id = membership_languages.membership_languages;
           return old;
       end;
       $$;
    -> CREATE OR REPLACE TRIGGER trigger_after_delete_user_languages
       AFTER DELETE ON public.user_languages
       	FOR EACH ROW EXECUTE PROCEDURE on_delete_user_languages_delete_membership_languages();
  -- ok (2.098583ms)

  -- migrating version 20240912104731
    -> CREATE TABLE "user_experience_points" ("id" uuid NOT NULL DEFAULT gen_random_uuid(), "created_at" timestamptz NOT NULL DEFAULT now(), "updated_at" timestamptz NOT NULL DEFAULT now(), "experience_points" bigint NOT NULL, "reason" character varying NOT NULL, "user_id" uuid NOT NULL, PRIMARY KEY ("id"), CONSTRAINT "user_experience_points_users_user" FOREIGN KEY ("user_id") REFERENCES "users" ("id") ON UPDATE NO ACTION ON DELETE NO ACTION);
    -> CREATE INDEX "userexperiencepoint_user_id_experience_points" ON "user_experience_points" ("user_id", "experience_points");
    -> CREATE INDEX "userexperiencepoint_user_id_reason" ON "user_experience_points" ("user_id", "reason");
  -- ok (4.883208ms)

  -- migrating version 20241001131144
    -> CREATE TABLE "user_skill_top_tens" ("id" uuid NOT NULL DEFAULT gen_random_uuid(), "created_at" timestamptz NOT NULL DEFAULT now(), "updated_at" timestamptz NOT NULL DEFAULT now(), "skill_id" character varying NOT NULL, "rank" bigint NOT NULL, "user_id" uuid NOT NULL, PRIMARY KEY ("id"), CONSTRAINT "user_skill_top_tens_users_user" FOREIGN KEY ("user_id") REFERENCES "users" ("id") ON UPDATE NO ACTION ON DELETE NO ACTION);
    -> CREATE UNIQUE INDEX "idx_unique_user_skill_top_ten" ON "user_skill_top_tens" ("skill_id", "user_id");
    -> CREATE INDEX "userskilltopten_skill_id" ON "user_skill_top_tens" ("skill_id");
    -> CREATE INDEX "userskilltopten_user_id" ON "user_skill_top_tens" ("user_id");
  -- ok (6.546083ms)

  -- migrating version 20241105164405
    -> CREATE TABLE "organization_target_roles" ("id" uuid NOT NULL DEFAULT gen_random_uuid(), "created_at" timestamptz NOT NULL DEFAULT now(), "updated_at" timestamptz NOT NULL DEFAULT now(), "target_job_role_id" character varying NOT NULL, "completed_at" timestamptz NULL, "deleted_at" timestamptz NULL, "organization_id" uuid NOT NULL, "assignee_id" uuid NOT NULL, "assigner_id" uuid NOT NULL, PRIMARY KEY ("id"), CONSTRAINT "organization_target_roles_memberships_assignee" FOREIGN KEY ("assignee_id") REFERENCES "memberships" ("id") ON UPDATE NO ACTION ON DELETE CASCADE, CONSTRAINT "organization_target_roles_memberships_assigner" FOREIGN KEY ("assigner_id") REFERENCES "memberships" ("id") ON UPDATE NO ACTION ON DELETE NO ACTION, CONSTRAINT "organization_target_roles_organizations_organization" FOREIGN KEY ("organization_id") REFERENCES "organizations" ("id") ON UPDATE NO ACTION ON DELETE CASCADE);
    -> CREATE UNIQUE INDEX "organizationtargetrole_target_job_role_id_assignee_id_organizat" ON "organization_target_roles" ("target_job_role_id", "assignee_id", "organization_id") WHERE (deleted_at IS NULL);
    -> CREATE TABLE "user_target_roles" ("id" uuid NOT NULL DEFAULT gen_random_uuid(), "created_at" timestamptz NOT NULL DEFAULT now(), "updated_at" timestamptz NOT NULL DEFAULT now(), "target_job_role_id" character varying NOT NULL, "completed_at" timestamptz NULL, "deleted_at" timestamptz NULL, "user_id" uuid NULL, PRIMARY KEY ("id"), CONSTRAINT "user_target_roles_users_user" FOREIGN KEY ("user_id") REFERENCES "users" ("id") ON UPDATE NO ACTION ON DELETE CASCADE);
    -> CREATE UNIQUE INDEX "usertargetrole_target_job_role_id_user_id" ON "user_target_roles" ("target_job_role_id", "user_id") WHERE (deleted_at IS NULL);
  -- ok (8.572292ms)

  -- migrating version 20241106141210
    -> CREATE TABLE "organization_roles" ("id" uuid NOT NULL DEFAULT gen_random_uuid(), "created_at" timestamptz NOT NULL DEFAULT now(), "updated_at" timestamptz NOT NULL DEFAULT now(), "job_role_id" character varying NOT NULL, "deleted_at" timestamptz NULL, "organization_id" uuid NOT NULL, "assignee_id" uuid NOT NULL, "assigner_id" uuid NOT NULL, PRIMARY KEY ("id"), CONSTRAINT "organization_roles_memberships_assignee" FOREIGN KEY ("assignee_id") REFERENCES "memberships" ("id") ON UPDATE NO ACTION ON DELETE CASCADE, CONSTRAINT "organization_roles_memberships_assigner" FOREIGN KEY ("assigner_id") REFERENCES "memberships" ("id") ON UPDATE NO ACTION ON DELETE NO ACTION, CONSTRAINT "organization_roles_organizations_organization" FOREIGN KEY ("organization_id") REFERENCES "organizations" ("id") ON UPDATE NO ACTION ON DELETE CASCADE);
    -> CREATE UNIQUE INDEX "organizationrole_assignee_id_organization_id" ON "organization_roles" ("assignee_id", "organization_id") WHERE (deleted_at IS NULL);
  -- ok (4.176833ms)

  -- migrating version 20241106150844
    -> DROP INDEX "userexperiencepoint_user_id_reason";
    -> ALTER TABLE "user_experience_points" ADD COLUMN "entity_id" uuid NULL, ADD COLUMN "sub_entity_id" uuid NULL;
    -> CREATE UNIQUE INDEX "userexperiencepoint_user_id_reason" ON "user_experience_points" ("user_id", "reason") WHERE ((entity_id IS NULL) AND (sub_entity_id IS NULL));
    -> CREATE UNIQUE INDEX "userexperiencepoint_user_id_reason_entity_id" ON "user_experience_points" ("user_id", "reason", "entity_id") WHERE (sub_entity_id IS NULL);
    -> CREATE UNIQUE INDEX "userexperiencepoint_user_id_reason_entity_id_sub_entity_id" ON "user_experience_points" ("user_id", "reason", "entity_id", "sub_entity_id");
  -- ok (4.550042ms)

  -- migrating version 20241219083725
    -> ALTER TABLE "user_skills" ADD COLUMN "match_type" character varying NOT NULL DEFAULT 'match';
    -> CREATE INDEX "userskill_match_type_user_skill_user" ON "user_skills" ("match_type", "user_skill_user");
  -- ok (1.968792ms)

  -- migrating version 20241219155628
    -> ALTER TABLE "membership_skills" ADD COLUMN "match_type" character varying NOT NULL DEFAULT 'match';
    -> CREATE INDEX "membershipskill_match_type" ON "membership_skills" ("match_type");
  -- ok (1.945ms)

  -- migrating version 20241219155630
    -> create or replace function on_user_skills_insert_then_insert_membership_skills() returns trigger
           security definer
           language plpgsql
       as
       $$
       begin
           INSERT INTO membership_skills(membership_skill_membership, membership_skill_organization, skill_id, skill_level, match_type)
           select "memberships"."id", "memberships"."organization", new.skill_id, new.level, new.match_type
           from "memberships"
           where "memberships"."user" = new.user_skill_user
             and "memberships"."status" <> 'deleted'
           ON CONFLICT (membership_skill_membership, membership_skill_organization, skill_id) DO UPDATE
               SET skill_level = (select max(level)
                                  from user_skills
                                  where user_skills.user_skill_user = new.user_skill_user
                                    and user_skills.skill_id = new.skill_id), match_type = 'match';
           return new;
       end;
       $$;
    -> CREATE OR REPLACE TRIGGER trigger_insert_membership_skills_from_user_skills
       AFTER INSERT ON public.user_skills
       	FOR EACH ROW EXECUTE PROCEDURE on_user_skills_insert_then_insert_membership_skills();
    -> DROP FUNCTION IF EXISTS sync_memb_skills;
    -> create or replace function on_memberships_insert_or_update_then_insert_membership_skills() returns trigger
           security definer
           language plpgsql
       as
       $$
       begin
           INSERT INTO membership_skills(membership_skill_membership, membership_skill_organization, skill_id, skill_level, match_type)
           select new."id", new."organization", "user_skills".skill_id, MAX("user_skills".level) as max_skill_level, MAX(match_type) as max_match_type
           from "user_skills"
           where "user_skills"."user_skill_user" = new."user"
             and new."status" = 'active'
           group by "user_skills".user_skill_user, "user_skills".skill_id
           ON CONFLICT (skill_id, membership_skill_membership, membership_skill_organization)
               DO NOTHING;
           return new;
       end ;
       $$;
    -> CREATE OR REPLACE TRIGGER trigger_insert_membership_skills_from_memberships
       AFTER INSERT OR UPDATE ON public.memberships
       	FOR EACH ROW EXECUTE PROCEDURE on_memberships_insert_or_update_then_insert_membership_skills();
    -> DROP FUNCTION IF EXISTS sync_membership_skills_from_memberships;
    -> -- end
  -- ok (3.646583ms)

  -- migrating version 20250113134700
    -> ALTER TABLE "organization_assignment_sessions" DROP CONSTRAINT "organization_assignment_sessions_local_jobsimulation_sessions_j", DROP CONSTRAINT "organization_assignment_sessions_local_skill_path_sessions_sess", DROP CONSTRAINT "organization_assignment_sessions_organization_assignments_assig", ADD CONSTRAINT "organization_assignment_sessions_local_jobsimulation_sessions_j" FOREIGN KEY ("js_session_id") REFERENCES "local_jobsimulation_sessions" ("id") ON UPDATE NO ACTION ON DELETE CASCADE, ADD CONSTRAINT "organization_assignment_sessions_local_skill_path_sessions_sess" FOREIGN KEY ("session_id") REFERENCES "local_skill_path_sessions" ("id") ON UPDATE NO ACTION ON DELETE CASCADE, ADD CONSTRAINT "organization_assignment_sessions_organization_assignments_assig" FOREIGN KEY ("assignment_id") REFERENCES "organization_assignments" ("id") ON UPDATE NO ACTION ON DELETE CASCADE;
  -- ok (2.630333ms)

  -- migrating version 20250122113158
    -> ALTER TABLE "membership_tags" DROP CONSTRAINT "membership_tags_memberships_membership", DROP CONSTRAINT "membership_tags_tags_tag", ADD CONSTRAINT "membership_tags_memberships_membership" FOREIGN KEY ("membership_tag_membership") REFERENCES "memberships" ("id") ON UPDATE NO ACTION ON DELETE CASCADE, ADD CONSTRAINT "membership_tags_tags_tag" FOREIGN KEY ("membership_tag_tag") REFERENCES "tags" ("id") ON UPDATE NO ACTION ON DELETE CASCADE;
  -- ok (2.137875ms)

  -- migrating version 20250129095034
    -> ALTER TABLE "organizations" RENAME COLUMN "is_demo" TO "is_hiring";
  -- ok (697.667µs)

  -- migrating version 20250213090627
    -> CREATE TABLE "organization_sim_invitation_links" ("id" uuid NOT NULL DEFAULT gen_random_uuid(), "created_at" timestamptz NOT NULL DEFAULT now(), "updated_at" timestamptz NOT NULL DEFAULT now(), "simulation_id" uuid NOT NULL, "token" character varying NOT NULL, "organization_id" uuid NOT NULL, PRIMARY KEY ("id"), CONSTRAINT "organization_sim_invitation_links_organizations_organization" FOREIGN KEY ("organization_id") REFERENCES "organizations" ("id") ON UPDATE NO ACTION ON DELETE CASCADE);
    -> CREATE UNIQUE INDEX "organization_sim_invitation_links_token_key" ON "organization_sim_invitation_links" ("token");
    -> CREATE UNIQUE INDEX "organizationsiminvitationlink_simulation_id_organization_id" ON "organization_sim_invitation_links" ("simulation_id", "organization_id");
    -> CREATE UNIQUE INDEX "organizationsiminvitationlink_token" ON "organization_sim_invitation_links" ("token");
  -- ok (5.975875ms)

  -- migrating version 20250305155942
    -> ALTER TABLE "memberships" ADD COLUMN "last_activity_date" timestamptz NULL;
  -- ok (708.833µs)

  -- migrating version 20250411094642
    -> CREATE TABLE "organization_settings" ("id" uuid NOT NULL DEFAULT gen_random_uuid(), "created_at" timestamptz NOT NULL DEFAULT now(), "updated_at" timestamptz NOT NULL DEFAULT now(), "setting" character varying NOT NULL, "is_enabled" boolean NOT NULL DEFAULT false, "organization_id" uuid NOT NULL, PRIMARY KEY ("id"), CONSTRAINT "organization_settings_organizations_organization" FOREIGN KEY ("organization_id") REFERENCES "organizations" ("id") ON UPDATE NO ACTION ON DELETE CASCADE);
    -> CREATE UNIQUE INDEX "organizationsettings_setting_organization_id" ON "organization_settings" ("setting", "organization_id");
  -- ok (3.584708ms)

  -- migrating version 20250416091037
    -> ALTER TABLE "local_jobsimulation_sessions"
           ADD COLUMN "anticheat_score"   double precision  NULL,
           ADD COLUMN "anticheat_summary" character varying NULL,
           ADD COLUMN "anticheat_tagline" character varying NULL;
  -- ok (708.042µs)

  -- migrating version 20250508151200
    -> ALTER TABLE "user_certifications" DROP CONSTRAINT "user_certifications_check", ADD CONSTRAINT "user_certification_check" CHECK (("to" >= '1900-01-01'::date) AND ("from" >= '1900-01-01'::date));
    -> ALTER TABLE "user_contents" DROP CONSTRAINT "user_contents_check", ADD CONSTRAINT "user_content_check" CHECK (("to" >= '1900-01-01'::date) AND ("from" >= '1900-01-01'::date));
    -> ALTER INDEX "membershiplanguage_membership_languages_world_language_membersh" RENAME TO "membershiplanguage_membership__da4f7808f0a7a922b88377c1ad6e4306";
    -> ALTER INDEX "membershipskill_skill_id_membership_skill_membership_membership" RENAME TO "membershipskill_skill_id_membe_c7edba7ab538eb04062fed04f9f8836f";
    -> ALTER TABLE "user_volunteerings" DROP CONSTRAINT "user_volunteerings_check", ADD CONSTRAINT "user_volunteering_check" CHECK (("to" >= '1900-01-01'::date) AND ("from" >= '1900-01-01'::date));
    -> ALTER INDEX "organizationtargetrole_target_job_role_id_assignee_id_organizat" RENAME TO "organizationtargetrole_target__b7042c19de135d64e255445d920f7932";
    -> ALTER INDEX "localskillpathsession_user_id_skill_path_id_skill_path_session_" RENAME TO "localskillpathsession_user_id__c1b41fc046430f2e631e26d3524ae27a";
    -> ALTER TABLE "user_experience_projects" DROP CONSTRAINT "user_experience_projects_check", ADD CONSTRAINT "user_experience_project_check" CHECK (("to" >= '1900-01-01'::date) AND ("from" >= '1900-01-01'::date));
    -> ALTER TABLE "user_educations" DROP CONSTRAINT "user_educations_check", ADD CONSTRAINT "user_education_check" CHECK (("to" >= '1900-01-01'::date) AND ("from" >= '1900-01-01'::date));
    -> ALTER TABLE "user_education_projects" DROP CONSTRAINT "user_education_projects_check", ADD CONSTRAINT "user_education_project_check" CHECK (("to" >= '1900-01-01'::date) AND ("from" >= '1900-01-01'::date));
    -> ALTER TABLE "user_experiences" DROP CONSTRAINT "user_experiences_check", ADD CONSTRAINT "user_experience_check" CHECK (("to" >= '1900-01-01'::date) AND ("from" >= '1900-01-01'::date));
    -> ALTER TABLE "user_projects" DROP CONSTRAINT "user_projects_check", ADD CONSTRAINT "user_project_check" CHECK (("to" >= '1900-01-01'::date) AND ("from" >= '1900-01-01'::date));
    -> DROP INDEX "localjobsimulationsession_user_id_jobsimulation_id_jobsimulatio";
    -> CREATE UNIQUE INDEX "localjobsimulationsession_user_5e45b73811b8eca31f05fc2ccf79d734" ON "local_jobsimulation_sessions" ("user_id", "jobsimulation_id", "jobsimulation_session_id");
    -> ALTER TABLE "organization_assignment_sessions" DROP CONSTRAINT "organization_assignment_sessions_local_jobsimulation_sessions_j", DROP CONSTRAINT "organization_assignment_sessions_local_skill_path_sessions_sess", DROP CONSTRAINT "organization_assignment_sessions_organization_assignments_assig", ADD CONSTRAINT "organization_assignment_sessio_0395e3f5a46259a0fe9c2b34ce518404" FOREIGN KEY ("session_id") REFERENCES "local_skill_path_sessions" ("id") ON UPDATE NO ACTION ON DELETE CASCADE, ADD CONSTRAINT "organization_assignment_sessio_6b5e32e8ae93d944bc3f1b60fea3c5ef" FOREIGN KEY ("js_session_id") REFERENCES "local_jobsimulation_sessions" ("id") ON UPDATE NO ACTION ON DELETE CASCADE, ADD CONSTRAINT "organization_assignment_sessio_d52544f92b7142ccf3eec4207bae44a1" FOREIGN KEY ("assignment_id") REFERENCES "organization_assignments" ("id") ON UPDATE NO ACTION ON DELETE CASCADE;
    -> DROP TABLE "user_skill_top_tens";
  -- ok (10.359833ms)

  -- migrating version 20250522135809
    -> ALTER TABLE "organization_assignments" ADD COLUMN "voice_only" boolean NOT NULL DEFAULT false;
    -> ALTER TABLE "organization_sim_invitation_links" ADD COLUMN "expires_at" timestamptz NULL, ADD COLUMN "voice_only" boolean NOT NULL DEFAULT false, ADD COLUMN "time_to_complete" bigint NULL, ADD COLUMN "created_by" uuid NULL, ADD CONSTRAINT "organization_sim_invitation_links_memberships_membership" FOREIGN KEY ("created_by") REFERENCES "memberships" ("id") ON UPDATE NO ACTION ON DELETE SET NULL;
  -- ok (2.032333ms)

  -- migrating version 20250522160107
    -> DROP INDEX "organizationsiminvitationlink_simulation_id_organization_id";
    -> ALTER TABLE "organization_sim_invitation_links" ADD COLUMN "deleted_at" timestamptz NULL;
    -> CREATE UNIQUE INDEX "organizationsiminvitationlink_simulation_id_organization_id" ON "organization_sim_invitation_links" ("simulation_id", "organization_id") WHERE (deleted_at IS NULL);
  -- ok (2.423917ms)

  -- migrating version 20250609164646
    -> CREATE TABLE "job_simulation_feedbacks" ("id" uuid NOT NULL DEFAULT gen_random_uuid(), "created_at" timestamptz NOT NULL DEFAULT now(), "updated_at" timestamptz NOT NULL DEFAULT now(), "simulation_id" uuid NOT NULL, "session_id" uuid NOT NULL, "is_positive" boolean NOT NULL DEFAULT false, "option" character varying NOT NULL DEFAULT 'FUN_AND_USEFUL', "feedback" character varying NULL, "organization_id" uuid NULL, "user_id" uuid NOT NULL, PRIMARY KEY ("id"), CONSTRAINT "job_simulation_feedbacks_users_user" FOREIGN KEY ("user_id") REFERENCES "users" ("id") ON UPDATE NO ACTION ON DELETE CASCADE);
    -> CREATE UNIQUE INDEX "jobsimulationfeedback_user_id_session_id" ON "job_simulation_feedbacks" ("user_id", "session_id");
  -- ok (3.672334ms)

  -- migrating version 20250611092754
    -> CREATE TABLE "ai_usages" ("id" uuid NOT NULL DEFAULT gen_random_uuid(), "created_at" timestamptz NOT NULL DEFAULT now(), "model" character varying NOT NULL, "operation" character varying NOT NULL, "start_time" timestamptz NOT NULL, "end_time" timestamptz NOT NULL, "input_tokens" bigint NOT NULL, "output_tokens" bigint NOT NULL, "success" boolean NOT NULL, "cost" double precision NOT NULL, "metadata" jsonb NOT NULL, PRIMARY KEY ("id"));
    -> CREATE INDEX "aiusage_cost" ON "ai_usages" ("cost");
    -> CREATE INDEX "aiusage_end_time" ON "ai_usages" ("end_time");
    -> CREATE INDEX "aiusage_model" ON "ai_usages" ("model");
    -> CREATE INDEX "aiusage_operation" ON "ai_usages" ("operation");
    -> CREATE INDEX "aiusage_start_time" ON "ai_usages" ("start_time");
    -> CREATE INDEX "aiusage_success" ON "ai_usages" ("success");
  -- ok (8.479334ms)

  -- migrating version 20250808155129
    -> ALTER INDEX "localjobsimulationsession_user_5e45b73811b8eca31f05fc2ccf79d734" RENAME TO "localjobsimulationsession_user_id_jobsimulation_id_jobsimulatio";
    -> ALTER INDEX "membershiplanguage_membership__da4f7808f0a7a922b88377c1ad6e4306" RENAME TO "membershiplanguage_membership_languages_world_language_membersh";
    -> ALTER INDEX "membershipskill_skill_id_membe_c7edba7ab538eb04062fed04f9f8836f" RENAME TO "membershipskill_skill_id_membership_skill_membership_membership";
    -> ALTER INDEX "organizationtargetrole_target__b7042c19de135d64e255445d920f7932" RENAME TO "organizationtargetrole_target_job_role_id_assignee_id_organizat";
    -> ALTER INDEX "localskillpathsession_user_id__c1b41fc046430f2e631e26d3524ae27a" RENAME TO "localskillpathsession_user_id_skill_path_id_skill_path_session_";
    -> ALTER TABLE "organization_assignment_sessions" DROP CONSTRAINT "organization_assignment_sessio_0395e3f5a46259a0fe9c2b34ce518404", DROP CONSTRAINT "organization_assignment_sessio_6b5e32e8ae93d944bc3f1b60fea3c5ef", DROP CONSTRAINT "organization_assignment_sessio_d52544f92b7142ccf3eec4207bae44a1", ADD CONSTRAINT "organization_assignment_sessions_local_jobsimulation_sessions_j" FOREIGN KEY ("js_session_id") REFERENCES "local_jobsimulation_sessions" ("id") ON UPDATE NO ACTION ON DELETE CASCADE, ADD CONSTRAINT "organization_assignment_sessions_local_skill_path_sessions_sess" FOREIGN KEY ("session_id") REFERENCES "local_skill_path_sessions" ("id") ON UPDATE NO ACTION ON DELETE CASCADE, ADD CONSTRAINT "organization_assignment_sessions_organization_assignments_assig" FOREIGN KEY ("assignment_id") REFERENCES "organization_assignments" ("id") ON UPDATE NO ACTION ON DELETE CASCADE;
  -- ok (4.666958ms)

  -- migrating version 20250930091230
    -> CREATE TABLE "organization_features" (
         "id" uuid NOT NULL DEFAULT gen_random_uuid(),
         "created_at" timestamptz NOT NULL DEFAULT now(),
         "feature" character varying NOT NULL,
         "membership_id" uuid NOT NULL,
         "organization_id" uuid NOT NULL,
         PRIMARY KEY ("id"),
         CONSTRAINT "organization_features_memberships_membership" FOREIGN KEY ("membership_id") REFERENCES "memberships" ("id") ON UPDATE NO ACTION ON DELETE CASCADE,
         CONSTRAINT "organization_features_organizations_organization" FOREIGN KEY ("organization_id") REFERENCES "organizations" ("id") ON UPDATE NO ACTION ON DELETE CASCADE
       );
    -> CREATE UNIQUE INDEX "organizationfeature_created_at_feature_membership_id_organizati" ON "organization_features" ("created_at", "feature", "membership_id", "organization_id");
    -> CREATE INDEX "organizationfeature_feature" ON "organization_features" ("feature");
    -> CREATE INDEX "organizationfeature_membership_id" ON "organization_features" ("membership_id");
    -> CREATE INDEX "organizationfeature_organization_id" ON "organization_features" ("organization_id");
  -- ok (7.259917ms)

  -- migrating version 20250930095535
    -> ALTER TABLE "local_jobsimulation_sessions" ADD COLUMN "organization_id" uuid NULL;
    -> CREATE INDEX "localjobsimulationsession_organization_id" ON "local_jobsimulation_sessions" ("organization_id");
  -- ok (2.485042ms)

  -- migrating version 20251127103514
    -> ALTER TABLE "user_params" ADD COLUMN "studio_preferences" jsonb NULL, ADD COLUMN "language" character varying NULL;
  -- ok (817.875µs)

  -- migrating version 20251216104222
    -> ALTER TABLE "organization_assignments" ADD COLUMN "options" jsonb NOT NULL DEFAULT '{}';
    -> ALTER TABLE "organization_sim_invitation_links" ADD COLUMN "options" jsonb NOT NULL DEFAULT '{}';
  -- ok (1.538417ms)

  -- migrating version 20260113145200
    -> ALTER TABLE "organization_assignments" DROP COLUMN "voice_only", ALTER COLUMN "options" DROP DEFAULT;
    -> ALTER TABLE "organization_settings" ADD COLUMN "options" jsonb NULL;
    -> ALTER TABLE "organization_sim_invitation_links" DROP COLUMN "voice_only", ALTER COLUMN "options" DROP DEFAULT;
  -- ok (2.239042ms)

  -- migrating version 20260218101416
    -> CREATE TABLE "user_bookmarks" (
         "id" uuid NOT NULL DEFAULT gen_random_uuid(),
         "created_at" timestamptz NOT NULL DEFAULT now(),
         "resource_id" uuid NOT NULL,
         "resource_type" character varying NOT NULL,
         "user_id" uuid NOT NULL,
         PRIMARY KEY ("id"),
         CONSTRAINT "user_bookmarks_users_user" FOREIGN KEY ("user_id") REFERENCES "users" ("id") ON UPDATE NO ACTION ON DELETE NO ACTION
       );
    -> CREATE UNIQUE INDEX "userbookmark_user_id_resource_id_resource_type" ON "user_bookmarks" ("user_id", "resource_id", "resource_type");
    -> CREATE INDEX "userbookmark_user_id_user_id" ON "user_bookmarks" ("user_id", "user_id");
  -- ok (5.083708ms)

  -- migrating version 20260414085836
    -> DROP TRIGGER IF EXISTS trigger_after_insert_user_basic_info_update_memb ON public.user_basic_info;
    -> DROP FUNCTION IF EXISTS on_user_basic_info_update_then_update_memberships;
    -> DROP TRIGGER IF EXISTS trigger_after_insert_membership ON public.memberships;
    -> DROP FUNCTION IF EXISTS on_memberships_insert_then_update_memberships;
  -- ok (2.250709ms)

  -- migrating version 20260415120000
    -> DROP TRIGGER IF EXISTS trigger_insert_membership_skills_from_user_skills ON public.user_skills;
    -> DROP FUNCTION IF EXISTS on_user_skills_insert_then_insert_membership_skills;
    -> DROP TRIGGER IF EXISTS trigger_insert_membership_skills_from_memberships ON public.memberships;
    -> DROP FUNCTION IF EXISTS on_memberships_insert_or_update_then_insert_membership_skills;
    -> DROP TRIGGER IF EXISTS trigger_delete_membership_skills_from_user_skills ON public.user_skills;
    -> DROP FUNCTION IF EXISTS on_user_skills_delete_then_delete_membership_skills;
  -- ok (3.343583ms)

  -- migrating version 20260422123242
    -> CREATE TABLE "admin_audit_logs" (
         "id" uuid NOT NULL DEFAULT gen_random_uuid(),
         "created_at" timestamptz NOT NULL DEFAULT now(),
         "action_type" character varying NOT NULL,
         "actor_email" character varying NOT NULL,
         "target_email" character varying NULL,
         "target_type" character varying NULL,
         "target_id" uuid NULL,
         "status" character varying NOT NULL,
         "error_message" character varying NULL,
         "ip_address" character varying NULL,
         "user_agent" character varying NULL,
         "metadata" jsonb NULL,
         "actor_user_id" uuid NOT NULL,
         "target_user_id" uuid NULL,
         "organization_id" uuid NULL,
         PRIMARY KEY ("id"),
         CONSTRAINT "admin_audit_logs_organizations_organization" FOREIGN KEY ("organization_id") REFERENCES "organizations" ("id") ON UPDATE NO ACTION ON DELETE SET NULL,
         CONSTRAINT "admin_audit_logs_users_actor" FOREIGN KEY ("actor_user_id") REFERENCES "users" ("id") ON UPDATE NO ACTION ON DELETE NO ACTION,
         CONSTRAINT "admin_audit_logs_users_target_user" FOREIGN KEY ("target_user_id") REFERENCES "users" ("id") ON UPDATE NO ACTION ON DELETE SET NULL
       );
    -> CREATE INDEX "adminauditlog_action_type_created_at" ON "admin_audit_logs" ("action_type", "created_at");
    -> CREATE INDEX "adminauditlog_actor_user_id_created_at" ON "admin_audit_logs" ("actor_user_id", "created_at");
    -> CREATE INDEX "adminauditlog_created_at" ON "admin_audit_logs" ("created_at");
    -> CREATE INDEX "adminauditlog_organization_id_created_at" ON "admin_audit_logs" ("organization_id", "created_at");
    -> CREATE INDEX "adminauditlog_status_created_at" ON "admin_audit_logs" ("status", "created_at");
    -> CREATE INDEX "adminauditlog_target_user_id_created_at" ON "admin_audit_logs" ("target_user_id", "created_at");
    -> CREATE INDEX "adminauditlog_metadata_gin" ON "admin_audit_logs" USING GIN ("metadata" jsonb_path_ops);
  -- ok (10.889333ms)

  -- migrating version 20260424132125
    -> DROP INDEX "adminauditlog_metadata_gin";
  -- ok (970.084µs)

  -- migrating version 20260505133528
    -> CREATE TABLE "ask_conversations" (
         "id" uuid NOT NULL DEFAULT gen_random_uuid(),
         "created_at" timestamptz NOT NULL DEFAULT now(),
         "updated_at" timestamptz NOT NULL DEFAULT now(),
         "title" character varying NOT NULL DEFAULT '',
         "streaming" boolean NOT NULL DEFAULT false,
         "organization_id" uuid NOT NULL,
         "user_id" uuid NULL,
         PRIMARY KEY ("id"),
         CONSTRAINT "ask_conversations_organizations_organization" FOREIGN KEY ("organization_id") REFERENCES "organizations" ("id") ON UPDATE NO ACTION ON DELETE NO ACTION,
         CONSTRAINT "ask_conversations_users_user" FOREIGN KEY ("user_id") REFERENCES "users" ("id") ON UPDATE NO ACTION ON DELETE SET NULL
       );
    -> CREATE INDEX "askconversation_organization_id_updated_at" ON "ask_conversations" ("organization_id", "updated_at");
    -> CREATE INDEX "askconversation_user_id" ON "ask_conversations" ("user_id");
    -> CREATE TABLE "ask_messages" (
         "id" uuid NOT NULL DEFAULT gen_random_uuid(),
         "created_at" timestamptz NOT NULL DEFAULT now(),
         "role" character varying NOT NULL,
         "content" jsonb NOT NULL DEFAULT '[]',
         "is_tool_result" boolean NOT NULL DEFAULT false,
         "conversation_id" uuid NOT NULL,
         PRIMARY KEY ("id"),
         CONSTRAINT "ask_messages_ask_conversations_conversation" FOREIGN KEY ("conversation_id") REFERENCES "ask_conversations" ("id") ON UPDATE NO ACTION ON DELETE CASCADE
       );
    -> CREATE INDEX "askmessage_conversation_id_created_at" ON "ask_messages" ("conversation_id", "created_at");
  -- ok (9.771584ms)

  -- migrating version 20260506145258
    -> CREATE TABLE "ask_query_lessons" (
         "id" uuid NOT NULL DEFAULT gen_random_uuid(),
         "created_at" timestamptz NOT NULL DEFAULT now(),
         "updated_at" timestamptz NOT NULL DEFAULT now(),
         "failed_sql" text NOT NULL,
         "error_text" text NOT NULL,
         "error_key" character varying NOT NULL,
         "corrected_sql" text NULL,
         "hits" bigint NOT NULL DEFAULT 1,
         "organization_id" uuid NOT NULL,
         PRIMARY KEY ("id"),
         CONSTRAINT "ask_query_lessons_organizations_organization" FOREIGN KEY ("organization_id") REFERENCES "organizations" ("id") ON UPDATE NO ACTION ON DELETE CASCADE
       );
    -> CREATE UNIQUE INDEX "askquerylesson_organization_id_error_key" ON "ask_query_lessons" ("organization_id", "error_key");
    -> CREATE INDEX "askquerylesson_organization_id_updated_at" ON "ask_query_lessons" ("organization_id", "updated_at");
  -- ok (6.124625ms)

  -- migrating version 20260518125439
    -> ALTER TABLE "ask_messages" ADD COLUMN "feedback" character varying NOT NULL DEFAULT 'none', ADD COLUMN "feedback_text" character varying NULL, ADD COLUMN "feedback_source" character varying NULL, ADD COLUMN "feedback_at" timestamptz NULL;
    -> CREATE INDEX "askmessage_conversation_id_feedback" ON "ask_messages" ("conversation_id", "feedback");
    -> CREATE TABLE "ask_auto_rules" (
         "id" uuid NOT NULL DEFAULT gen_random_uuid(),
         "created_at" timestamptz NOT NULL DEFAULT now(),
         "version" bigint NOT NULL,
         "content" text NOT NULL,
         "source_lessons_count" bigint NOT NULL DEFAULT 0,
         "source_feedback_count" bigint NOT NULL DEFAULT 0,
         "model_used" character varying NULL,
         "is_active" boolean NOT NULL DEFAULT false,
         "created_by" uuid NULL,
         PRIMARY KEY ("id")
       );
    -> CREATE INDEX "askautorule_is_active" ON "ask_auto_rules" ("is_active");
    -> CREATE UNIQUE INDEX "askautorule_version" ON "ask_auto_rules" ("version");
    -> CREATE TABLE "ask_query_examples" (
         "id" uuid NOT NULL DEFAULT gen_random_uuid(),
         "created_at" timestamptz NOT NULL DEFAULT now(),
         "updated_at" timestamptz NOT NULL DEFAULT now(),
         "question_text" text NOT NULL,
         "sql" text NOT NULL,
         "question_hash" character varying NOT NULL,
         "embedding" extensions.vector(1536) NULL,
         "hits" bigint NOT NULL DEFAULT 1,
         "last_used_at" timestamptz NOT NULL DEFAULT now(),
         "organization_id" uuid NOT NULL,
         PRIMARY KEY ("id"),
         CONSTRAINT "ask_query_examples_organizations_organization" FOREIGN KEY ("organization_id") REFERENCES "organizations" ("id") ON UPDATE NO ACTION ON DELETE CASCADE
       );
    -> CREATE INDEX "askqueryexample_organization_id_last_used_at" ON "ask_query_examples" ("organization_id", "last_used_at");
    -> CREATE UNIQUE INDEX "askqueryexample_organization_id_question_hash" ON "ask_query_examples" ("organization_id", "question_hash");
  -- ok (13.424333ms)

  -- migrating version 20260520120000
    -> CREATE TABLE "aiacademy_courses" (
         "slug" text NOT NULL,
         "language" text NOT NULL,
         "series" text NOT NULL,
         "skill_path" text NOT NULL,
         "title" text NOT NULL,
         "subtitle" text NOT NULL DEFAULT '',
         "url" text NOT NULL,
         "duration_min" integer NULL,
         "tags" text[] NOT NULL DEFAULT '{}',
         "categories" text[] NOT NULL DEFAULT '{}',
         "audience" text NULL,
         "level" text NULL,
         "functional_description" text NOT NULL DEFAULT '',
         "function" text NULL,
         "published_at" date NULL,
         "last_reviewed_at" date NULL,
         "updated_at" timestamptz NOT NULL DEFAULT now(),
         PRIMARY KEY ("slug", "language")
       );
    -> CREATE INDEX "aiacademy_course_language_idx" ON "aiacademy_courses" ("language");
    -> CREATE INDEX "aiacademy_course_tags_gin" ON "aiacademy_courses" USING GIN ("tags");
    -> CREATE INDEX "aiacademy_course_categories_gin" ON "aiacademy_courses" USING GIN ("categories");
  -- ok (6.50525ms)

  -- migrating version 20260520124119
    -> DO $$
       DECLARE
         ext_schema text;
       BEGIN
         IF NOT EXISTS (SELECT 1 FROM pg_extension WHERE extname = 'pg_trgm') THEN
           CREATE EXTENSION pg_trgm;
         END IF;
       
         SELECT n.nspname
           INTO ext_schema
           FROM pg_extension e
           JOIN pg_namespace n ON e.extnamespace = n.oid
          WHERE e.extname = 'pg_trgm';
       
         -- Trigram GIN indexes on the three identifying columns. With gin_trgm_ops
         -- Postgres can serve `firstname ILIKE '%mar%'`, `email ILIKE '%@anthropos%'`
         -- and `similarity(firstname, 'mario') > 0.3` from an index scan instead of
         -- a sequential scan.
         EXECUTE format(
           'CREATE INDEX IF NOT EXISTS "membership_firstname_trgm" ON "memberships" USING GIN ("firstname" %I.gin_trgm_ops)',
           ext_schema
         );
         EXECUTE format(
           'CREATE INDEX IF NOT EXISTS "membership_lastname_trgm" ON "memberships" USING GIN ("lastname" %I.gin_trgm_ops)',
           ext_schema
         );
         EXECUTE format(
           'CREATE INDEX IF NOT EXISTS "membership_email_trgm" ON "memberships" USING GIN ("email" %I.gin_trgm_ops)',
           ext_schema
         );
       END
       $$;
  -- ok (4.453ms)

  -- migrating version 20260529072659
    -> CREATE TABLE "lab_sessions" (
           "id"              character varying          NOT NULL,
           "created_at"      timestamptz                NOT NULL DEFAULT now(),
           "updated_at"      timestamptz                NOT NULL DEFAULT now(),
           "user_id"         character varying          NOT NULL,
           -- Empty/null for individual payers (no Clerk org context).
           "organization_id" character varying          NULL,
           "template"        character varying          NOT NULL,
           "mode"            character varying          NOT NULL DEFAULT 'build',
           "status"          character varying          NOT NULL DEFAULT 'booting',
           "budget_usd"      double precision           NOT NULL,
           "spend_usd"       double precision           NOT NULL DEFAULT 0,
           "total_tokens"    bigint                     NOT NULL DEFAULT 0,
           "started_at"      timestamptz                NULL,
           "stopped_at"      timestamptz                NULL,
           "grade_result"    jsonb                      NULL,
           PRIMARY KEY ("id")
       );
    -> CREATE INDEX "labsession_user_id_created_at"
           ON "lab_sessions" ("user_id", "created_at");
    -> CREATE INDEX "labsession_organization_id_status_created_at"
           ON "lab_sessions" ("organization_id", "status", "created_at");
    -> CREATE INDEX "labsession_status"
           ON "lab_sessions" ("status");
  -- ok (7.945083ms)

  -- migrating version 20260603112026
    -> ALTER TABLE "aiacademy_courses" DROP CONSTRAINT "aiacademy_courses_pkey", ADD COLUMN "id" uuid NOT NULL DEFAULT gen_random_uuid(), ADD PRIMARY KEY ("id");
    -> CREATE UNIQUE INDEX "aiacademycourse_slug_language" ON "aiacademy_courses" ("slug", "language");
  -- ok (7.075875ms)

  -- migrating version 20260603182114
    -> CREATE TABLE "academy_chapter_progresses" (
         "id" uuid NOT NULL DEFAULT gen_random_uuid(),
         "created_at" timestamptz NOT NULL DEFAULT now(),
         "updated_at" timestamptz NOT NULL DEFAULT now(),
         "chapter_slug" text NOT NULL,
         "completed_modules" jsonb NOT NULL,
         "completed_sections" jsonb NOT NULL,
         "total_modules" bigint NOT NULL DEFAULT 0,
         "module_section_counts" jsonb NOT NULL,
         "user_id" uuid NOT NULL,
         PRIMARY KEY ("id"),
         CONSTRAINT "academy_chapter_progresses_users_user" FOREIGN KEY ("user_id") REFERENCES "users" ("id") ON UPDATE NO ACTION ON DELETE NO ACTION
       );
    -> CREATE UNIQUE INDEX "academychapterprogress_user_id_chapter_slug" ON "academy_chapter_progresses" ("user_id", "chapter_slug");
    -> CREATE INDEX "academychapterprogress_user_id_user_id" ON "academy_chapter_progresses" ("user_id", "user_id");
    -> CREATE TABLE "academy_last_activities" (
         "id" uuid NOT NULL DEFAULT gen_random_uuid(),
         "created_at" timestamptz NOT NULL DEFAULT now(),
         "updated_at" timestamptz NOT NULL DEFAULT now(),
         "chapter_slug" text NOT NULL,
         "chapter_name" text NOT NULL,
         "module_name" text NOT NULL,
         "module_index" bigint NOT NULL,
         "section_index" bigint NOT NULL,
         "total_sections" bigint NOT NULL,
         "total_modules" bigint NOT NULL,
         "path" text NOT NULL,
         "activity_at" timestamptz NOT NULL,
         "user_id" uuid NOT NULL,
         PRIMARY KEY ("id"),
         CONSTRAINT "academy_last_activities_users_user" FOREIGN KEY ("user_id") REFERENCES "users" ("id") ON UPDATE NO ACTION ON DELETE NO ACTION
       );
    -> CREATE UNIQUE INDEX "academylastactivity_user_id" ON "academy_last_activities" ("user_id");
  -- ok (10.175375ms)

  -- migrating version 20260603212219
    -> CREATE TABLE "academy_certificates" (
         "id" uuid NOT NULL DEFAULT gen_random_uuid(),
         "created_at" timestamptz NOT NULL DEFAULT now(),
         "cert_id" text NOT NULL,
         "path_key" text NOT NULL,
         "path_name" text NOT NULL,
         "path_description" text NOT NULL,
         "chapter_slugs" jsonb NOT NULL,
         "issued_at" timestamptz NOT NULL,
         "learner_name" text NOT NULL,
         "learner_email" text NULL,
         "version" bigint NOT NULL DEFAULT 1,
         "user_id" uuid NOT NULL,
         PRIMARY KEY ("id"),
         CONSTRAINT "academy_certificates_users_user" FOREIGN KEY ("user_id") REFERENCES "users" ("id") ON UPDATE NO ACTION ON DELETE NO ACTION
       );
    -> CREATE UNIQUE INDEX "academy_certificates_cert_id_key" ON "academy_certificates" ("cert_id");
    -> CREATE INDEX "academycertificate_cert_id" ON "academy_certificates" ("cert_id");
    -> CREATE UNIQUE INDEX "academycertificate_user_id_path_key" ON "academy_certificates" ("user_id", "path_key");
  -- ok (7.049834ms)

  -- migrating version 20260604011643
    -> CREATE TABLE "academy_bookmarks" (
         "id" uuid NOT NULL DEFAULT gen_random_uuid(),
         "created_at" timestamptz NOT NULL DEFAULT now(),
         "updated_at" timestamptz NOT NULL DEFAULT now(),
         "kind" character varying NOT NULL,
         "external_id" text NOT NULL,
         "note" text NOT NULL DEFAULT '',
         "skill_path_key" text NOT NULL DEFAULT '',
         "slug" text NOT NULL DEFAULT '',
         "module_id" text NOT NULL DEFAULT '',
         "section_index" bigint NOT NULL DEFAULT 0,
         "widget_id" text NULL,
         "passage" jsonb NULL,
         "cache" jsonb NULL,
         "user_id" uuid NOT NULL,
         PRIMARY KEY ("id"),
         CONSTRAINT "academy_bookmarks_users_user" FOREIGN KEY ("user_id") REFERENCES "users" ("id") ON UPDATE NO ACTION ON DELETE NO ACTION
       );
    -> CREATE UNIQUE INDEX "academy_bookmarks_external_id_key" ON "academy_bookmarks" ("external_id");
    -> CREATE INDEX "academybookmark_user_id_user_id" ON "academy_bookmarks" ("user_id", "user_id");
    -> CREATE UNIQUE INDEX "idx_unique_academy_bookmark_chapter" ON "academy_bookmarks" ("user_id", "slug") WHERE ((kind)::text = 'chapter'::text);
    -> CREATE UNIQUE INDEX "idx_unique_academy_bookmark_section" ON "academy_bookmarks" ("user_id", "slug", "module_id", "section_index", "widget_id") WHERE ((kind)::text = 'section'::text);
    -> CREATE UNIQUE INDEX "idx_unique_academy_bookmark_skill_path" ON "academy_bookmarks" ("user_id", "skill_path_key") WHERE ((kind)::text = 'skill_path'::text);
  -- ok (9.734459ms)

  -- migrating version 20260604035956
    -> CREATE TABLE "academy_series" (
         "id" uuid NOT NULL DEFAULT gen_random_uuid(),
         "created_at" timestamptz NOT NULL DEFAULT now(),
         "updated_at" timestamptz NOT NULL DEFAULT now(),
         "slug" text NOT NULL,
         "title" text NOT NULL,
         "subtitle" text NOT NULL DEFAULT '',
         "sidebar_category" text NOT NULL DEFAULT '',
         "sidebar_subcategory" text NOT NULL DEFAULT '',
         "audiences" jsonb NOT NULL,
         "version" bigint NOT NULL DEFAULT 1,
         PRIMARY KEY ("id")
       );
    -> CREATE UNIQUE INDEX "academy_series_slug_key" ON "academy_series" ("slug");
    -> CREATE INDEX "academyseries_sidebar_category" ON "academy_series" ("sidebar_category");
    -> CREATE TABLE "academy_skill_paths" (
         "id" uuid NOT NULL DEFAULT gen_random_uuid(),
         "created_at" timestamptz NOT NULL DEFAULT now(),
         "updated_at" timestamptz NOT NULL DEFAULT now(),
         "slug" text NOT NULL,
         "series_slug" text NOT NULL DEFAULT '',
         "title" text NOT NULL,
         "subtitle" text NOT NULL DEFAULT '',
         "level" text NOT NULL DEFAULT '',
         "audience" text NOT NULL DEFAULT '',
         "paid" boolean NOT NULL DEFAULT true,
         "tenant_eid" text NULL,
         "lifecycle" text NOT NULL DEFAULT 'published',
         "scheduled_for" timestamptz NULL,
         "has_preview" boolean NOT NULL DEFAULT false,
         "sidebar_category" text NOT NULL DEFAULT '',
         "sidebar_subcategory" text NOT NULL DEFAULT '',
         "audiences" jsonb NOT NULL,
         "cross_ref_roles" jsonb NOT NULL,
         "published_at" timestamptz NULL,
         "last_reviewed_at" timestamptz NULL,
         "cover_asset_id" text NOT NULL DEFAULT '',
         "cover_asset_url" text NOT NULL DEFAULT '',
         "intro_audio_asset_id" text NOT NULL DEFAULT '',
         "intro_audio_asset_url" text NOT NULL DEFAULT '',
         "version" bigint NOT NULL DEFAULT 1,
         PRIMARY KEY ("id")
       );
    -> CREATE UNIQUE INDEX "academy_skill_paths_slug_key" ON "academy_skill_paths" ("slug");
    -> CREATE INDEX "academyskillpath_lifecycle" ON "academy_skill_paths" ("lifecycle");
    -> CREATE INDEX "academyskillpath_series_slug" ON "academy_skill_paths" ("series_slug");
    -> CREATE INDEX "academyskillpath_tenant_eid" ON "academy_skill_paths" ("tenant_eid");
    -> CREATE TABLE "academy_chapters" (
         "id" uuid NOT NULL DEFAULT gen_random_uuid(),
         "created_at" timestamptz NOT NULL DEFAULT now(),
         "updated_at" timestamptz NOT NULL DEFAULT now(),
         "slug" text NOT NULL,
         "path_slug" text NOT NULL DEFAULT '',
         "position" bigint NOT NULL DEFAULT 0,
         "title" text NOT NULL,
         "subtitle" text NOT NULL DEFAULT '',
         "level" text NOT NULL DEFAULT '',
         "audience" text NOT NULL DEFAULT '',
         "tenant_eid" text NULL,
         "lifecycle" text NOT NULL DEFAULT 'published',
         "scheduled_for" timestamptz NULL,
         "has_preview" boolean NOT NULL DEFAULT false,
         "sidebar_category" text NOT NULL DEFAULT '',
         "sidebar_subcategory" text NOT NULL DEFAULT '',
         "audiences" jsonb NOT NULL,
         "cross_ref_roles" jsonb NOT NULL,
         "published_at" timestamptz NULL,
         "last_reviewed_at" timestamptz NULL,
         "version" bigint NOT NULL DEFAULT 1,
         PRIMARY KEY ("id")
       );
    -> CREATE UNIQUE INDEX "academy_chapters_slug_key" ON "academy_chapters" ("slug");
    -> CREATE INDEX "academychapter_lifecycle" ON "academy_chapters" ("lifecycle");
    -> CREATE INDEX "academychapter_path_slug" ON "academy_chapters" ("path_slug");
    -> CREATE INDEX "academychapter_tenant_eid" ON "academy_chapters" ("tenant_eid");
  -- ok (20.380375ms)

  -- migrating version 20260604061339
    -> CREATE TABLE "academy_chapter_bodies" (
         "id" uuid NOT NULL DEFAULT gen_random_uuid(),
         "created_at" timestamptz NOT NULL DEFAULT now(),
         "updated_at" timestamptz NOT NULL DEFAULT now(),
         "chapter_slug" text NOT NULL,
         "locale" text NOT NULL DEFAULT 'en',
         "body" jsonb NOT NULL,
         "body_version" text NOT NULL DEFAULT '',
         PRIMARY KEY ("id")
       );
    -> CREATE INDEX "academychapterbody_chapter_slug" ON "academy_chapter_bodies" ("chapter_slug");
    -> CREATE UNIQUE INDEX "academychapterbody_chapter_slug_locale" ON "academy_chapter_bodies" ("chapter_slug", "locale");
  -- ok (5.886375ms)

  -- migrating version 20260605092858
    -> CREATE TABLE "profile_histories" (
         "id" uuid NOT NULL DEFAULT gen_random_uuid(),
         "created_at" timestamptz NOT NULL DEFAULT now(),
         "resource_type" character varying NOT NULL,
         "action" character varying NOT NULL,
         "field_name" character varying NULL,
         "old_value" character varying NULL,
         "new_value" character varying NULL,
         "metadata" jsonb NULL,
         "actor_id" uuid NOT NULL,
         "target_user_id" uuid NOT NULL,
         "organization_id" uuid NOT NULL,
         PRIMARY KEY ("id"),
         CONSTRAINT "profile_histories_organizations_organization" FOREIGN KEY ("organization_id") REFERENCES "organizations" ("id") ON UPDATE NO ACTION ON DELETE NO ACTION,
         CONSTRAINT "profile_histories_users_actor" FOREIGN KEY ("actor_id") REFERENCES "users" ("id") ON UPDATE NO ACTION ON DELETE NO ACTION,
         CONSTRAINT "profile_histories_users_target_user" FOREIGN KEY ("target_user_id") REFERENCES "users" ("id") ON UPDATE NO ACTION ON DELETE NO ACTION
       );
    -> CREATE INDEX "profilehistory_actor_id_created_at" ON "profile_histories" ("actor_id", "created_at");
    -> CREATE INDEX "profilehistory_organization_id_target_user_id_created_at" ON "profile_histories" ("organization_id", "target_user_id", "created_at");
    -> CREATE INDEX "profilehistory_target_user_id_created_at" ON "profile_histories" ("target_user_id", "created_at");
  -- ok (7.579833ms)

  -- migrating version 20260608110235
    -> ALTER TABLE "lab_sessions"
           ALTER COLUMN "user_id" TYPE uuid USING "user_id"::uuid,
           ALTER COLUMN "organization_id" TYPE uuid USING "organization_id"::uuid;
  -- ok (5.824792ms)

  -- migrating version 20260611000000
    -> DROP TABLE "aiacademy_courses";
  -- ok (1.23775ms)

  -- migrating version 20260615085447
    -> ALTER TABLE "organization_sim_invitation_links" ADD COLUMN "reminder_count" bigint NOT NULL DEFAULT 0, ADD COLUMN "last_reminded_at" timestamptz NULL, ADD COLUMN "opted_out" boolean NOT NULL DEFAULT false, ADD COLUMN "candidate_email" character varying NULL;
    -> CREATE TABLE "membership_invitations" (
         "id" uuid NOT NULL DEFAULT gen_random_uuid(),
         "created_at" timestamptz NOT NULL DEFAULT now(),
         "updated_at" timestamptz NOT NULL DEFAULT now(),
         "email" character varying NOT NULL,
         "invited_at" timestamptz NOT NULL,
         "token" character varying NOT NULL,
         "signed_up_at" timestamptz NULL,
         "reminder_count" bigint NOT NULL DEFAULT 0,
         "last_reminded_at" timestamptz NULL,
         "opted_out" boolean NOT NULL DEFAULT false,
         "expires_at" timestamptz NULL,
         "role" character varying NOT NULL DEFAULT 'basic_member',
         "organization_id" uuid NOT NULL,
         "invited_by" uuid NOT NULL,
         PRIMARY KEY ("id"),
         CONSTRAINT "membership_invitations_memberships_inviter" FOREIGN KEY ("invited_by") REFERENCES "memberships" ("id") ON UPDATE NO ACTION ON DELETE CASCADE,
         CONSTRAINT "membership_invitations_organizations_organization" FOREIGN KEY ("organization_id") REFERENCES "organizations" ("id") ON UPDATE NO ACTION ON DELETE CASCADE
       );
    -> CREATE UNIQUE INDEX "membership_invitations_token_key" ON "membership_invitations" ("token");
    -> CREATE UNIQUE INDEX "membershipinvitation_email_organization_id" ON "membership_invitations" ("email", "organization_id") WHERE ((signed_up_at IS NULL) AND (opted_out = false));
    -> CREATE INDEX "membershipinvitation_signed_up_at_opted_out_reminder_count" ON "membership_invitations" ("signed_up_at", "opted_out", "reminder_count");
    -> CREATE UNIQUE INDEX "membershipinvitation_token" ON "membership_invitations" ("token");
  -- ok (8.98625ms)

  -- migrating version 20260615090000
    -> ALTER TABLE "academy_last_activities" ALTER COLUMN "activity_at" DROP NOT NULL;
  -- ok (970.084µs)

  -- migrating version 20260615090500
    -> CREATE TABLE "academy_chapter_times" (
         "id" uuid NOT NULL DEFAULT gen_random_uuid(),
         "created_at" timestamptz NOT NULL DEFAULT now(),
         "updated_at" timestamptz NOT NULL DEFAULT now(),
         "chapter_slug" text NOT NULL,
         "device_id" text NOT NULL,
         "completion_active_seconds" bigint NOT NULL DEFAULT 0,
         "reinforcement_active_seconds" bigint NOT NULL DEFAULT 0,
         "ever_completed" boolean NOT NULL DEFAULT false,
         "user_id" uuid NOT NULL,
         PRIMARY KEY ("id"),
         CONSTRAINT "academy_chapter_times_users_user" FOREIGN KEY ("user_id") REFERENCES "users" ("id") ON UPDATE NO ACTION ON DELETE NO ACTION
       );
    -> CREATE INDEX "academychaptertime_user_id_chapter_slug" ON "academy_chapter_times" ("user_id", "chapter_slug");
    -> CREATE UNIQUE INDEX "academychaptertime_user_id_chapter_slug_device_id" ON "academy_chapter_times" ("user_id", "chapter_slug", "device_id");
  -- ok (5.912916ms)

  -- migrating version 20260615091000
    -> CREATE TABLE "academy_feedbacks" (
         "id" uuid NOT NULL DEFAULT gen_random_uuid(),
         "created_at" timestamptz NOT NULL DEFAULT now(),
         "updated_at" timestamptz NOT NULL DEFAULT now(),
         "scope" character varying NOT NULL,
         "target_key" text NOT NULL,
         "is_positive" boolean NOT NULL DEFAULT false,
         "option" character varying NULL,
         "qualitative" text NOT NULL DEFAULT '',
         "version" bigint NOT NULL DEFAULT 1,
         "organization_id" uuid NULL,
         "user_id" uuid NOT NULL,
         PRIMARY KEY ("id"),
         CONSTRAINT "academy_feedbacks_users_user" FOREIGN KEY ("user_id") REFERENCES "users" ("id") ON UPDATE NO ACTION ON DELETE CASCADE
       );
    -> CREATE UNIQUE INDEX "academyfeedback_user_id_scope_target_key" ON "academy_feedbacks" ("user_id", "scope", "target_key");
  -- ok (4.271209ms)

  -- migrating version 20260615120000
    -> DELETE FROM "academy_chapter_progresses" WHERE "chapter_slug" LIKE '%-offline';
  -- ok (1.507166ms)

  -- migrating version 20260615130000
    -> CREATE TABLE "job_role_categories" (
         "id" uuid NOT NULL DEFAULT gen_random_uuid(),
         "created_at" timestamptz NOT NULL DEFAULT now(),
         "updated_at" timestamptz NOT NULL DEFAULT now(),
         "name" character varying NOT NULL,
         PRIMARY KEY ("id")
       );
    -> CREATE TABLE "job_roles" (
         "id" uuid NOT NULL DEFAULT gen_random_uuid(),
         "created_at" timestamptz NOT NULL DEFAULT now(),
         "updated_at" timestamptz NOT NULL DEFAULT now(),
         "node_id" character varying NOT NULL,
         "aliases" jsonb NULL,
         "keywords" jsonb NULL,
         "description" character varying NULL,
         "long_description" character varying NULL,
         "created_by_user" boolean NOT NULL DEFAULT false,
         "organization_id" uuid NULL,
         "deleted" boolean NOT NULL DEFAULT false,
         "name" character varying NOT NULL,
         "industries" jsonb NULL,
         "source_job_role_id" character varying NULL,
         "ts_search" tsvector NULL GENERATED ALWAYS AS ((((setweight(to_tsvector('english'::regconfig, (COALESCE(name, ''::character varying))::text), 'a'::"char") || ''::tsvector) || setweight(to_tsvector('english'::regconfig, COALESCE((aliases)::text, ''::text)), 'b'::"char")) || ''::tsvector) || setweight(to_tsvector('english'::regconfig, COALESCE((keywords)::text, ''::text)), 'c'::"char")) STORED,
         "category_id" uuid NULL,
         PRIMARY KEY ("id"),
         CONSTRAINT "job_roles_job_role_categories_job_roles" FOREIGN KEY ("category_id") REFERENCES "job_role_categories" ("id") ON UPDATE NO ACTION ON DELETE SET NULL
       );
    -> CREATE INDEX "idx_mem_ts_search_job_roles" ON "job_roles" USING GIN ("ts_search");
    -> CREATE UNIQUE INDEX "job_roles_node_id_key" ON "job_roles" ("node_id");
    -> CREATE INDEX "jobrole_aliases" ON "job_roles" ("aliases");
    -> CREATE INDEX "jobrole_created_by_user" ON "job_roles" ("created_by_user");
    -> CREATE INDEX "jobrole_deleted" ON "job_roles" ("deleted");
    -> CREATE INDEX "jobrole_keywords" ON "job_roles" ("keywords");
    -> CREATE UNIQUE INDEX "jobrole_name" ON "job_roles" ("name") WHERE (organization_id IS NULL);
    -> CREATE UNIQUE INDEX "jobrole_name_organization_id" ON "job_roles" ("name", "organization_id") WHERE (organization_id IS NOT NULL);
    -> CREATE INDEX "jobrole_node_id" ON "job_roles" ("node_id");
    -> CREATE INDEX "jobrole_organization_id" ON "job_roles" ("organization_id");
    -> CREATE TABLE "job_role_embeddings" (
         "id" bigint NOT NULL GENERATED BY DEFAULT AS IDENTITY,
         "small_embedding3" extensions.vector(1536) NULL,
         "job_role_id" uuid NOT NULL,
         PRIMARY KEY ("id"),
         CONSTRAINT "job_role_embeddings_job_roles_job_role" FOREIGN KEY ("job_role_id") REFERENCES "job_roles" ("id") ON UPDATE NO ACTION ON DELETE CASCADE
       );
    -> CREATE UNIQUE INDEX "jobroleembeddings_job_role_id" ON "job_role_embeddings" ("job_role_id");
    -> CREATE INDEX "jobroleembeddings_small_embedding3" ON "job_role_embeddings" USING IVFFLAT ("small_embedding3");
    -> CREATE TABLE "categories" (
         "id" uuid NOT NULL DEFAULT gen_random_uuid(),
         "created_at" timestamptz NOT NULL DEFAULT now(),
         "updated_at" timestamptz NOT NULL DEFAULT now(),
         "node_id" character varying NOT NULL,
         "aliases" jsonb NULL,
         "keywords" jsonb NULL,
         "description" character varying NULL,
         "long_description" character varying NULL,
         "created_by_user" boolean NOT NULL DEFAULT false,
         "organization_id" uuid NULL,
         "deleted" boolean NOT NULL DEFAULT false,
         "name" character varying NOT NULL,
         PRIMARY KEY ("id")
       );
    -> CREATE UNIQUE INDEX "categories_node_id_key" ON "categories" ("node_id");
    -> CREATE INDEX "category_aliases" ON "categories" ("aliases");
    -> CREATE INDEX "category_created_by_user" ON "categories" ("created_by_user");
    -> CREATE INDEX "category_deleted" ON "categories" ("deleted");
    -> CREATE INDEX "category_keywords" ON "categories" ("keywords");
    -> CREATE UNIQUE INDEX "category_name" ON "categories" ("name") WHERE (organization_id IS NULL);
    -> CREATE UNIQUE INDEX "category_name_organization_id" ON "categories" ("name", "organization_id") WHERE (organization_id IS NOT NULL);
    -> CREATE INDEX "category_node_id" ON "categories" ("node_id");
    -> CREATE INDEX "category_organization_id" ON "categories" ("organization_id");
    -> CREATE TABLE "specializations" (
         "id" uuid NOT NULL DEFAULT gen_random_uuid(),
         "created_at" timestamptz NOT NULL DEFAULT now(),
         "updated_at" timestamptz NOT NULL DEFAULT now(),
         "node_id" character varying NOT NULL,
         "aliases" jsonb NULL,
         "keywords" jsonb NULL,
         "description" character varying NULL,
         "long_description" character varying NULL,
         "created_by_user" boolean NOT NULL DEFAULT false,
         "organization_id" uuid NULL,
         "deleted" boolean NOT NULL DEFAULT false,
         "name" character varying NOT NULL,
         "parent_node_id" character varying NOT NULL,
         "parent" uuid NOT NULL,
         PRIMARY KEY ("id"),
         CONSTRAINT "specializations_categories_specializations" FOREIGN KEY ("parent") REFERENCES "categories" ("id") ON UPDATE NO ACTION ON DELETE NO ACTION
       );
    -> CREATE INDEX "specialization_aliases" ON "specializations" ("aliases");
    -> CREATE INDEX "specialization_created_by_user" ON "specializations" ("created_by_user");
    -> CREATE INDEX "specialization_deleted" ON "specializations" ("deleted");
    -> CREATE INDEX "specialization_keywords" ON "specializations" ("keywords");
    -> CREATE UNIQUE INDEX "specialization_name" ON "specializations" ("name") WHERE (organization_id IS NULL);
    -> CREATE UNIQUE INDEX "specialization_name_organization_id" ON "specializations" ("name", "organization_id") WHERE (organization_id IS NOT NULL);
    -> CREATE INDEX "specialization_node_id" ON "specializations" ("node_id");
    -> CREATE INDEX "specialization_organization_id" ON "specializations" ("organization_id");
    -> CREATE INDEX "specialization_parent_node_id" ON "specializations" ("parent_node_id");
    -> CREATE UNIQUE INDEX "specializations_node_id_key" ON "specializations" ("node_id");
    -> CREATE TABLE "skills" (
         "id" uuid NOT NULL DEFAULT gen_random_uuid(),
         "created_at" timestamptz NOT NULL DEFAULT now(),
         "updated_at" timestamptz NOT NULL DEFAULT now(),
         "node_id" character varying NOT NULL,
         "aliases" jsonb NULL,
         "keywords" jsonb NULL,
         "description" character varying NULL,
         "long_description" character varying NULL,
         "created_by_user" boolean NOT NULL DEFAULT false,
         "organization_id" uuid NULL,
         "deleted" boolean NOT NULL DEFAULT false,
         "name" character varying NOT NULL,
         "is_soft" boolean NOT NULL DEFAULT false,
         "parent_node_id" character varying NOT NULL,
         "ts_search" tsvector NULL GENERATED ALWAYS AS ((((setweight(to_tsvector('english'::regconfig, (COALESCE(name, ''::character varying))::text), 'a'::"char") || ''::tsvector) || setweight(to_tsvector('english'::regconfig, COALESCE((aliases)::text, ''::text)), 'b'::"char")) || ''::tsvector) || setweight(to_tsvector('english'::regconfig, COALESCE((keywords)::text, ''::text)), 'c'::"char")) STORED,
         "parent" uuid NOT NULL,
         PRIMARY KEY ("id"),
         CONSTRAINT "skills_specializations_skills" FOREIGN KEY ("parent") REFERENCES "specializations" ("id") ON UPDATE NO ACTION ON DELETE NO ACTION
       );
    -> CREATE INDEX "idx_mem_ts_search_skills" ON "skills" USING GIN ("ts_search");
    -> CREATE INDEX "skill_aliases" ON "skills" ("aliases");
    -> CREATE INDEX "skill_created_by_user" ON "skills" ("created_by_user");
    -> CREATE INDEX "skill_deleted" ON "skills" ("deleted");
    -> CREATE INDEX "skill_keywords" ON "skills" ("keywords");
    -> CREATE UNIQUE INDEX "skill_name" ON "skills" ("name") WHERE (organization_id IS NULL);
    -> CREATE UNIQUE INDEX "skill_name_organization_id" ON "skills" ("name", "organization_id") WHERE (organization_id IS NOT NULL);
    -> CREATE INDEX "skill_node_id" ON "skills" ("node_id");
    -> CREATE INDEX "skill_organization_id" ON "skills" ("organization_id");
    -> CREATE INDEX "skill_parent_node_id" ON "skills" ("parent_node_id");
    -> CREATE UNIQUE INDEX "skills_node_id_key" ON "skills" ("node_id");
    -> CREATE TABLE "job_role_skills" (
         "id" uuid NOT NULL DEFAULT gen_random_uuid(),
         "is_core" boolean NOT NULL DEFAULT true,
         "level" bigint NOT NULL DEFAULT 1,
         "job_role_id" uuid NOT NULL DEFAULT gen_random_uuid(),
         "skill_id" uuid NOT NULL DEFAULT gen_random_uuid(),
         PRIMARY KEY ("id"),
         CONSTRAINT "job_role_skills_job_roles_job_role" FOREIGN KEY ("job_role_id") REFERENCES "job_roles" ("id") ON UPDATE NO ACTION ON DELETE CASCADE,
         CONSTRAINT "job_role_skills_skills_skill" FOREIGN KEY ("skill_id") REFERENCES "skills" ("id") ON UPDATE NO ACTION ON DELETE CASCADE
       );
    -> CREATE UNIQUE INDEX "jobroleskill_job_role_id_skill_id" ON "job_role_skills" ("job_role_id", "skill_id");
    -> CREATE TABLE "job_role_translations" (
         "id" uuid NOT NULL DEFAULT gen_random_uuid(),
         "created_at" timestamptz NOT NULL DEFAULT now(),
         "updated_at" timestamptz NOT NULL DEFAULT now(),
         "language" character varying NOT NULL,
         "name" character varying NULL,
         "description" character varying NULL,
         "long_description" character varying NULL,
         "aliases" jsonb NULL,
         "keywords" jsonb NULL,
         "ts_search" tsvector NULL GENERATED ALWAYS AS ((((setweight(to_tsvector(
       CASE language
           WHEN 'english'::text THEN 'english'::regconfig
           WHEN 'italian'::text THEN 'italian'::regconfig
           WHEN 'spanish'::text THEN 'spanish'::regconfig
           WHEN 'french'::text THEN 'french'::regconfig
           WHEN 'german'::text THEN 'german'::regconfig
           WHEN 'dutch'::text THEN 'dutch'::regconfig
           ELSE 'simple'::regconfig
       END, (COALESCE(name, ''::character varying))::text), 'a'::"char") || ''::tsvector) || setweight(to_tsvector(
       CASE language
           WHEN 'english'::text THEN 'english'::regconfig
           WHEN 'italian'::text THEN 'italian'::regconfig
           WHEN 'spanish'::text THEN 'spanish'::regconfig
           WHEN 'french'::text THEN 'french'::regconfig
           WHEN 'german'::text THEN 'german'::regconfig
           WHEN 'dutch'::text THEN 'dutch'::regconfig
           ELSE 'simple'::regconfig
       END, COALESCE((aliases)::text, ''::text)), 'b'::"char")) || ''::tsvector) || setweight(to_tsvector(
       CASE language
           WHEN 'english'::text THEN 'english'::regconfig
           WHEN 'italian'::text THEN 'italian'::regconfig
           WHEN 'spanish'::text THEN 'spanish'::regconfig
           WHEN 'french'::text THEN 'french'::regconfig
           WHEN 'german'::text THEN 'german'::regconfig
           WHEN 'dutch'::text THEN 'dutch'::regconfig
           ELSE 'simple'::regconfig
       END, COALESCE((keywords)::text, ''::text)), 'c'::"char")) STORED,
         "job_role_id" uuid NOT NULL,
         PRIMARY KEY ("id"),
         CONSTRAINT "job_role_translations_job_roles_job_role" FOREIGN KEY ("job_role_id") REFERENCES "job_roles" ("id") ON UPDATE NO ACTION ON DELETE CASCADE
       );
    -> CREATE INDEX "jobroletranslation_job_role_id" ON "job_role_translations" ("job_role_id");
    -> CREATE UNIQUE INDEX "jobroletranslation_job_role_id_language" ON "job_role_translations" ("job_role_id", "language");
    -> CREATE INDEX "jobroletranslation_ts_search" ON "job_role_translations" USING GIN ("ts_search");
    -> CREATE TABLE "skill_embeddings" (
         "id" bigint NOT NULL GENERATED BY DEFAULT AS IDENTITY,
         "small_embedding3" extensions.vector(1536) NULL,
         "skill_id" uuid NOT NULL,
         PRIMARY KEY ("id"),
         CONSTRAINT "skill_embeddings_skills_skill" FOREIGN KEY ("skill_id") REFERENCES "skills" ("id") ON UPDATE NO ACTION ON DELETE CASCADE
       );
    -> CREATE UNIQUE INDEX "skillembeddings_skill_id" ON "skill_embeddings" ("skill_id");
    -> CREATE INDEX "skillembeddings_small_embedding3" ON "skill_embeddings" USING IVFFLAT ("small_embedding3");
    -> CREATE TABLE "skill_translations" (
         "id" uuid NOT NULL DEFAULT gen_random_uuid(),
         "created_at" timestamptz NOT NULL DEFAULT now(),
         "updated_at" timestamptz NOT NULL DEFAULT now(),
         "language" character varying NOT NULL,
         "name" character varying NULL,
         "description" character varying NULL,
         "long_description" character varying NULL,
         "aliases" jsonb NULL,
         "keywords" jsonb NULL,
         "ts_search" tsvector NULL GENERATED ALWAYS AS ((((setweight(to_tsvector(
       CASE language
           WHEN 'english'::text THEN 'english'::regconfig
           WHEN 'italian'::text THEN 'italian'::regconfig
           WHEN 'spanish'::text THEN 'spanish'::regconfig
           WHEN 'french'::text THEN 'french'::regconfig
           WHEN 'german'::text THEN 'german'::regconfig
           WHEN 'dutch'::text THEN 'dutch'::regconfig
           ELSE 'simple'::regconfig
       END, (COALESCE(name, ''::character varying))::text), 'a'::"char") || ''::tsvector) || setweight(to_tsvector(
       CASE language
           WHEN 'english'::text THEN 'english'::regconfig
           WHEN 'italian'::text THEN 'italian'::regconfig
           WHEN 'spanish'::text THEN 'spanish'::regconfig
           WHEN 'french'::text THEN 'french'::regconfig
           WHEN 'german'::text THEN 'german'::regconfig
           WHEN 'dutch'::text THEN 'dutch'::regconfig
           ELSE 'simple'::regconfig
       END, COALESCE((aliases)::text, ''::text)), 'b'::"char")) || ''::tsvector) || setweight(to_tsvector(
       CASE language
           WHEN 'english'::text THEN 'english'::regconfig
           WHEN 'italian'::text THEN 'italian'::regconfig
           WHEN 'spanish'::text THEN 'spanish'::regconfig
           WHEN 'french'::text THEN 'french'::regconfig
           WHEN 'german'::text THEN 'german'::regconfig
           WHEN 'dutch'::text THEN 'dutch'::regconfig
           ELSE 'simple'::regconfig
       END, COALESCE((keywords)::text, ''::text)), 'c'::"char")) STORED,
         "skill_id" uuid NOT NULL,
         PRIMARY KEY ("id"),
         CONSTRAINT "skill_translations_skills_skill" FOREIGN KEY ("skill_id") REFERENCES "skills" ("id") ON UPDATE NO ACTION ON DELETE CASCADE
       );
    -> CREATE INDEX "skilltranslation_skill_id" ON "skill_translations" ("skill_id");
    -> CREATE UNIQUE INDEX "skilltranslation_skill_id_language" ON "skill_translations" ("skill_id", "language");
    -> CREATE INDEX "skilltranslation_ts_search" ON "skill_translations" USING GIN ("ts_search");
  -- ok (154.066625ms)

  -- migrating version 20260617120000
    -> ALTER TABLE "lab_sessions" ADD COLUMN "model" character varying NULL;
  -- ok (901.333µs)

  -- migrating version 20260617203555
    -> CREATE TABLE "lab_bodies" (
         "id" uuid NOT NULL DEFAULT gen_random_uuid(),
         "created_at" timestamptz NOT NULL DEFAULT now(),
         "updated_at" timestamptz NOT NULL DEFAULT now(),
         "lab_slug" text NOT NULL,
         "locale" text NOT NULL DEFAULT 'en',
         "body" jsonb NOT NULL,
         "body_version" text NOT NULL DEFAULT '',
         PRIMARY KEY ("id")
       );
    -> CREATE INDEX "labbody_lab_slug" ON "lab_bodies" ("lab_slug");
    -> CREATE UNIQUE INDEX "labbody_lab_slug_locale" ON "lab_bodies" ("lab_slug", "locale");
    -> CREATE TABLE "labs" (
         "id" uuid NOT NULL DEFAULT gen_random_uuid(),
         "created_at" timestamptz NOT NULL DEFAULT now(),
         "updated_at" timestamptz NOT NULL DEFAULT now(),
         "slug" text NOT NULL,
         "title" text NOT NULL,
         "subtitle" text NOT NULL DEFAULT '',
         "description" text NOT NULL DEFAULT '',
         "tenant_eid" text NULL,
         "lifecycle" text NOT NULL DEFAULT 'published',
         "scheduled_for" timestamptz NULL,
         "discipline" text NOT NULL DEFAULT '',
         "difficulty" text NOT NULL DEFAULT '',
         "task_type" text NOT NULL DEFAULT '',
         "estimated_minutes" bigint NOT NULL DEFAULT 0,
         "stack" jsonb NOT NULL,
         "tags" jsonb NOT NULL,
         "skills" jsonb NOT NULL,
         "agents" jsonb NOT NULL,
         "base_image" text NOT NULL DEFAULT '',
         "default_model" text NOT NULL DEFAULT '',
         "budget_usd" double precision NOT NULL DEFAULT 0,
         "workspace_asset_id" text NOT NULL DEFAULT '',
         "workspace_asset_url" text NOT NULL DEFAULT '',
         "grader_asset_id" text NOT NULL DEFAULT '',
         "grader_asset_url" text NOT NULL DEFAULT '',
         "solution_asset_id" text NOT NULL DEFAULT '',
         "solution_asset_url" text NOT NULL DEFAULT '',
         "published_at" timestamptz NULL,
         "last_reviewed_at" timestamptz NULL,
         "version" bigint NOT NULL DEFAULT 1,
         PRIMARY KEY ("id")
       );
    -> CREATE INDEX "lab_discipline" ON "labs" ("discipline");
    -> CREATE INDEX "lab_lifecycle" ON "labs" ("lifecycle");
    -> CREATE INDEX "lab_tenant_eid" ON "labs" ("tenant_eid");
    -> CREATE UNIQUE INDEX "labs_slug_key" ON "labs" ("slug");
  -- ok (13.781333ms)

  -- migrating version 20260618042254
    -> CREATE TABLE "api_keys" (
         "id" uuid NOT NULL DEFAULT gen_random_uuid(),
         "created_at" timestamptz NOT NULL DEFAULT now(),
         "updated_at" timestamptz NOT NULL DEFAULT now(),
         "name" text NOT NULL DEFAULT '',
         "prefix" text NOT NULL,
         "key_hash" text NOT NULL,
         "organization_id" uuid NULL,
         "scopes" jsonb NOT NULL,
         "last_used_at" timestamptz NULL,
         "expires_at" timestamptz NULL,
         "revoked_at" timestamptz NULL,
         PRIMARY KEY ("id")
       );
    -> CREATE UNIQUE INDEX "api_keys_prefix_key" ON "api_keys" ("prefix");
    -> CREATE INDEX "apikey_organization_id" ON "api_keys" ("organization_id");
  -- ok (5.492458ms)

  -- migrating version 20260618074228
    -> ALTER TABLE "lab_bodies" ADD COLUMN "title" text NOT NULL DEFAULT '', ADD COLUMN "subtitle" text NOT NULL DEFAULT '', ADD COLUMN "description" text NOT NULL DEFAULT '';
  -- ok (971.459µs)

  -- migrating version 20260618160827
    -> CREATE TABLE "ai_readiness_cycles" (
         "id" uuid NOT NULL DEFAULT gen_random_uuid(),
         "created_at" timestamptz NOT NULL DEFAULT now(),
         "title" character varying NOT NULL,
         "start_date" date NOT NULL,
         "end_date" date NOT NULL,
         "status" character varying NOT NULL DEFAULT 'active',
         "participants_filter" jsonb NOT NULL DEFAULT jsonb_build_object('all', true),
         "final_score" bigint NULL,
         "closed_at" timestamptz NULL,
         "organization_id" uuid NOT NULL,
         PRIMARY KEY ("id"),
         CONSTRAINT "ai_readiness_cycles_organizations_organization" FOREIGN KEY ("organization_id") REFERENCES "organizations" ("id") ON UPDATE NO ACTION ON DELETE CASCADE,
         CONSTRAINT "ai_readiness_cycles_date_order" CHECK (end_date >= start_date)
       );
    -> CREATE UNIQUE INDEX "aireadinesscycle_organization_id" ON "ai_readiness_cycles" ("organization_id") WHERE ((status)::text = 'active'::text);
    -> CREATE INDEX "aireadinesscycle_organization_id_created_at" ON "ai_readiness_cycles" ("organization_id", "created_at" DESC);
    -> CREATE TABLE "ai_readiness_live_snapshots" (
         "id" uuid NOT NULL DEFAULT gen_random_uuid(),
         "score" bigint NOT NULL DEFAULT 0,
         "knowledge" bigint NOT NULL DEFAULT 0,
         "usage" bigint NOT NULL DEFAULT 0,
         "archetype" character varying NOT NULL,
         "knowledge_bucket" character varying NOT NULL,
         "usage_band" character varying NOT NULL,
         "stage" bigint NOT NULL DEFAULT 1,
         "verified_skills" jsonb NOT NULL,
         "multiplier_flag" boolean NOT NULL DEFAULT false,
         "blocker_tag" character varying NULL,
         "refreshed_at" timestamptz NOT NULL DEFAULT now(),
         "organization_id" uuid NOT NULL,
         "user_id" uuid NOT NULL,
         PRIMARY KEY ("id"),
         CONSTRAINT "ai_readiness_live_snapshots_organizations_organization" FOREIGN KEY ("organization_id") REFERENCES "organizations" ("id") ON UPDATE NO ACTION ON DELETE CASCADE,
         CONSTRAINT "ai_readiness_live_snapshots_users_user" FOREIGN KEY ("user_id") REFERENCES "users" ("id") ON UPDATE NO ACTION ON DELETE CASCADE,
         CONSTRAINT "ai_readiness_live_snapshots_stage_check" CHECK ((stage >= 1) AND (stage <= 3))
       );
    -> CREATE INDEX "aireadinesslivesnapshot_organization_id" ON "ai_readiness_live_snapshots" ("organization_id");
    -> CREATE UNIQUE INDEX "aireadinesslivesnapshot_organization_id_user_id" ON "ai_readiness_live_snapshots" ("organization_id", "user_id");
    -> CREATE TABLE "ai_readiness_sims" (
         "id" uuid NOT NULL DEFAULT gen_random_uuid(),
         "created_at" timestamptz NOT NULL DEFAULT now(),
         "updated_at" timestamptz NOT NULL DEFAULT now(),
         "step_type" character varying NOT NULL,
         "sim_ref" character varying NOT NULL,
         "organization_id" uuid NOT NULL,
         PRIMARY KEY ("id"),
         CONSTRAINT "ai_readiness_sims_organizations_organization" FOREIGN KEY ("organization_id") REFERENCES "organizations" ("id") ON UPDATE NO ACTION ON DELETE CASCADE
       );
    -> CREATE UNIQUE INDEX "aireadinesssim_organization_id_sim_ref" ON "ai_readiness_sims" ("organization_id", "sim_ref");
    -> CREATE TABLE "ai_readiness_skills" (
         "id" uuid NOT NULL DEFAULT gen_random_uuid(),
         "created_at" timestamptz NOT NULL DEFAULT now(),
         "updated_at" timestamptz NOT NULL DEFAULT now(),
         "node_id" character varying NOT NULL,
         "weight" double precision NOT NULL,
         "organization_id" uuid NOT NULL,
         PRIMARY KEY ("id"),
         CONSTRAINT "ai_readiness_skills_organizations_organization" FOREIGN KEY ("organization_id") REFERENCES "organizations" ("id") ON UPDATE NO ACTION ON DELETE CASCADE
       );
    -> CREATE UNIQUE INDEX "aireadinessskill_organization_id_node_id" ON "ai_readiness_skills" ("organization_id", "node_id");
    -> CREATE TABLE "ai_readiness_snapshots" (
         "id" uuid NOT NULL DEFAULT gen_random_uuid(),
         "frozen_step1" bigint NOT NULL DEFAULT 0,
         "frozen_step2" bigint NOT NULL DEFAULT 0,
         "frozen_step3" bigint NOT NULL DEFAULT 0,
         "frozen_score" bigint NOT NULL DEFAULT 0,
         "frozen_knowledge" bigint NOT NULL DEFAULT 0,
         "frozen_usage" bigint NOT NULL DEFAULT 0,
         "frozen_archetype" character varying NOT NULL,
         "frozen_knowledge_bucket" character varying NOT NULL,
         "frozen_usage_band" character varying NOT NULL,
         "frozen_stage" bigint NOT NULL DEFAULT 1,
         "frozen_verified_skills" jsonb NOT NULL,
         "frozen_keywords" jsonb NOT NULL,
         "multiplier_flag" boolean NOT NULL DEFAULT false,
         "blocker_tag" character varying NULL,
         "snapshot_at" timestamptz NOT NULL DEFAULT now(),
         "cycle_id" uuid NOT NULL,
         "user_id" uuid NOT NULL,
         PRIMARY KEY ("id"),
         CONSTRAINT "ai_readiness_snapshots_ai_readiness_cycles_cycle" FOREIGN KEY ("cycle_id") REFERENCES "ai_readiness_cycles" ("id") ON UPDATE NO ACTION ON DELETE CASCADE,
         CONSTRAINT "ai_readiness_snapshots_users_user" FOREIGN KEY ("user_id") REFERENCES "users" ("id") ON UPDATE NO ACTION ON DELETE CASCADE,
         CONSTRAINT "ai_readiness_snapshots_stage_check" CHECK ((frozen_stage >= 1) AND (frozen_stage <= 3))
       );
    -> CREATE INDEX "aireadinesssnapshot_cycle_id" ON "ai_readiness_snapshots" ("cycle_id");
    -> CREATE UNIQUE INDEX "aireadinesssnapshot_cycle_id_user_id" ON "ai_readiness_snapshots" ("cycle_id", "user_id");
    -> CREATE INDEX "aireadinesssnapshot_user_id" ON "ai_readiness_snapshots" ("user_id");
    -> CREATE TABLE "ai_readiness_steps" (
         "id" uuid NOT NULL DEFAULT gen_random_uuid(),
         "created_at" timestamptz NOT NULL DEFAULT now(),
         "updated_at" timestamptz NOT NULL DEFAULT now(),
         "step_type" character varying NOT NULL,
         "position" bigint NOT NULL,
         "organization_id" uuid NOT NULL,
         PRIMARY KEY ("id"),
         CONSTRAINT "ai_readiness_steps_organizations_organization" FOREIGN KEY ("organization_id") REFERENCES "organizations" ("id") ON UPDATE NO ACTION ON DELETE CASCADE
       );
    -> CREATE INDEX "aireadinessstep_organization_id_position" ON "ai_readiness_steps" ("organization_id", "position");
    -> CREATE UNIQUE INDEX "aireadinessstep_organization_id_step_type" ON "ai_readiness_steps" ("organization_id", "step_type");
    -> CREATE TABLE "ai_readiness_user_step_progresses" (
         "id" uuid NOT NULL DEFAULT gen_random_uuid(),
         "created_at" timestamptz NOT NULL DEFAULT now(),
         "updated_at" timestamptz NOT NULL DEFAULT now(),
         "step_type" character varying NOT NULL,
         "status" character varying NOT NULL DEFAULT 'not_started',
         "completed_at" timestamptz NULL,
         "organization_id" uuid NOT NULL,
         "user_id" uuid NOT NULL,
         PRIMARY KEY ("id"),
         CONSTRAINT "ai_readiness_user_step_progresses_organizations_organization" FOREIGN KEY ("organization_id") REFERENCES "organizations" ("id") ON UPDATE NO ACTION ON DELETE CASCADE,
         CONSTRAINT "ai_readiness_user_step_progresses_users_user" FOREIGN KEY ("user_id") REFERENCES "users" ("id") ON UPDATE NO ACTION ON DELETE CASCADE
       );
    -> CREATE INDEX "aireadinessuserstepprogress_organization_id_user_id" ON "ai_readiness_user_step_progresses" ("organization_id", "user_id");
    -> CREATE UNIQUE INDEX "aireadinessuserstepprogress_organization_id_user_id_step_type" ON "ai_readiness_user_step_progresses" ("organization_id", "user_id", "step_type");
  -- ok (34.664292ms)

  -- migrating version 20260623090000
    -> CREATE INDEX "skilltranslation_name_gin" ON "skill_translations" USING GIN ("name" extensions.gin_trgm_ops);
    -> CREATE INDEX "skill_name_gin" ON "skills" USING GIN ("name" extensions.gin_trgm_ops);
  -- ok (2.794583ms)

  -- migrating version 20260626000000
    -> CREATE TABLE "ai_readiness_diagnose_narratives" (
         "id" uuid NOT NULL DEFAULT gen_random_uuid(),
         "created_at" timestamptz NOT NULL DEFAULT now(),
         "updated_at" timestamptz NOT NULL DEFAULT now(),
         "organization_id" uuid NOT NULL,
         "user_id" uuid NOT NULL,
         "cycle_ref" character varying NOT NULL DEFAULT '',
         "lang" character varying NOT NULL,
         "signals_hash" character varying NOT NULL,
         "text" text NOT NULL,
         PRIMARY KEY ("id")
       );
    -> CREATE UNIQUE INDEX "air_diag_narr_org_user_cycle_lang_uq" ON "ai_readiness_diagnose_narratives" ("organization_id", "user_id", "cycle_ref", "lang");
  -- ok (4.015708ms)

  -- migrating version 20260626000100
    -> CREATE TABLE "ai_readiness_text_translations" (
         "id" uuid NOT NULL DEFAULT gen_random_uuid(),
         "created_at" timestamptz NOT NULL DEFAULT now(),
         "updated_at" timestamptz NOT NULL DEFAULT now(),
         "source_hash" character varying NOT NULL,
         "lang" character varying NOT NULL,
         "payload" text NOT NULL,
         PRIMARY KEY ("id")
       );
    -> CREATE UNIQUE INDEX "air_text_translation_source_hash_lang_uq" ON "ai_readiness_text_translations" ("source_hash", "lang");
  -- ok (3.736833ms)

  -- migrating version 20260626120000
    -> CREATE TABLE "org_subscriptions" (
         "id" uuid NOT NULL DEFAULT gen_random_uuid(),
         "created_at" timestamptz NOT NULL DEFAULT now(),
         "updated_at" timestamptz NOT NULL DEFAULT now(),
         "licenses" bigint NOT NULL DEFAULT 0,
         "source" character varying NOT NULL DEFAULT 'manual',
         "plan" character varying NULL,
         "status" character varying NOT NULL DEFAULT 'active',
         "provider" character varying NULL,
         "external_subscription_id" character varying NULL,
         "external_subscription_item_id" character varying NULL,
         "external_customer_id" character varying NULL,
         "cancel_at_period_end" boolean NOT NULL DEFAULT false,
         "current_period_start" timestamptz NULL,
         "current_period_end" timestamptz NULL,
         "tier" character varying NULL,
         "unit_amount" bigint NULL,
         "currency" character varying NULL,
         "environment" text NOT NULL DEFAULT 'production',
         "organization_id" uuid NOT NULL,
         PRIMARY KEY ("id"),
         CONSTRAINT "org_subscriptions_organizations_organization" FOREIGN KEY ("organization_id") REFERENCES "organizations" ("id") ON UPDATE NO ACTION ON DELETE CASCADE
       );
    -> CREATE UNIQUE INDEX "orgsubscription_external_subscription_id" ON "org_subscriptions" ("external_subscription_id");
    -> CREATE UNIQUE INDEX "orgsubscription_organization_id" ON "org_subscriptions" ("organization_id");
  -- ok (5.488208ms)

  -- migrating version 20260702141235
    -> ALTER TABLE "ai_readiness_cycles" ADD COLUMN "track" character varying NOT NULL DEFAULT 'both';
    -> ALTER TABLE "ai_readiness_sims" ADD COLUMN "track" character varying NOT NULL DEFAULT 'both';
    -> CREATE UNIQUE INDEX "aireadinesssim_organization_id_step_type_track" ON "ai_readiness_sims" ("organization_id", "step_type", "track");
  -- ok (3.053833ms)

  -- migrating version 20260709100328
    -> CREATE TABLE "ai_readiness_recommendations" (
         "id" uuid NOT NULL DEFAULT gen_random_uuid(),
         "created_at" timestamptz NOT NULL DEFAULT now(),
         "updated_at" timestamptz NOT NULL DEFAULT now(),
         "organization_id" uuid NOT NULL,
         "user_id" uuid NOT NULL,
         "cycle_ref" character varying NOT NULL DEFAULT '',
         "path_slug" character varying NOT NULL,
         "title" character varying NOT NULL,
         "match_score" bigint NULL,
         "score_basis" character varying NOT NULL DEFAULT '',
         "closes_gap" character varying NOT NULL DEFAULT '',
         PRIMARY KEY ("id")
       );
    -> CREATE UNIQUE INDEX "air_reco_org_user_cycle_uq" ON "ai_readiness_recommendations" ("organization_id", "user_id", "cycle_ref");
  -- ok (4.009875ms)

  -- migrating version 20260710142023
    -> CREATE TABLE "academy_path_embeddings" (
         "id" uuid NOT NULL DEFAULT gen_random_uuid(),
         "created_at" timestamptz NOT NULL DEFAULT now(),
         "updated_at" timestamptz NOT NULL DEFAULT now(),
         "path_slug" character varying NOT NULL,
         "embedding" extensions.vector(1536) NOT NULL,
         "model" character varying NOT NULL DEFAULT '',
         "source_hash" character varying NOT NULL DEFAULT '',
         PRIMARY KEY ("id")
       );
    -> CREATE UNIQUE INDEX "academy_path_embeddings_path_slug_key" ON "academy_path_embeddings" ("path_slug");
  -- ok (5.127958ms)

  -- migrating version 20260713161336
    -> CREATE TABLE "job_role_skill_suggestion_caches" (
         "id" uuid NOT NULL DEFAULT gen_random_uuid(),
         "created_at" timestamptz NOT NULL DEFAULT now(),
         "key_hash" character varying NOT NULL,
         "algo_version" character varying NOT NULL,
         "organization_id" character varying NULL,
         "suggestions" jsonb NOT NULL,
         PRIMARY KEY ("id")
       );
    -> CREATE UNIQUE INDEX "jobroleskillsuggestioncache_key_hash" ON "job_role_skill_suggestion_caches" ("key_hash");
  -- ok (4.905583ms)

  -- migrating version 20260717151144
    -> CREATE TABLE "course_builder_sessions" (
         "id" uuid NOT NULL DEFAULT gen_random_uuid(),
         "created_at" timestamptz NOT NULL DEFAULT now(),
         "updated_at" timestamptz NOT NULL DEFAULT now(),
         "title" character varying NOT NULL DEFAULT '',
         "mode" character varying NOT NULL DEFAULT 'text',
         "source_text" text NOT NULL DEFAULT '',
         "locale" character varying NOT NULL DEFAULT '',
         "depth" character varying NOT NULL DEFAULT '',
         "draft_json" bytea NULL,
         "guidance" bytea NULL,
         "messages" bytea NULL,
         "pending_instructions" bytea NULL,
         "status" character varying NOT NULL DEFAULT 'draft',
         "iterations" bigint NOT NULL DEFAULT 0,
         "benchmark_score" bigint NOT NULL DEFAULT 0,
         "reached" boolean NOT NULL DEFAULT false,
         "cost_usd" double precision NULL DEFAULT 0,
         "usage_json" bytea NULL,
         "translations" bytea NULL,
         "checkpoint_json" bytea NULL,
         "published_at" timestamptz NULL,
         "published_hash" character varying NOT NULL DEFAULT '',
         "published_snapshot" bytea NULL,
         "last_changed" bytea NULL,
         "draft_version" bigint NOT NULL DEFAULT 0,
         "build_ref" character varying NULL,
         "organization_id" uuid NOT NULL,
         "user_id" uuid NULL,
         PRIMARY KEY ("id"),
         CONSTRAINT "course_builder_sessions_organizations_organization" FOREIGN KEY ("organization_id") REFERENCES "organizations" ("id") ON UPDATE NO ACTION ON DELETE NO ACTION,
         CONSTRAINT "course_builder_sessions_users_user" FOREIGN KEY ("user_id") REFERENCES "users" ("id") ON UPDATE NO ACTION ON DELETE SET NULL
       );
    -> CREATE INDEX "coursebuildersession_organization_id_updated_at" ON "course_builder_sessions" ("organization_id", "updated_at");
    -> CREATE INDEX "coursebuildersession_user_id" ON "course_builder_sessions" ("user_id");
    -> CREATE TABLE "credit_transactions" (
         "id" uuid NOT NULL DEFAULT gen_random_uuid(),
         "created_at" timestamptz NOT NULL DEFAULT now(),
         "action_type" character varying NOT NULL,
         "credits_delta" bigint NOT NULL,
         "ref_id" character varying NULL,
         "meta" bytea NULL,
         "organization_id" uuid NOT NULL,
         PRIMARY KEY ("id"),
         CONSTRAINT "credit_transactions_organizations_organization" FOREIGN KEY ("organization_id") REFERENCES "organizations" ("id") ON UPDATE NO ACTION ON DELETE NO ACTION
       );
    -> CREATE UNIQUE INDEX "credittransaction_organization_id_action_type_ref_id" ON "credit_transactions" ("organization_id", "action_type", "ref_id") WHERE (ref_id IS NOT NULL);
    -> CREATE INDEX "credittransaction_organization_id_created_at" ON "credit_transactions" ("organization_id", "created_at");
    -> CREATE TABLE "organization_credits" (
         "id" uuid NOT NULL DEFAULT gen_random_uuid(),
         "updated_at" timestamptz NOT NULL DEFAULT now(),
         "balance" bigint NOT NULL DEFAULT 0,
         "organization_id" uuid NOT NULL,
         PRIMARY KEY ("id"),
         CONSTRAINT "organization_credits_organizations_organization" FOREIGN KEY ("organization_id") REFERENCES "organizations" ("id") ON UPDATE NO ACTION ON DELETE NO ACTION
       );
    -> CREATE UNIQUE INDEX "organizationcredit_organization_id" ON "organization_credits" ("organization_id");
  -- ok (13.312833ms)

  -- migrating version 20260720103238
    -> CREATE TABLE "skill_path_sessions" (
         "id" uuid NOT NULL DEFAULT gen_random_uuid(),
         "created_at" timestamptz NOT NULL DEFAULT now(),
         "updated_at" timestamptz NOT NULL DEFAULT now(),
         "duration" bigint NOT NULL DEFAULT 0,
         "progress" bigint NOT NULL DEFAULT 0,
         "status" character varying NOT NULL DEFAULT 'pending',
         "version" character varying NOT NULL,
         "started_at" timestamptz NULL,
         "ended_at" timestamptz NULL,
         "archived_at" timestamptz NULL,
         "skill_path_id" uuid NOT NULL,
         "tenant_id" uuid NULL,
         "user_id" uuid NOT NULL,
         PRIMARY KEY ("id"),
         CONSTRAINT "skill_path_sessions_users_user" FOREIGN KEY ("user_id") REFERENCES "users" ("id") ON UPDATE NO ACTION ON DELETE NO ACTION
       );
    -> CREATE INDEX "skillpathsession_created_at" ON "skill_path_sessions" ("created_at");
    -> CREATE INDEX "skillpathsession_skill_path_id" ON "skill_path_sessions" ("skill_path_id");
    -> CREATE INDEX "skillpathsession_status" ON "skill_path_sessions" ("status");
    -> CREATE INDEX "skillpathsession_tenant_id" ON "skill_path_sessions" ("tenant_id");
    -> CREATE INDEX "skillpathsession_user_id" ON "skill_path_sessions" ("user_id");
    -> CREATE UNIQUE INDEX "skillpathsession_user_id_skill_path_id_version" ON "skill_path_sessions" ("user_id", "skill_path_id", "version") WHERE ((status)::text <> 'archived'::text);
    -> CREATE TABLE "chapter_sessions" (
         "id" uuid NOT NULL DEFAULT gen_random_uuid(),
         "created_at" timestamptz NOT NULL DEFAULT now(),
         "updated_at" timestamptz NOT NULL DEFAULT now(),
         "duration" bigint NOT NULL DEFAULT 0,
         "progress" bigint NOT NULL DEFAULT 0,
         "status" character varying NOT NULL DEFAULT 'pending',
         "version" character varying NOT NULL,
         "started_at" timestamptz NULL,
         "ended_at" timestamptz NULL,
         "archived_at" timestamptz NULL,
         "chapter_id" uuid NOT NULL,
         "user_id" uuid NOT NULL,
         "chapter_session_skill_path_session" uuid NULL,
         PRIMARY KEY ("id"),
         CONSTRAINT "chapter_sessions_skill_path_sessions_skill_path_session" FOREIGN KEY ("chapter_session_skill_path_session") REFERENCES "skill_path_sessions" ("id") ON UPDATE NO ACTION ON DELETE CASCADE,
         CONSTRAINT "chapter_sessions_users_user" FOREIGN KEY ("user_id") REFERENCES "users" ("id") ON UPDATE NO ACTION ON DELETE NO ACTION
       );
    -> CREATE INDEX "chaptersession_chapter_session_skill_path_session" ON "chapter_sessions" ("chapter_session_skill_path_session");
    -> CREATE INDEX "chaptersession_status" ON "chapter_sessions" ("status");
    -> CREATE INDEX "chaptersession_user_id" ON "chapter_sessions" ("user_id");
    -> CREATE TABLE "step_sessions" (
         "id" uuid NOT NULL DEFAULT gen_random_uuid(),
         "created_at" timestamptz NOT NULL DEFAULT now(),
         "updated_at" timestamptz NOT NULL DEFAULT now(),
         "duration" bigint NOT NULL DEFAULT 0,
         "progress" bigint NOT NULL DEFAULT 0,
         "status" character varying NOT NULL DEFAULT 'pending',
         "version" character varying NOT NULL,
         "started_at" timestamptz NULL,
         "ended_at" timestamptz NULL,
         "archived_at" timestamptz NULL,
         "step_id" uuid NOT NULL,
         "simulation_id" uuid NULL,
         "last_simulation_session_id" uuid NULL,
         "user_id" uuid NOT NULL,
         "step_session_chapter_session" uuid NULL,
         "step_session_skill_path_session" uuid NULL,
         PRIMARY KEY ("id"),
         CONSTRAINT "step_sessions_chapter_sessions_chapter_session" FOREIGN KEY ("step_session_chapter_session") REFERENCES "chapter_sessions" ("id") ON UPDATE NO ACTION ON DELETE CASCADE,
         CONSTRAINT "step_sessions_skill_path_sessions_skill_path_session" FOREIGN KEY ("step_session_skill_path_session") REFERENCES "skill_path_sessions" ("id") ON UPDATE NO ACTION ON DELETE CASCADE,
         CONSTRAINT "step_sessions_users_user" FOREIGN KEY ("user_id") REFERENCES "users" ("id") ON UPDATE NO ACTION ON DELETE NO ACTION
       );
    -> CREATE INDEX "stepsession_status" ON "step_sessions" ("status");
    -> CREATE INDEX "stepsession_step_session_chapter_session" ON "step_sessions" ("step_session_chapter_session");
    -> CREATE INDEX "stepsession_step_session_skill_path_session" ON "step_sessions" ("step_session_skill_path_session");
    -> CREATE INDEX "stepsession_user_id" ON "step_sessions" ("user_id");
  -- ok (29.31775ms)

  -- migrating version 20260721141243
    -> ALTER TABLE "academy_chapters" ADD COLUMN "duration_min" bigint NOT NULL DEFAULT 0;
  -- ok (933.708µs)

  -- migrating version 20260722081626
    -> CREATE TABLE "sessions" (
         "id" uuid NOT NULL DEFAULT gen_random_uuid(),
         "created_at" timestamptz NOT NULL DEFAULT now(),
         "updated_at" timestamptz NOT NULL DEFAULT now(),
         "owner_id" uuid NOT NULL,
         "sim_id" uuid NOT NULL,
         "organization_id" uuid NULL,
         "tenant_id" uuid NULL,
         "sim_type" character varying NOT NULL,
         "status" character varying NOT NULL DEFAULT 'pending',
         "completion_status" character varying NOT NULL DEFAULT 'pending',
         "token" character varying NOT NULL,
         "started_at" timestamptz NULL,
         "ended_at" timestamptz NULL,
         "interactions_progress" bigint NOT NULL DEFAULT 0,
         "score" real NOT NULL DEFAULT 0,
         "validation_version" bigint NOT NULL DEFAULT 2,
         "scheduled_timeout" timestamptz NULL,
         "timer_id" uuid NULL,
         "timer_reminder_id" uuid NULL,
         "language" character varying NULL DEFAULT 'english',
         "result_status" character varying NULL DEFAULT 'pending',
         "chime_status" character varying NULL DEFAULT 'pending',
         "is_test" boolean NULL,
         PRIMARY KEY ("id")
       );
    -> CREATE INDEX "session_organization_id" ON "sessions" ("organization_id");
    -> CREATE INDEX "session_owner_id" ON "sessions" ("owner_id");
    -> CREATE INDEX "session_result_status" ON "sessions" ("result_status");
    -> CREATE INDEX "session_sim_id_organization_id_status" ON "sessions" ("sim_id", "organization_id", "status");
    -> CREATE INDEX "session_status" ON "sessions" ("status");
    -> CREATE INDEX "session_tenant_id" ON "sessions" ("tenant_id");
    -> CREATE INDEX "session_timer_id" ON "sessions" ("timer_id");
    -> CREATE INDEX "session_timer_reminder_id" ON "sessions" ("timer_reminder_id");
    -> CREATE UNIQUE INDEX "sessions_token_key" ON "sessions" ("token");
    -> CREATE TABLE "interview_aggregated_reports" (
         "id" uuid NOT NULL DEFAULT gen_random_uuid(),
         "created_at" timestamptz NOT NULL DEFAULT now(),
         "updated_at" timestamptz NOT NULL DEFAULT now(),
         "sim_id" uuid NOT NULL,
         "organization_id" uuid NOT NULL,
         "report" jsonb NOT NULL,
         "session_count" bigint NOT NULL DEFAULT 0,
         "last_session_id" uuid NULL,
         "agent_model" character varying NULL,
         PRIMARY KEY ("id")
       );
    -> CREATE INDEX "interviewaggregatedreport_organization_id" ON "interview_aggregated_reports" ("organization_id");
    -> CREATE UNIQUE INDEX "interviewaggregatedreport_sim_id_organization_id" ON "interview_aggregated_reports" ("sim_id", "organization_id");
    -> CREATE TABLE "actors" (
         "id" uuid NOT NULL DEFAULT gen_random_uuid(),
         "user_id" uuid NULL,
         "username" character varying NOT NULL,
         "alias" character varying NOT NULL,
         "role_key" character varying NOT NULL,
         "stakeholder" boolean NOT NULL DEFAULT false,
         "session_id" uuid NOT NULL,
         PRIMARY KEY ("id"),
         CONSTRAINT "actors_sessions_session" FOREIGN KEY ("session_id") REFERENCES "sessions" ("id") ON UPDATE NO ACTION ON DELETE CASCADE
       );
    -> CREATE INDEX "actor_session_id" ON "actors" ("session_id");
    -> CREATE UNIQUE INDEX "actor_user_id_session_id" ON "actors" ("user_id", "session_id");
    -> CREATE UNIQUE INDEX "actor_username_session_id" ON "actors" ("username", "session_id");
    -> CREATE TABLE "interactions" (
         "id" uuid NOT NULL DEFAULT gen_random_uuid(),
         "timestamp" timestamptz NOT NULL,
         "action_type" character varying NOT NULL,
         "action_payload" jsonb NOT NULL,
         "session_id" uuid NOT NULL,
         "target_id" uuid NOT NULL,
         "source_id" uuid NOT NULL,
         PRIMARY KEY ("id"),
         CONSTRAINT "interactions_actors_source" FOREIGN KEY ("source_id") REFERENCES "actors" ("id") ON UPDATE NO ACTION ON DELETE NO ACTION,
         CONSTRAINT "interactions_actors_target" FOREIGN KEY ("target_id") REFERENCES "actors" ("id") ON UPDATE NO ACTION ON DELETE NO ACTION,
         CONSTRAINT "interactions_sessions_session" FOREIGN KEY ("session_id") REFERENCES "sessions" ("id") ON UPDATE NO ACTION ON DELETE CASCADE,
         CONSTRAINT "interaction_source_target_must_be_different_check" CHECK (source_id <> target_id)
       );
    -> CREATE INDEX "interaction_session_id_timestamp" ON "interactions" ("session_id", "timestamp");
    -> CREATE INDEX "interaction_session_id_timestamp_source_id_target_id" ON "interactions" ("session_id", "timestamp", "source_id", "target_id");
    -> CREATE TABLE "activity_events" (
         "id" uuid NOT NULL DEFAULT gen_random_uuid(),
         "user_id" uuid NOT NULL,
         "timestamp" timestamptz NOT NULL DEFAULT now(),
         "event_type" character varying NOT NULL,
         "payload" character varying NOT NULL,
         "device_id" character varying NOT NULL,
         "browser" character varying NULL,
         "session_id" uuid NOT NULL,
         "interaction_id" uuid NULL,
         PRIMARY KEY ("id"),
         CONSTRAINT "activity_events_interactions_interaction" FOREIGN KEY ("interaction_id") REFERENCES "interactions" ("id") ON UPDATE NO ACTION ON DELETE SET NULL,
         CONSTRAINT "activity_events_sessions_session" FOREIGN KEY ("session_id") REFERENCES "sessions" ("id") ON UPDATE NO ACTION ON DELETE CASCADE
       );
    -> CREATE INDEX "activityevent_event_type" ON "activity_events" ("event_type");
    -> CREATE INDEX "activityevent_session_id" ON "activity_events" ("session_id");
    -> CREATE UNIQUE INDEX "activityevent_session_id_event_type_timestamp" ON "activity_events" ("session_id", "event_type", "timestamp");
    -> CREATE INDEX "activityevent_user_id_session_id" ON "activity_events" ("user_id", "session_id");
    -> CREATE TABLE "ai_interactions" (
         "id" uuid NOT NULL DEFAULT gen_random_uuid(),
         "timestamp" timestamptz NOT NULL,
         "message" character varying NOT NULL,
         "model" character varying NOT NULL DEFAULT 'gpt5',
         "is_from_ai" boolean NOT NULL DEFAULT false,
         "metadata" jsonb NOT NULL,
         "session_id" uuid NOT NULL,
         PRIMARY KEY ("id"),
         CONSTRAINT "ai_interactions_sessions_session" FOREIGN KEY ("session_id") REFERENCES "sessions" ("id") ON UPDATE NO ACTION ON DELETE CASCADE
       );
    -> CREATE INDEX "aiinteraction_session_id_timestamp" ON "ai_interactions" ("session_id", "timestamp");
    -> CREATE TABLE "anticheat_results" (
         "id" uuid NOT NULL DEFAULT gen_random_uuid(),
         "created_at" timestamptz NOT NULL DEFAULT now(),
         "updated_at" timestamptz NOT NULL DEFAULT now(),
         "score" double precision NOT NULL DEFAULT 0,
         "summary" character varying NOT NULL,
         "tagline" character varying NOT NULL,
         "evidences" jsonb NOT NULL,
         "session_id" uuid NOT NULL,
         PRIMARY KEY ("id"),
         CONSTRAINT "anticheat_results_sessions_session" FOREIGN KEY ("session_id") REFERENCES "sessions" ("id") ON UPDATE NO ACTION ON DELETE CASCADE
       );
    -> CREATE UNIQUE INDEX "anticheatresult_session_id" ON "anticheat_results" ("session_id");
    -> CREATE TABLE "anticheat_evidences" (
         "id" uuid NOT NULL DEFAULT gen_random_uuid(),
         "created_at" timestamptz NOT NULL DEFAULT now(),
         "updated_at" timestamptz NOT NULL DEFAULT now(),
         "evidence_type" character varying NOT NULL,
         "score" double precision NOT NULL DEFAULT 0,
         "reason" character varying NOT NULL DEFAULT '',
         "evidence" character varying NULL,
         "goal" character varying NULL,
         "result_id" uuid NOT NULL,
         PRIMARY KEY ("id"),
         CONSTRAINT "anticheat_evidences_anticheat_results_result" FOREIGN KEY ("result_id") REFERENCES "anticheat_results" ("id") ON UPDATE NO ACTION ON DELETE CASCADE
       );
    -> CREATE TABLE "chime_recordings" (
         "id" uuid NOT NULL DEFAULT gen_random_uuid(),
         "created_at" timestamptz NOT NULL DEFAULT now(),
         "updated_at" timestamptz NOT NULL DEFAULT now(),
         "meeting_id" character varying NOT NULL,
         "attendee_id" character varying NOT NULL,
         "media_pipeline_id" character varying NOT NULL,
         "bunny_video_id" character varying NULL,
         "session_id" uuid NOT NULL,
         PRIMARY KEY ("id"),
         CONSTRAINT "chime_recordings_sessions_session" FOREIGN KEY ("session_id") REFERENCES "sessions" ("id") ON UPDATE NO ACTION ON DELETE CASCADE
       );
    -> CREATE UNIQUE INDEX "chime_recordings_attendee_id_key" ON "chime_recordings" ("attendee_id");
    -> CREATE UNIQUE INDEX "chime_recordings_media_pipeline_id_key" ON "chime_recordings" ("media_pipeline_id");
    -> CREATE UNIQUE INDEX "chime_recordings_meeting_id_key" ON "chime_recordings" ("meeting_id");
    -> CREATE UNIQUE INDEX "chimerecording_bunny_video_id" ON "chime_recordings" ("bunny_video_id");
    -> CREATE UNIQUE INDEX "chimerecording_meeting_id" ON "chime_recordings" ("meeting_id");
    -> CREATE UNIQUE INDEX "chimerecording_meeting_id_session_id" ON "chime_recordings" ("meeting_id", "session_id");
    -> CREATE UNIQUE INDEX "chimerecording_session_id" ON "chime_recordings" ("session_id");
    -> CREATE TABLE "code_submissions" (
         "id" uuid NOT NULL DEFAULT gen_random_uuid(),
         "created_at" timestamptz NOT NULL DEFAULT now(),
         "updated_at" timestamptz NOT NULL DEFAULT now(),
         "status" character varying NOT NULL DEFAULT 'pending',
         "token" uuid NOT NULL,
         "runtime" character varying NOT NULL,
         "source_code" character varying NOT NULL,
         "stdin" character varying NULL,
         "language_id" bigint NULL,
         "stdout" character varying NULL,
         "time" double precision NULL,
         "memory" bigint NULL,
         "stderr" character varying NULL,
         "compile_output" character varying NULL,
         "message" character varying NULL,
         "test_token" uuid NULL,
         "is_test" boolean NOT NULL DEFAULT false,
         "session_id" uuid NOT NULL,
         PRIMARY KEY ("id"),
         CONSTRAINT "code_submissions_sessions_session" FOREIGN KEY ("session_id") REFERENCES "sessions" ("id") ON UPDATE NO ACTION ON DELETE CASCADE
       );
    -> CREATE UNIQUE INDEX "code_submissions_token_key" ON "code_submissions" ("token");
    -> CREATE UNIQUE INDEX "codesubmission_token" ON "code_submissions" ("token");
    -> CREATE UNIQUE INDEX "codesubmission_token_session_id" ON "code_submissions" ("token", "session_id");
    -> CREATE TABLE "collaborative_assets" (
         "id" uuid NOT NULL DEFAULT gen_random_uuid(),
         "created_at" timestamptz NOT NULL DEFAULT now(),
         "updated_at" timestamptz NOT NULL DEFAULT now(),
         "owner_id" uuid NOT NULL,
         "asset_id" uuid NOT NULL,
         "runtime" character varying NOT NULL,
         "content" text NOT NULL,
         "original_content" text NULL,
         "file_key" text NULL,
         "is_test" boolean NOT NULL DEFAULT false,
         "run_instructions" character varying NULL,
         "session_id" uuid NOT NULL,
         PRIMARY KEY ("id"),
         CONSTRAINT "collaborative_assets_sessions_session" FOREIGN KEY ("session_id") REFERENCES "sessions" ("id") ON UPDATE NO ACTION ON DELETE CASCADE
       );
    -> CREATE INDEX "collaborativeasset_session_id_owner_id" ON "collaborative_assets" ("session_id", "owner_id");
    -> CREATE INDEX "collaborativeasset_session_id_owner_id_asset_id" ON "collaborative_assets" ("session_id", "owner_id", "asset_id");
    -> CREATE TABLE "conversation_extractions" (
         "id" uuid NOT NULL DEFAULT gen_random_uuid(),
         "created_at" timestamptz NOT NULL DEFAULT now(),
         "updated_at" timestamptz NOT NULL DEFAULT now(),
         "text_count" bigint NOT NULL DEFAULT 0,
         "audio_count" bigint NOT NULL DEFAULT 0,
         "text_interactions" jsonb NOT NULL,
         "audio_interactions" jsonb NOT NULL,
         "final_clip_id" uuid NULL,
         "final_clip_duration" bigint NULL,
         "session_id" uuid NOT NULL,
         PRIMARY KEY ("id"),
         CONSTRAINT "conversation_extractions_sessions_session" FOREIGN KEY ("session_id") REFERENCES "sessions" ("id") ON UPDATE NO ACTION ON DELETE CASCADE
       );
    -> CREATE UNIQUE INDEX "conversationextraction_session_id" ON "conversation_extractions" ("session_id");
    -> CREATE TABLE "interview_extraction_results" (
         "id" uuid NOT NULL DEFAULT gen_random_uuid(),
         "created_at" timestamptz NOT NULL DEFAULT now(),
         "updated_at" timestamptz NOT NULL DEFAULT now(),
         "user_report" jsonb NOT NULL,
         "manager_report" jsonb NOT NULL,
         "summary" jsonb NULL,
         "session_id" uuid NOT NULL,
         PRIMARY KEY ("id"),
         CONSTRAINT "interview_extraction_results_sessions_session" FOREIGN KEY ("session_id") REFERENCES "sessions" ("id") ON UPDATE NO ACTION ON DELETE CASCADE
       );
    -> CREATE UNIQUE INDEX "interviewextractionresult_session_id" ON "interview_extraction_results" ("session_id");
    -> CREATE TABLE "realtime_calls" (
         "id" uuid NOT NULL DEFAULT gen_random_uuid(),
         "created_at" timestamptz NOT NULL DEFAULT now(),
         "updated_at" timestamptz NOT NULL DEFAULT now(),
         "status" character varying NOT NULL DEFAULT 'active',
         "ephimeral_token" character varying NOT NULL,
         "call_id" character varying NULL,
         "max_allowed_call_duration" bigint NULL,
         "started_at" timestamptz NULL,
         "completed_at" timestamptz NULL,
         "first_message" character varying NULL,
         "session_id" uuid NOT NULL,
         PRIMARY KEY ("id"),
         CONSTRAINT "realtime_calls_sessions_session" FOREIGN KEY ("session_id") REFERENCES "sessions" ("id") ON UPDATE NO ACTION ON DELETE CASCADE
       );
    -> CREATE INDEX "realtimecall_ephimeral_token" ON "realtime_calls" ("ephimeral_token");
    -> CREATE INDEX "realtimecall_session_id" ON "realtime_calls" ("session_id");
    -> CREATE UNIQUE INDEX "realtimecall_session_id_ephimeral_token" ON "realtime_calls" ("session_id", "ephimeral_token");
    -> CREATE TABLE "recordings" (
         "id" uuid NOT NULL DEFAULT gen_random_uuid(),
         "created_at" timestamptz NOT NULL DEFAULT now(),
         "updated_at" timestamptz NOT NULL DEFAULT now(),
         "recording_id" uuid NOT NULL,
         "session_id" uuid NOT NULL,
         PRIMARY KEY ("id"),
         CONSTRAINT "recordings_sessions_session" FOREIGN KEY ("session_id") REFERENCES "sessions" ("id") ON UPDATE NO ACTION ON DELETE CASCADE
       );
    -> CREATE UNIQUE INDEX "recording_session_id" ON "recordings" ("session_id");
    -> CREATE TABLE "task_checks" (
         "id" uuid NOT NULL DEFAULT gen_random_uuid(),
         "created_at" timestamptz NOT NULL DEFAULT now(),
         "updated_at" timestamptz NOT NULL DEFAULT now(),
         "task_id" uuid NOT NULL,
         "task_check_id" uuid NOT NULL,
         "success" boolean NOT NULL DEFAULT false,
         "progress" bigint NOT NULL DEFAULT 0,
         "started_at" timestamptz NULL,
         "completed_at" timestamptz NULL,
         "user_notified" boolean NOT NULL DEFAULT false,
         "session_id" uuid NOT NULL,
         PRIMARY KEY ("id"),
         CONSTRAINT "task_checks_sessions_session" FOREIGN KEY ("session_id") REFERENCES "sessions" ("id") ON UPDATE NO ACTION ON DELETE CASCADE
       );
    -> CREATE TABLE "task_sub_checks" (
         "id" uuid NOT NULL DEFAULT gen_random_uuid(),
         "created_at" timestamptz NOT NULL DEFAULT now(),
         "updated_at" timestamptz NOT NULL DEFAULT now(),
         "sub_check_id" uuid NOT NULL,
         "success" boolean NOT NULL DEFAULT false,
         "task_check_id" uuid NOT NULL,
         PRIMARY KEY ("id"),
         CONSTRAINT "task_sub_checks_task_checks_task_check" FOREIGN KEY ("task_check_id") REFERENCES "task_checks" ("id") ON UPDATE NO ACTION ON DELETE CASCADE
       );
    -> CREATE TABLE "validation_attempt_results" (
         "id" uuid NOT NULL DEFAULT gen_random_uuid(),
         "created_at" timestamptz NOT NULL DEFAULT now(),
         "updated_at" timestamptz NOT NULL DEFAULT now(),
         "timestamp_reference" timestamptz NOT NULL,
         "acceptance_status" character varying NOT NULL DEFAULT 'pending',
         "evaluation_status" character varying NOT NULL DEFAULT 'pending',
         "success_threshold" real NOT NULL,
         "score" real NULL,
         "quick_summary" character varying NULL,
         "explanation_summary" character varying NOT NULL DEFAULT '',
         "personal_explanation_summary" character varying NOT NULL DEFAULT '',
         "session_id" uuid NOT NULL,
         PRIMARY KEY ("id"),
         CONSTRAINT "validation_attempt_results_sessions_session" FOREIGN KEY ("session_id") REFERENCES "sessions" ("id") ON UPDATE NO ACTION ON DELETE CASCADE
       );
    -> CREATE UNIQUE INDEX "validationattemptresult_session_id" ON "validation_attempt_results" ("session_id") WHERE ((evaluation_status)::text <> 'skipped'::text);
    -> CREATE TABLE "validation_attempt_skill_results" (
         "id" uuid NOT NULL DEFAULT gen_random_uuid(),
         "created_at" timestamptz NOT NULL DEFAULT now(),
         "updated_at" timestamptz NOT NULL DEFAULT now(),
         "skill" character varying NOT NULL,
         "is_qualitative" boolean NOT NULL DEFAULT false,
         "score" real NULL,
         "competency_level_score" real NULL,
         "quick_summary" character varying NULL,
         "strengths_feedback" character varying NULL,
         "weaknesses_feedback" character varying NULL,
         "personal_strengths_feedback" character varying NULL,
         "personal_weaknesses_feedback" character varying NULL,
         "status" character varying NOT NULL DEFAULT 'pending',
         "validation_attempt_result_id" uuid NOT NULL,
         PRIMARY KEY ("id"),
         CONSTRAINT "validation_attempt_skill_results_validation_attempt_results_val" FOREIGN KEY ("validation_attempt_result_id") REFERENCES "validation_attempt_results" ("id") ON UPDATE NO ACTION ON DELETE CASCADE
       );
    -> CREATE UNIQUE INDEX "validationattemptskillresult_skill_validation_attempt_result_id" ON "validation_attempt_skill_results" ("skill", "validation_attempt_result_id");
    -> CREATE TABLE "validation_criterion_results" (
         "id" uuid NOT NULL DEFAULT gen_random_uuid(),
         "created_at" timestamptz NOT NULL DEFAULT now(),
         "updated_at" timestamptz NOT NULL DEFAULT now(),
         "criterion_id" uuid NOT NULL,
         "criterion_index" bigint NOT NULL,
         "status" character varying NOT NULL DEFAULT 'pending',
         "type" character varying NOT NULL DEFAULT 'acceptance',
         "title" character varying NOT NULL,
         "skills" jsonb NOT NULL,
         "success_threshold" real NOT NULL,
         "input_format" character varying NOT NULL,
         "input_data" jsonb NULL,
         "score" real NULL,
         "quick_summary" character varying NULL,
         "explanation_summary" character varying NULL,
         "personal_explanation_summary" character varying NULL,
         "strengths_feedback" character varying NULL,
         "weaknesses_feedback" character varying NULL,
         "personal_strengths_feedback" character varying NULL,
         "personal_weaknesses_feedback" character varying NULL,
         "validation_attempt_result_id" uuid NOT NULL,
         "validation_attempt_skill_result_id" uuid NULL,
         PRIMARY KEY ("id"),
         CONSTRAINT "validation_criterion_results_validation_attempt_results_validat" FOREIGN KEY ("validation_attempt_result_id") REFERENCES "validation_attempt_results" ("id") ON UPDATE NO ACTION ON DELETE CASCADE,
         CONSTRAINT "validation_criterion_results_validation_attempt_skill_results_v" FOREIGN KEY ("validation_attempt_skill_result_id") REFERENCES "validation_attempt_skill_results" ("id") ON UPDATE NO ACTION ON DELETE CASCADE
       );
    -> CREATE UNIQUE INDEX "validationcriterionresult_criterion_id_validation_attempt_resul" ON "validation_criterion_results" ("criterion_id", "validation_attempt_result_id");
    -> CREATE TABLE "validation_check_results" (
         "id" uuid NOT NULL DEFAULT gen_random_uuid(),
         "created_at" timestamptz NOT NULL DEFAULT now(),
         "updated_at" timestamptz NOT NULL DEFAULT now(),
         "check_id" uuid NOT NULL,
         "engine" character varying NOT NULL,
         "parameters" jsonb NOT NULL,
         "success" boolean NOT NULL,
         "feedback" character varying NOT NULL,
         "essential" boolean NOT NULL DEFAULT false,
         "validation_criterion_result_id" uuid NOT NULL,
         PRIMARY KEY ("id"),
         CONSTRAINT "validation_check_results_validation_criterion_results_validatio" FOREIGN KEY ("validation_criterion_result_id") REFERENCES "validation_criterion_results" ("id") ON UPDATE NO ACTION ON DELETE CASCADE
       );
    -> CREATE TABLE "validation_results" (
         "id" uuid NOT NULL DEFAULT gen_random_uuid(),
         "created_at" timestamptz NOT NULL DEFAULT now(),
         "updated_at" timestamptz NOT NULL DEFAULT now(),
         "body" character varying NOT NULL,
         "acceptance_status" character varying NOT NULL DEFAULT 'pending',
         "acceptance_result" jsonb NULL,
         "evaluation_status" character varying NOT NULL DEFAULT 'pending',
         "evaluation_result" jsonb NULL,
         "session_id" uuid NOT NULL,
         "interaction_id" uuid NOT NULL,
         "actor_id" uuid NOT NULL,
         PRIMARY KEY ("id"),
         CONSTRAINT "validation_results_actors_actor" FOREIGN KEY ("actor_id") REFERENCES "actors" ("id") ON UPDATE NO ACTION ON DELETE NO ACTION,
         CONSTRAINT "validation_results_interactions_interaction" FOREIGN KEY ("interaction_id") REFERENCES "interactions" ("id") ON UPDATE NO ACTION ON DELETE NO ACTION,
         CONSTRAINT "validation_results_sessions_session" FOREIGN KEY ("session_id") REFERENCES "sessions" ("id") ON UPDATE NO ACTION ON DELETE CASCADE
       );
    -> CREATE TABLE "validation_test_runs" (
         "id" uuid NOT NULL DEFAULT gen_random_uuid(),
         "created_at" timestamptz NOT NULL DEFAULT now(),
         "updated_at" timestamptz NOT NULL DEFAULT now(),
         "run_id" uuid NOT NULL,
         "run" bigint NOT NULL,
         "run_count" bigint NOT NULL DEFAULT 1,
         "score" real NOT NULL DEFAULT 0,
         "duration" double precision NOT NULL DEFAULT 0,
         "session_id" uuid NOT NULL,
         PRIMARY KEY ("id"),
         CONSTRAINT "validation_test_runs_sessions_session" FOREIGN KEY ("session_id") REFERENCES "sessions" ("id") ON UPDATE NO ACTION ON DELETE CASCADE
       );
    -> CREATE INDEX "validationtestrun_session_id" ON "validation_test_runs" ("session_id");
  -- ok (112.072417ms)

  -- migrating version 20260722104506
    -> CREATE TABLE "job_simulation_sessions" (
         "id" uuid NOT NULL DEFAULT gen_random_uuid(),
         "created_at" timestamptz NOT NULL DEFAULT now(),
         "updated_at" timestamptz NOT NULL DEFAULT now(),
         "owner_id" uuid NOT NULL,
         "sim_id" uuid NOT NULL,
         "organization_id" uuid NULL,
         "tenant_id" uuid NULL,
         "sim_type" character varying NOT NULL,
         "status" character varying NOT NULL DEFAULT 'pending',
         "completion_status" character varying NOT NULL DEFAULT 'pending',
         "token" character varying NOT NULL,
         "started_at" timestamptz NULL,
         "ended_at" timestamptz NULL,
         "interactions_progress" bigint NOT NULL DEFAULT 0,
         "score" real NOT NULL DEFAULT 0,
         "validation_version" bigint NOT NULL DEFAULT 2,
         "scheduled_timeout" timestamptz NULL,
         "timer_id" uuid NULL,
         "timer_reminder_id" uuid NULL,
         "language" character varying NULL DEFAULT 'english',
         "result_status" character varying NULL DEFAULT 'pending',
         "chime_status" character varying NULL DEFAULT 'pending',
         "is_test" boolean NULL,
         PRIMARY KEY ("id")
       );
    -> CREATE UNIQUE INDEX "job_simulation_sessions_token_key" ON "job_simulation_sessions" ("token");
    -> CREATE INDEX "jobsimulationsession_organization_id" ON "job_simulation_sessions" ("organization_id");
    -> CREATE INDEX "jobsimulationsession_owner_id" ON "job_simulation_sessions" ("owner_id");
    -> CREATE INDEX "jobsimulationsession_result_status" ON "job_simulation_sessions" ("result_status");
    -> CREATE INDEX "jobsimulationsession_sim_id_organization_id_status" ON "job_simulation_sessions" ("sim_id", "organization_id", "status");
    -> CREATE INDEX "jobsimulationsession_status" ON "job_simulation_sessions" ("status");
    -> CREATE INDEX "jobsimulationsession_tenant_id" ON "job_simulation_sessions" ("tenant_id");
    -> CREATE INDEX "jobsimulationsession_timer_id" ON "job_simulation_sessions" ("timer_id");
    -> CREATE INDEX "jobsimulationsession_timer_reminder_id" ON "job_simulation_sessions" ("timer_reminder_id");
    -> ALTER TABLE "activity_events" DROP CONSTRAINT "activity_events_sessions_session", ADD CONSTRAINT "activity_events_job_simulation_sessions_session" FOREIGN KEY ("session_id") REFERENCES "job_simulation_sessions" ("id") ON UPDATE NO ACTION ON DELETE CASCADE;
    -> ALTER TABLE "actors" DROP CONSTRAINT "actors_sessions_session", ADD CONSTRAINT "actors_job_simulation_sessions_session" FOREIGN KEY ("session_id") REFERENCES "job_simulation_sessions" ("id") ON UPDATE NO ACTION ON DELETE CASCADE;
    -> ALTER TABLE "ai_interactions" DROP CONSTRAINT "ai_interactions_sessions_session", ADD CONSTRAINT "ai_interactions_job_simulation_sessions_session" FOREIGN KEY ("session_id") REFERENCES "job_simulation_sessions" ("id") ON UPDATE NO ACTION ON DELETE CASCADE;
    -> ALTER TABLE "anticheat_results" DROP CONSTRAINT "anticheat_results_sessions_session", ADD CONSTRAINT "anticheat_results_job_simulation_sessions_session" FOREIGN KEY ("session_id") REFERENCES "job_simulation_sessions" ("id") ON UPDATE NO ACTION ON DELETE CASCADE;
    -> ALTER TABLE "chime_recordings" DROP CONSTRAINT "chime_recordings_sessions_session", ADD CONSTRAINT "chime_recordings_job_simulation_sessions_session" FOREIGN KEY ("session_id") REFERENCES "job_simulation_sessions" ("id") ON UPDATE NO ACTION ON DELETE CASCADE;
    -> ALTER TABLE "code_submissions" DROP CONSTRAINT "code_submissions_sessions_session", ADD CONSTRAINT "code_submissions_job_simulation_sessions_session" FOREIGN KEY ("session_id") REFERENCES "job_simulation_sessions" ("id") ON UPDATE NO ACTION ON DELETE CASCADE;
    -> ALTER TABLE "collaborative_assets" DROP CONSTRAINT "collaborative_assets_sessions_session", ADD CONSTRAINT "collaborative_assets_job_simulation_sessions_session" FOREIGN KEY ("session_id") REFERENCES "job_simulation_sessions" ("id") ON UPDATE NO ACTION ON DELETE CASCADE;
    -> ALTER TABLE "conversation_extractions" DROP CONSTRAINT "conversation_extractions_sessions_session", ADD CONSTRAINT "conversation_extractions_job_simulation_sessions_session" FOREIGN KEY ("session_id") REFERENCES "job_simulation_sessions" ("id") ON UPDATE NO ACTION ON DELETE CASCADE;
    -> ALTER TABLE "interactions" DROP CONSTRAINT "interactions_sessions_session", ADD CONSTRAINT "interactions_job_simulation_sessions_session" FOREIGN KEY ("session_id") REFERENCES "job_simulation_sessions" ("id") ON UPDATE NO ACTION ON DELETE CASCADE;
    -> ALTER TABLE "interview_extraction_results" DROP CONSTRAINT "interview_extraction_results_sessions_session", ADD CONSTRAINT "interview_extraction_results_job_simulation_sessions_session" FOREIGN KEY ("session_id") REFERENCES "job_simulation_sessions" ("id") ON UPDATE NO ACTION ON DELETE CASCADE;
    -> ALTER TABLE "realtime_calls" DROP CONSTRAINT "realtime_calls_sessions_session", ADD CONSTRAINT "realtime_calls_job_simulation_sessions_session" FOREIGN KEY ("session_id") REFERENCES "job_simulation_sessions" ("id") ON UPDATE NO ACTION ON DELETE CASCADE;
    -> ALTER TABLE "recordings" DROP CONSTRAINT "recordings_sessions_session", ADD CONSTRAINT "recordings_job_simulation_sessions_session" FOREIGN KEY ("session_id") REFERENCES "job_simulation_sessions" ("id") ON UPDATE NO ACTION ON DELETE CASCADE;
    -> ALTER TABLE "task_checks" DROP CONSTRAINT "task_checks_sessions_session", ADD CONSTRAINT "task_checks_job_simulation_sessions_session" FOREIGN KEY ("session_id") REFERENCES "job_simulation_sessions" ("id") ON UPDATE NO ACTION ON DELETE CASCADE;
    -> ALTER TABLE "validation_attempt_results" DROP CONSTRAINT "validation_attempt_results_sessions_session", ADD CONSTRAINT "validation_attempt_results_job_simulation_sessions_session" FOREIGN KEY ("session_id") REFERENCES "job_simulation_sessions" ("id") ON UPDATE NO ACTION ON DELETE CASCADE;
    -> ALTER TABLE "validation_results" DROP CONSTRAINT "validation_results_sessions_session", ADD CONSTRAINT "validation_results_job_simulation_sessions_session" FOREIGN KEY ("session_id") REFERENCES "job_simulation_sessions" ("id") ON UPDATE NO ACTION ON DELETE CASCADE;
    -> ALTER TABLE "validation_test_runs" DROP CONSTRAINT "validation_test_runs_sessions_session", ADD CONSTRAINT "validation_test_runs_job_simulation_sessions_session" FOREIGN KEY ("session_id") REFERENCES "job_simulation_sessions" ("id") ON UPDATE NO ACTION ON DELETE CASCADE;
    -> DROP TABLE "sessions";
  -- ok (35.383459ms)

  -- migrating version 20260722115432
    -> ALTER TABLE "course_builder_sessions" ADD COLUMN "steering_instructions" bytea NULL;
  -- ok (951.625µs)

  -- migrating version 20260722160000
    -> ALTER TABLE "ai_readiness_cycles" ADD COLUMN "launched_by" uuid NULL;
    -> CREATE TABLE "ai_readiness_notification_logs" (
         "id" uuid NOT NULL DEFAULT gen_random_uuid(),
         "created_at" timestamptz NOT NULL DEFAULT now(),
         "notification_kind" character varying NOT NULL,
         "reminder_slot" bigint NULL,
         "sent_at" timestamptz NOT NULL,
         "organization_id" uuid NOT NULL,
         "cycle_id" uuid NOT NULL,
         "user_id" uuid NOT NULL,
         PRIMARY KEY ("id"),
         CONSTRAINT "ai_readiness_notification_logs_ai_readiness_cycles_cycle" FOREIGN KEY ("cycle_id") REFERENCES "ai_readiness_cycles" ("id") ON UPDATE NO ACTION ON DELETE CASCADE,
         CONSTRAINT "ai_readiness_notification_logs_organizations_organization" FOREIGN KEY ("organization_id") REFERENCES "organizations" ("id") ON UPDATE NO ACTION ON DELETE CASCADE,
         CONSTRAINT "ai_readiness_notification_logs_users_user" FOREIGN KEY ("user_id") REFERENCES "users" ("id") ON UPDATE NO ACTION ON DELETE CASCADE
       );
    -> CREATE UNIQUE INDEX "aireadinessnotificationlog_cycle_id_user_id_notification_kind" ON "ai_readiness_notification_logs" ("cycle_id", "user_id", "notification_kind") WHERE (reminder_slot IS NULL);
    -> CREATE UNIQUE INDEX "aireadinessnotificationlog_cycle_id_user_id_notification_kind_r" ON "ai_readiness_notification_logs" ("cycle_id", "user_id", "notification_kind", "reminder_slot");
    -> CREATE INDEX "aireadinessnotificationlog_cycle_id_user_id_sent_at" ON "ai_readiness_notification_logs" ("cycle_id", "user_id", "sent_at" DESC);
    -> CREATE TABLE "ai_readiness_notification_optouts" (
         "id" uuid NOT NULL DEFAULT gen_random_uuid(),
         "created_at" timestamptz NOT NULL DEFAULT now(),
         "opted_out_at" timestamptz NOT NULL,
         "organization_id" uuid NOT NULL,
         "cycle_id" uuid NOT NULL,
         "user_id" uuid NOT NULL,
         PRIMARY KEY ("id"),
         CONSTRAINT "ai_readiness_notification_optouts_ai_readiness_cycles_cycle" FOREIGN KEY ("cycle_id") REFERENCES "ai_readiness_cycles" ("id") ON UPDATE NO ACTION ON DELETE CASCADE,
         CONSTRAINT "ai_readiness_notification_optouts_organizations_organization" FOREIGN KEY ("organization_id") REFERENCES "organizations" ("id") ON UPDATE NO ACTION ON DELETE CASCADE,
         CONSTRAINT "ai_readiness_notification_optouts_users_user" FOREIGN KEY ("user_id") REFERENCES "users" ("id") ON UPDATE NO ACTION ON DELETE CASCADE
       );
    -> CREATE INDEX "aireadinessnotificationoptout_cycle_id" ON "ai_readiness_notification_optouts" ("cycle_id");
    -> CREATE UNIQUE INDEX "aireadinessnotificationoptout_cycle_id_user_id" ON "ai_readiness_notification_optouts" ("cycle_id", "user_id");
  -- ok (10.829625ms)

  -- migrating version 20260722160100
    -> CREATE TABLE "ai_readiness_email_overrides" (
         "id" uuid NOT NULL DEFAULT gen_random_uuid(),
         "created_at" timestamptz NOT NULL DEFAULT now(),
         "updated_at" timestamptz NOT NULL DEFAULT now(),
         "email_type" character varying NOT NULL,
         "subject" text NOT NULL DEFAULT '',
         "body" text NOT NULL DEFAULT '',
         "updated_by" uuid NULL,
         "organization_id" uuid NOT NULL,
         PRIMARY KEY ("id"),
         CONSTRAINT "ai_readiness_email_overrides_organizations_organization" FOREIGN KEY ("organization_id") REFERENCES "organizations" ("id") ON UPDATE NO ACTION ON DELETE CASCADE
       );
    -> CREATE UNIQUE INDEX "aireadinessemailoverride_organization_id_email_type" ON "ai_readiness_email_overrides" ("organization_id", "email_type");
  -- ok (3.885667ms)

  -- migrating version 20260722160101
    -> CREATE TABLE "assignment_plans" (
         "id" uuid NOT NULL DEFAULT gen_random_uuid(),
         "created_at" timestamptz NOT NULL DEFAULT now(),
         "updated_at" timestamptz NOT NULL DEFAULT now(),
         "name" character varying NOT NULL,
         "description" character varying NULL,
         "status" character varying NOT NULL DEFAULT 'draft',
         "ai_drafted" boolean NOT NULL DEFAULT false,
         "rationale" character varying NULL,
         "composer_state" text NULL,
         "open_enrollment" boolean NOT NULL DEFAULT false,
         "scheduled_at" timestamptz NULL,
         "organization_id" uuid NOT NULL,
         "created_by_membership_id" uuid NOT NULL,
         PRIMARY KEY ("id"),
         CONSTRAINT "assignment_plans_memberships_created_by" FOREIGN KEY ("created_by_membership_id") REFERENCES "memberships" ("id") ON UPDATE NO ACTION ON DELETE NO ACTION,
         CONSTRAINT "assignment_plans_organizations_organization" FOREIGN KEY ("organization_id") REFERENCES "organizations" ("id") ON UPDATE NO ACTION ON DELETE NO ACTION
       );
    -> CREATE INDEX "assignmentplan_created_by_membership_id" ON "assignment_plans" ("created_by_membership_id");
    -> CREATE INDEX "assignmentplan_organization_id" ON "assignment_plans" ("organization_id");
    -> CREATE INDEX "assignmentplan_status" ON "assignment_plans" ("status");
    -> CREATE TABLE "assignment_invitation_links" (
         "id" uuid NOT NULL DEFAULT gen_random_uuid(),
         "created_at" timestamptz NOT NULL DEFAULT now(),
         "updated_at" timestamptz NOT NULL DEFAULT now(),
         "deleted_at" timestamptz NULL,
         "token" character varying NOT NULL,
         "expires_at" timestamptz NULL,
         "time_to_complete" bigint NULL,
         "options" jsonb NOT NULL,
         "reminder_count" bigint NOT NULL DEFAULT 0,
         "last_reminded_at" timestamptz NULL,
         "opted_out" boolean NOT NULL DEFAULT false,
         "candidate_email" character varying NULL,
         "simulation_id" uuid NULL,
         "plan_id" uuid NOT NULL,
         "organization_id" uuid NOT NULL,
         "created_by" uuid NULL,
         PRIMARY KEY ("id"),
         CONSTRAINT "assignment_invitation_links_assignment_plans_plan" FOREIGN KEY ("plan_id") REFERENCES "assignment_plans" ("id") ON UPDATE NO ACTION ON DELETE CASCADE,
         CONSTRAINT "assignment_invitation_links_memberships_membership" FOREIGN KEY ("created_by") REFERENCES "memberships" ("id") ON UPDATE NO ACTION ON DELETE SET NULL,
         CONSTRAINT "assignment_invitation_links_organizations_organization" FOREIGN KEY ("organization_id") REFERENCES "organizations" ("id") ON UPDATE NO ACTION ON DELETE CASCADE
       );
    -> CREATE UNIQUE INDEX "assignment_invitation_links_token_key" ON "assignment_invitation_links" ("token");
    -> CREATE INDEX "assignmentinvitationlink_organization_id" ON "assignment_invitation_links" ("organization_id");
    -> CREATE UNIQUE INDEX "assignmentinvitationlink_plan_id" ON "assignment_invitation_links" ("plan_id") WHERE (deleted_at IS NULL);
    -> CREATE TABLE "assignment_targets" (
         "id" uuid NOT NULL DEFAULT gen_random_uuid(),
         "created_at" timestamptz NOT NULL DEFAULT now(),
         "updated_at" timestamptz NOT NULL DEFAULT now(),
         "kind" character varying NOT NULL,
         "dynamic" boolean NOT NULL DEFAULT false,
         "voice_only" boolean NULL,
         "enable_recording" boolean NULL,
         "time_to_complete" bigint NULL,
         "plan_id" uuid NOT NULL,
         "organization_id" uuid NOT NULL,
         PRIMARY KEY ("id"),
         CONSTRAINT "assignment_targets_assignment_plans_plan" FOREIGN KEY ("plan_id") REFERENCES "assignment_plans" ("id") ON UPDATE NO ACTION ON DELETE CASCADE,
         CONSTRAINT "assignment_targets_organizations_organization" FOREIGN KEY ("organization_id") REFERENCES "organizations" ("id") ON UPDATE NO ACTION ON DELETE NO ACTION
       );
    -> CREATE INDEX "assignmenttarget_kind" ON "assignment_targets" ("kind");
    -> CREATE INDEX "assignmenttarget_organization_id" ON "assignment_targets" ("organization_id");
    -> CREATE INDEX "assignmenttarget_plan_id" ON "assignment_targets" ("plan_id");
    -> CREATE TABLE "assignment_plan_enrollments" (
         "id" uuid NOT NULL DEFAULT gen_random_uuid(),
         "created_at" timestamptz NOT NULL DEFAULT now(),
         "updated_at" timestamptz NOT NULL DEFAULT now(),
         "enrolled_at" timestamptz NOT NULL DEFAULT now(),
         "exempted_at" timestamptz NULL,
         "plan_id" uuid NOT NULL,
         "organization_id" uuid NOT NULL,
         "membership_id" uuid NOT NULL,
         "source_target_id" uuid NULL,
         PRIMARY KEY ("id"),
         CONSTRAINT "assignment_plan_enrollments_assignment_plans_plan" FOREIGN KEY ("plan_id") REFERENCES "assignment_plans" ("id") ON UPDATE NO ACTION ON DELETE CASCADE,
         CONSTRAINT "assignment_plan_enrollments_assignment_targets_source_target" FOREIGN KEY ("source_target_id") REFERENCES "assignment_targets" ("id") ON UPDATE NO ACTION ON DELETE SET NULL,
         CONSTRAINT "assignment_plan_enrollments_memberships_membership" FOREIGN KEY ("membership_id") REFERENCES "memberships" ("id") ON UPDATE NO ACTION ON DELETE CASCADE,
         CONSTRAINT "assignment_plan_enrollments_organizations_organization" FOREIGN KEY ("organization_id") REFERENCES "organizations" ("id") ON UPDATE NO ACTION ON DELETE NO ACTION
       );
    -> CREATE INDEX "assignmentplanenrollment_membership_id" ON "assignment_plan_enrollments" ("membership_id");
    -> CREATE INDEX "assignmentplanenrollment_organization_id" ON "assignment_plan_enrollments" ("organization_id");
    -> CREATE UNIQUE INDEX "assignmentplanenrollment_plan_id_membership_id" ON "assignment_plan_enrollments" ("plan_id", "membership_id");
    -> CREATE TABLE "assignment_target_members" (
         "id" uuid NOT NULL DEFAULT gen_random_uuid(),
         "created_at" timestamptz NOT NULL DEFAULT now(),
         "updated_at" timestamptz NOT NULL DEFAULT now(),
         "target_id" uuid NOT NULL,
         "membership_id" uuid NOT NULL,
         "organization_id" uuid NOT NULL,
         PRIMARY KEY ("id"),
         CONSTRAINT "assignment_target_members_assignment_targets_target" FOREIGN KEY ("target_id") REFERENCES "assignment_targets" ("id") ON UPDATE NO ACTION ON DELETE CASCADE,
         CONSTRAINT "assignment_target_members_memberships_membership" FOREIGN KEY ("membership_id") REFERENCES "memberships" ("id") ON UPDATE NO ACTION ON DELETE CASCADE,
         CONSTRAINT "assignment_target_members_organizations_organization" FOREIGN KEY ("organization_id") REFERENCES "organizations" ("id") ON UPDATE NO ACTION ON DELETE NO ACTION
       );
    -> CREATE INDEX "assignmenttargetmember_organization_id" ON "assignment_target_members" ("organization_id");
    -> CREATE UNIQUE INDEX "assignmenttargetmember_target_id_membership_id" ON "assignment_target_members" ("target_id", "membership_id");
    -> CREATE TABLE "assignment_target_tags" (
         "id" uuid NOT NULL DEFAULT gen_random_uuid(),
         "created_at" timestamptz NOT NULL DEFAULT now(),
         "updated_at" timestamptz NOT NULL DEFAULT now(),
         "target_id" uuid NOT NULL,
         "tag_id" uuid NOT NULL,
         "organization_id" uuid NOT NULL,
         PRIMARY KEY ("id"),
         CONSTRAINT "assignment_target_tags_assignment_targets_target" FOREIGN KEY ("target_id") REFERENCES "assignment_targets" ("id") ON UPDATE NO ACTION ON DELETE CASCADE,
         CONSTRAINT "assignment_target_tags_organizations_organization" FOREIGN KEY ("organization_id") REFERENCES "organizations" ("id") ON UPDATE NO ACTION ON DELETE NO ACTION,
         CONSTRAINT "assignment_target_tags_tags_tag" FOREIGN KEY ("tag_id") REFERENCES "tags" ("id") ON UPDATE NO ACTION ON DELETE CASCADE
       );
    -> CREATE INDEX "assignmenttargettag_organization_id" ON "assignment_target_tags" ("organization_id");
    -> CREATE UNIQUE INDEX "assignmenttargettag_target_id_tag_id" ON "assignment_target_tags" ("target_id", "tag_id");
    -> CREATE TABLE "assignment_cycles" (
         "id" uuid NOT NULL DEFAULT gen_random_uuid(),
         "created_at" timestamptz NOT NULL DEFAULT now(),
         "updated_at" timestamptz NOT NULL DEFAULT now(),
         "position" bigint NOT NULL DEFAULT 0,
         "ordered" boolean NOT NULL DEFAULT false,
         "date_mode" character varying NOT NULL,
         "start_at" timestamptz NULL,
         "end_at" timestamptz NULL,
         "anchor" character varying NULL,
         "start_offset_days" bigint NULL,
         "duration_days" bigint NULL,
         "plan_id" uuid NOT NULL,
         "organization_id" uuid NOT NULL,
         PRIMARY KEY ("id"),
         CONSTRAINT "assignment_cycles_assignment_plans_plan" FOREIGN KEY ("plan_id") REFERENCES "assignment_plans" ("id") ON UPDATE NO ACTION ON DELETE CASCADE,
         CONSTRAINT "assignment_cycles_organizations_organization" FOREIGN KEY ("organization_id") REFERENCES "organizations" ("id") ON UPDATE NO ACTION ON DELETE NO ACTION
       );
    -> CREATE INDEX "cycle_organization_id" ON "assignment_cycles" ("organization_id");
    -> CREATE INDEX "cycle_plan_id" ON "assignment_cycles" ("plan_id");
    -> CREATE TABLE "assignment_plan_items" (
         "id" uuid NOT NULL DEFAULT gen_random_uuid(),
         "created_at" timestamptz NOT NULL DEFAULT now(),
         "updated_at" timestamptz NOT NULL DEFAULT now(),
         "order_index" bigint NULL,
         "resource_type" character varying NOT NULL,
         "resource_id" uuid NOT NULL,
         "cycle_id" uuid NOT NULL,
         "organization_id" uuid NOT NULL,
         PRIMARY KEY ("id"),
         CONSTRAINT "assignment_plan_items_assignment_cycles_cycle" FOREIGN KEY ("cycle_id") REFERENCES "assignment_cycles" ("id") ON UPDATE NO ACTION ON DELETE CASCADE,
         CONSTRAINT "assignment_plan_items_organizations_organization" FOREIGN KEY ("organization_id") REFERENCES "organizations" ("id") ON UPDATE NO ACTION ON DELETE NO ACTION
       );
    -> CREATE INDEX "planitem_cycle_id" ON "assignment_plan_items" ("cycle_id");
    -> CREATE INDEX "planitem_organization_id" ON "assignment_plan_items" ("organization_id");
    -> CREATE INDEX "planitem_resource_type_resource_id" ON "assignment_plan_items" ("resource_type", "resource_id");
    -> ALTER TABLE "organization_assignments" ADD COLUMN "window_start" timestamptz NULL, ADD COLUMN "window_end" timestamptz NULL, ADD COLUMN "progress_status" character varying NULL, ADD COLUMN "removed_at" timestamptz NULL, ADD COLUMN "plan_id" uuid NULL, ADD COLUMN "cycle_id" uuid NULL, ADD COLUMN "plan_item_id" uuid NULL, ADD COLUMN "enrollment_id" uuid NULL, ADD COLUMN "source_target_id" uuid NULL, ADD CONSTRAINT "organization_assignments_assignment_plan_enrollments_enrollment" FOREIGN KEY ("enrollment_id") REFERENCES "assignment_plan_enrollments" ("id") ON UPDATE NO ACTION ON DELETE SET NULL, ADD CONSTRAINT "organization_assignments_assignment_plans_plan" FOREIGN KEY ("plan_id") REFERENCES "assignment_plans" ("id") ON UPDATE NO ACTION ON DELETE SET NULL, ADD CONSTRAINT "organization_assignments_assignment_targets_source_target" FOREIGN KEY ("source_target_id") REFERENCES "assignment_targets" ("id") ON UPDATE NO ACTION ON DELETE SET NULL, ADD CONSTRAINT "organization_assignments_assignment_cycles_cycle" FOREIGN KEY ("cycle_id") REFERENCES "assignment_cycles" ("id") ON UPDATE NO ACTION ON DELETE SET NULL, ADD CONSTRAINT "organization_assignments_assignment_plan_items_plan_item" FOREIGN KEY ("plan_item_id") REFERENCES "assignment_plan_items" ("id") ON UPDATE NO ACTION ON DELETE SET NULL;
    -> CREATE INDEX "organizationassignment_enrollment_id" ON "organization_assignments" ("enrollment_id");
    -> CREATE INDEX "organizationassignment_plan_id" ON "organization_assignments" ("plan_id");
  -- ok (48.524875ms)

  -- migrating version 20260722161035
    -> CREATE INDEX "assignmentplanenrollment_source_target_id" ON "assignment_plan_enrollments" ("source_target_id");
    -> CREATE INDEX "organizationassignment_cycle_id" ON "organization_assignments" ("cycle_id");
    -> CREATE INDEX "organizationassignment_plan_item_id" ON "organization_assignments" ("plan_item_id");
    -> CREATE INDEX "organizationassignment_source_target_id" ON "organization_assignments" ("source_target_id");
  -- ok (4.675ms)

  -- migrating version 20260723135139
    -> CREATE INDEX "assignmenttargetmember_membership_id" ON "assignment_target_members" ("membership_id");
    -> CREATE INDEX "assignmenttargettag_tag_id" ON "assignment_target_tags" ("tag_id");
  -- ok (3.244667ms)

  -- migrating version 20260724132049
    -> CREATE TABLE "similarities" (
         "id" uuid NOT NULL DEFAULT gen_random_uuid(),
         "created_at" timestamptz NOT NULL DEFAULT now(),
         "updated_at" timestamptz NOT NULL DEFAULT now(),
         "organization_id" uuid NULL,
         "small_embedding3" extensions.vector(1536) NULL,
         "directus_created_at" timestamptz NOT NULL DEFAULT now(),
         "directus_updated_at" timestamptz NULL,
         "entity_id" uuid NOT NULL,
         "entity_type" character varying NOT NULL,
         "duration" bigint NULL,
         "simulation_type" character varying NULL,
         "library_category" character varying NULL,
         "library_categories" jsonb NULL,
         PRIMARY KEY ("id")
       );
    -> CREATE UNIQUE INDEX "similarities_entity_id_key" ON "similarities" ("entity_id");
    -> CREATE INDEX "similarity_organization_id" ON "similarities" ("organization_id");
    -> CREATE TABLE "studio_documents" (
         "id" uuid NOT NULL DEFAULT gen_random_uuid(),
         "created_at" timestamptz NOT NULL DEFAULT now(),
         "updated_at" timestamptz NOT NULL DEFAULT now(),
         "organization_id" uuid NULL,
         "storage_document_id" uuid NOT NULL,
         "name" character varying NOT NULL,
         "content_type" character varying NOT NULL,
         "markdown" text NULL,
         "tokens" bigint NULL,
         PRIMARY KEY ("id")
       );
    -> CREATE INDEX "studiodocument_organization_id" ON "studio_documents" ("organization_id");
    -> CREATE TABLE "studio_tasks" (
         "id" uuid NOT NULL DEFAULT gen_random_uuid(),
         "created_at" timestamptz NOT NULL DEFAULT now(),
         "updated_at" timestamptz NOT NULL DEFAULT now(),
         "organization_id" uuid NULL,
         "user_id" uuid NULL,
         "asynq_task_id" character varying NOT NULL,
         "simulation_id" uuid NULL,
         "started_at" timestamptz NULL,
         "last_retry_at" timestamptz NULL,
         "ended_at" timestamptz NULL,
         "status" character varying NOT NULL DEFAULT 'pending',
         "updates" character varying NULL,
         "generation_parameters" character varying NULL,
         "title" character varying NULL,
         "description" character varying NULL,
         "retries" bigint NOT NULL DEFAULT 0,
         "error_message" character varying NULL,
         "task_hash" character varying NOT NULL,
         PRIMARY KEY ("id")
       );
    -> CREATE UNIQUE INDEX "studio_tasks_asynq_task_id_key" ON "studio_tasks" ("asynq_task_id");
    -> CREATE UNIQUE INDEX "studio_tasks_task_hash_key" ON "studio_tasks" ("task_hash");
    -> CREATE INDEX "studiotask_organization_id" ON "studio_tasks" ("organization_id");
    -> CREATE UNIQUE INDEX "studiotask_simulation_id" ON "studio_tasks" ("simulation_id") WHERE (simulation_id IS NOT NULL);
    -> CREATE UNIQUE INDEX "studiotask_task_hash" ON "studio_tasks" ("task_hash");
    -> CREATE INDEX "studiotask_user_id" ON "studio_tasks" ("user_id");
    -> CREATE TABLE "similarity_categories" (
         "id" uuid NOT NULL DEFAULT gen_random_uuid(),
         "library_macro_category_id" uuid NULL,
         "library_category_id" uuid NOT NULL,
         "entity_id" uuid NOT NULL,
         PRIMARY KEY ("id"),
         CONSTRAINT "similarity_categories_similarities_entity" FOREIGN KEY ("entity_id") REFERENCES "similarities" ("id") ON UPDATE NO ACTION ON DELETE CASCADE
       );
    -> CREATE INDEX "similaritycategory_library_category_id" ON "similarity_categories" ("library_category_id");
    -> CREATE INDEX "similaritycategory_library_category_id_entity_id" ON "similarity_categories" ("library_category_id", "entity_id");
    -> CREATE TABLE "similarity_features" (
         "id" uuid NOT NULL DEFAULT gen_random_uuid(),
         "chat" boolean NOT NULL DEFAULT false,
         "voice" boolean NOT NULL DEFAULT false,
         "code" boolean NOT NULL DEFAULT false,
         "doc" boolean NOT NULL DEFAULT false,
         "collaborative_doc" boolean NOT NULL DEFAULT false,
         "entity_id" uuid NOT NULL,
         PRIMARY KEY ("id"),
         CONSTRAINT "similarity_features_similarities_entity" FOREIGN KEY ("entity_id") REFERENCES "similarities" ("id") ON UPDATE NO ACTION ON DELETE CASCADE
       );
    -> CREATE INDEX "similarityfeatures_entity_id" ON "similarity_features" ("entity_id");
    -> CREATE TABLE "similarity_skills" (
         "id" uuid NOT NULL DEFAULT gen_random_uuid(),
         "skill_id" character varying NOT NULL,
         "entity_id" uuid NOT NULL,
         PRIMARY KEY ("id"),
         CONSTRAINT "similarity_skills_similarities_entity" FOREIGN KEY ("entity_id") REFERENCES "similarities" ("id") ON UPDATE NO ACTION ON DELETE CASCADE
       );
    -> CREATE INDEX "similarityskill_skill_id" ON "similarity_skills" ("skill_id");
    -> CREATE INDEX "similarityskill_skill_id_entity_id" ON "similarity_skills" ("skill_id", "entity_id");
  -- ok (28.76975ms)

  -- migrating version 20260724164346
    -> ALTER TABLE "ai_readiness_cycles" ADD COLUMN "frozen_how_we_measure" jsonb NULL;
  -- ok (767.875µs)

  -- migrating version 20260728103254
    -> ALTER TABLE "ai_readiness_snapshots" ADD COLUMN "frozen_matched" jsonb NULL, ADD COLUMN "frozen_sources" jsonb NULL;
  -- ok (940.208µs)

  -- migrating version 20260729133514
    -> ALTER TABLE "organization_assignment_sessions"
         DROP CONSTRAINT "organization_assignment_sessions_local_jobsimulation_sessions_j",
         DROP CONSTRAINT "organization_assignment_sessions_local_skill_path_sessions_sess";
    -> ALTER TABLE "personal_assignment_sessions"
         DROP CONSTRAINT "personal_assignment_sessions_local_skill_path_sessions_session";
    -> UPDATE "organization_assignment_sessions" oas
       SET "session_id" = l."skill_path_session_id"
       FROM "local_skill_path_sessions" l
       WHERE oas."session_id" = l."id";
    -> UPDATE "organization_assignment_sessions" oas
       SET "js_session_id" = l."jobsimulation_session_id"
       FROM "local_jobsimulation_sessions" l
       WHERE oas."js_session_id" = l."id";
    -> DELETE FROM "organization_assignment_sessions" oas
       WHERE (oas."session_id" IS NULL
              OR NOT EXISTS (SELECT 1 FROM "skill_path_sessions" s WHERE s."id" = oas."session_id"))
         AND (oas."js_session_id" IS NULL
              OR NOT EXISTS (SELECT 1 FROM "job_simulation_sessions" j WHERE j."id" = oas."js_session_id"));
    -> UPDATE "organization_assignment_sessions" oas
       SET "session_id" = NULL
       WHERE oas."session_id" IS NOT NULL
         AND NOT EXISTS (SELECT 1 FROM "skill_path_sessions" s WHERE s."id" = oas."session_id");
    -> UPDATE "organization_assignment_sessions" oas
       SET "js_session_id" = NULL
       WHERE oas."js_session_id" IS NOT NULL
         AND NOT EXISTS (SELECT 1 FROM "job_simulation_sessions" s WHERE s."id" = oas."js_session_id");
    -> DELETE FROM "personal_assignment_sessions";
    -> ALTER TABLE "organization_assignment_sessions"
         ADD CONSTRAINT "organization_assignment_sessions_job_simulation_sessions_js_ses" FOREIGN KEY ("js_session_id") REFERENCES "job_simulation_sessions" ("id") ON UPDATE NO ACTION ON DELETE CASCADE,
         ADD CONSTRAINT "organization_assignment_sessions_skill_path_sessions_session" FOREIGN KEY ("session_id") REFERENCES "skill_path_sessions" ("id") ON UPDATE NO ACTION ON DELETE CASCADE;
    -> ALTER TABLE "personal_assignment_sessions"
         ADD CONSTRAINT "personal_assignment_sessions_skill_path_sessions_session" FOREIGN KEY ("session_id") REFERENCES "skill_path_sessions" ("id") ON UPDATE NO ACTION ON DELETE NO ACTION;
    -> DROP TABLE "local_jobsimulation_sessions";
    -> DROP TABLE "local_skill_path_sessions";
    -> DROP FUNCTION IF EXISTS on_insert_local_jobsimulation_sessions_update_memberships() CASCADE;
  -- ok (13.146667ms)

  -- migrating version 20260731131307
    -> ALTER TABLE "course_builder_sessions" ADD COLUMN "brief" text NOT NULL DEFAULT '', ADD COLUMN "credits_spent" bigint NOT NULL DEFAULT 0;
  -- ok (1.227042ms)

  -- migrating version 20260731154527
    -> ALTER TABLE "academy_chapter_progresses" ADD COLUMN "completed_at" timestamptz NULL;
    -> UPDATE "academy_chapter_progresses"
       SET "completed_at" = "updated_at"
       WHERE "completed_at" IS NULL
         AND "total_modules" > 0
         AND jsonb_array_length("completed_modules") >= "total_modules";
  -- ok (1.808917ms)

  -- migrating version 20260803143844
    -> DROP INDEX "air_reco_org_user_cycle_uq";
    -> ALTER TABLE "ai_readiness_recommendations" ADD COLUMN "ordinal" bigint NOT NULL DEFAULT 0, ADD COLUMN "path_size" bigint NOT NULL DEFAULT 0;
    -> CREATE UNIQUE INDEX "air_reco_org_user_cycle_ord_uq" ON "ai_readiness_recommendations" ("organization_id", "user_id", "cycle_ref", "ordinal");
  -- ok (2.6185ms)

  -- migrating version 20260804150000
    -> ALTER TABLE "assignment_plans" ADD COLUMN "source_ref" character varying NULL;
    -> CREATE INDEX "assignmentplan_organization_id_source_ref" ON "assignment_plans" ("organization_id", "source_ref");
  -- ok (1.939875ms)

  -- migrating version 20260804160000
    -> CREATE TABLE "assignment_notification_logs" (
         "id" uuid NOT NULL DEFAULT gen_random_uuid(),
         "created_at" timestamptz NOT NULL DEFAULT now(),
         "notification_kind" character varying NOT NULL,
         "reminder_slot" bigint NOT NULL,
         "sent_at" timestamptz NOT NULL,
         "organization_id" uuid NOT NULL,
         "plan_id" uuid NOT NULL,
         "enrollment_id" uuid NOT NULL,
         "membership_id" uuid NOT NULL,
         PRIMARY KEY ("id"),
         CONSTRAINT "assignment_notification_logs_assignment_plan_enrollments_enrollment" FOREIGN KEY ("enrollment_id") REFERENCES "assignment_plan_enrollments" ("id") ON UPDATE NO ACTION ON DELETE CASCADE,
         CONSTRAINT "assignment_notification_logs_assignment_plans_plan" FOREIGN KEY ("plan_id") REFERENCES "assignment_plans" ("id") ON UPDATE NO ACTION ON DELETE CASCADE,
         CONSTRAINT "assignment_notification_logs_memberships_membership" FOREIGN KEY ("membership_id") REFERENCES "memberships" ("id") ON UPDATE NO ACTION ON DELETE CASCADE,
         CONSTRAINT "assignment_notification_logs_organizations_organization" FOREIGN KEY ("organization_id") REFERENCES "organizations" ("id") ON UPDATE NO ACTION ON DELETE CASCADE
       );
    -> CREATE UNIQUE INDEX "assign_notif_enroll_kind_slot_uq" ON "assignment_notification_logs" ("enrollment_id", "notification_kind", "reminder_slot");
    -> CREATE INDEX "assignmentnotificationlog_membership_id_sent_at" ON "assignment_notification_logs" ("membership_id", "sent_at" DESC);
    -> CREATE INDEX "assignmentnotificationlog_organization_id" ON "assignment_notification_logs" ("organization_id");
    -> CREATE INDEX "assignmentnotificationlog_plan_id" ON "assignment_notification_logs" ("plan_id");
  -- ok (8.108667ms)

  -------------------------
  -- 2.146555166s
  -- 172 migrations
  -- 835 sql statements

MIGRATE_EXIT=0
